,name,timestamp,metric,value,unit
0,NSW1,2025-10-04 19:00:00+10:00,price,102.59917,$/MWh
1,NSW1,2025-10-04 20:00:00+10:00,price,79.103333,$/MWh
2,NSW1,2025-10-04 21:00:00+10:00,price,72.913333,$/MWh
3,NSW1,2025-10-04 22:00:00+10:00,price,75.589167,$/MWh
4,NSW1,2025-10-04 23:00:00+10:00,price,79.1275,$/MWh
5,NSW1,2025-10-05 00:00:00+10:00,price,83.485,$/MWh
6,NSW1,2025-10-05 01:00:00+10:00,price,83.929167,$/MWh
7,NSW1,2025-10-05 02:00:00+10:00,price,76.21,$/MWh
8,NSW1,2025-10-05 03:00:00+10:00,price,71.116667,$/MWh
9,NSW1,2025-10-05 04:00:00+10:00,price,67.096364,$/MWh
10,NSW1,2025-10-05 05:00:00+10:00,price,64.496364,$/MWh
11,NSW1,2025-10-05 06:00:00+10:00,price,-4.671,$/MWh
12,NSW1,2025-10-05 07:00:00+10:00,price,-21.199167,$/MWh
13,NSW1,2025-10-05 08:00:00+10:00,price,-31.360909,$/MWh
14,NSW1,2025-10-05 09:00:00+10:00,price,-34.827273,$/MWh
15,NSW1,2025-10-05 10:00:00+10:00,price,-33.407273,$/MWh
16,NSW1,2025-10-05 11:00:00+10:00,price,-30.319091,$/MWh
17,NSW1,2025-10-05 12:00:00+10:00,price,-36.338,$/MWh
18,NSW1,2025-10-05 13:00:00+10:00,price,-35.893,$/MWh
19,NSW1,2025-10-05 14:00:00+10:00,price,-20.143333,$/MWh
20,NSW1,2025-10-05 15:00:00+10:00,price,-9.9336364,$/MWh
21,NSW1,2025-10-05 16:00:00+10:00,price,15.651667,$/MWh
22,NSW1,2025-10-05 17:00:00+10:00,price,71.524545,$/MWh
23,NSW1,2025-10-05 18:00:00+10:00,price,70.216364,$/MWh
24,NSW1,2025-10-05 19:00:00+10:00,price,65.456667,$/MWh
25,NSW1,2025-10-05 20:00:00+10:00,price,55.991667,$/MWh
26,NSW1,2025-10-05 21:00:00+10:00,price,61.559167,$/MWh
27,NSW1,2025-10-05 22:00:00+10:00,price,58.170833,$/MWh
28,NSW1,2025-10-05 23:00:00+10:00,price,45.171667,$/MWh
29,NSW1,2025-10-06 00:00:00+10:00,price,36.4475,$/MWh
30,NSW1,2025-10-06 01:00:00+10:00,price,35.069167,$/MWh
31,NSW1,2025-10-06 02:00:00+10:00,price,32.0475,$/MWh
32,NSW1,2025-10-06 03:00:00+10:00,price,34.910833,$/MWh
33,NSW1,2025-10-06 04:00:00+10:00,price,23.03,$/MWh
34,NSW1,2025-10-06 05:00:00+10:00,price,36.223333,$/MWh
35,NSW1,2025-10-06 06:00:00+10:00,price,27.559167,$/MWh
36,NSW1,2025-10-06 07:00:00+10:00,price,15.588333,$/MWh
37,NSW1,2025-10-06 08:00:00+10:00,price,-4.7541667,$/MWh
38,NSW1,2025-10-06 09:00:00+10:00,price,-6.9633333,$/MWh
39,NSW1,2025-10-06 10:00:00+10:00,price,-14.76,$/MWh
40,NSW1,2025-10-06 11:00:00+10:00,price,-21.1925,$/MWh
41,NSW1,2025-10-06 12:00:00+10:00,price,-19.06,$/MWh
42,NSW1,2025-10-06 13:00:00+10:00,price,-12.174167,$/MWh
43,NSW1,2025-10-06 14:00:00+10:00,price,46.4375,$/MWh
44,NSW1,2025-10-06 15:00:00+10:00,price,59.871667,$/MWh
45,NSW1,2025-10-06 16:00:00+10:00,price,86.9675,$/MWh
46,NSW1,2025-10-06 17:00:00+10:00,price,104.41833,$/MWh
47,NSW1,2025-10-06 18:00:00+10:00,price,121.77667,$/MWh
48,NSW1,2025-10-06 19:00:00+10:00,price,112.065,$/MWh
49,NSW1,2025-10-06 20:00:00+10:00,price,118.49,$/MWh
50,NSW1,2025-10-06 21:00:00+10:00,price,134.565,$/MWh
51,NSW1,2025-10-06 22:00:00+10:00,price,142.96083,$/MWh
52,NSW1,2025-10-06 23:00:00+10:00,price,156.78083,$/MWh
53,NSW1,2025-10-07 00:00:00+10:00,price,164.9675,$/MWh
54,NSW1,2025-10-07 01:00:00+10:00,price,152.73833,$/MWh
55,NSW1,2025-10-07 02:00:00+10:00,price,126.245,$/MWh
56,NSW1,2025-10-07 03:00:00+10:00,price,138.6425,$/MWh
57,NSW1,2025-10-07 04:00:00+10:00,price,164.35833,$/MWh
58,NSW1,2025-10-07 05:00:00+10:00,price,207.05583,$/MWh
59,NSW1,2025-10-07 06:00:00+10:00,price,212.26083,$/MWh
60,NSW1,2025-10-07 07:00:00+10:00,price,105.075,$/MWh
61,NSW1,2025-10-07 08:00:00+10:00,price,71.820833,$/MWh
62,NSW1,2025-10-07 09:00:00+10:00,price,65.670833,$/MWh
63,NSW1,2025-10-07 10:00:00+10:00,price,60.390833,$/MWh
64,NSW1,2025-10-07 11:00:00+10:00,price,36.381667,$/MWh
65,NSW1,2025-10-07 12:00:00+10:00,price,52.608333,$/MWh
66,NSW1,2025-10-07 13:00:00+10:00,price,57.653333,$/MWh
67,NSW1,2025-10-07 14:00:00+10:00,price,61.868333,$/MWh
68,NSW1,2025-10-07 15:00:00+10:00,price,74.549167,$/MWh
69,NSW1,2025-10-07 16:00:00+10:00,price,78.489167,$/MWh
70,NSW1,2025-10-07 17:00:00+10:00,price,111.41417,$/MWh
71,NSW1,2025-10-07 18:00:00+10:00,price,134.9575,$/MWh
72,NSW1,2025-10-07 19:00:00+10:00,price,138.2725,$/MWh
73,NSW1,2025-10-07 20:00:00+10:00,price,136.36667,$/MWh
74,NSW1,2025-10-07 21:00:00+10:00,price,162.54417,$/MWh
75,NSW1,2025-10-07 22:00:00+10:00,price,144.26583,$/MWh
76,NSW1,2025-10-07 23:00:00+10:00,price,115.07917,$/MWh
77,NSW1,2025-10-08 00:00:00+10:00,price,94.465,$/MWh
78,NSW1,2025-10-08 01:00:00+10:00,price,84.431667,$/MWh
79,NSW1,2025-10-08 02:00:00+10:00,price,75.185,$/MWh
80,NSW1,2025-10-08 03:00:00+10:00,price,73.729167,$/MWh
81,NSW1,2025-10-08 04:00:00+10:00,price,87.864167,$/MWh
82,NSW1,2025-10-08 05:00:00+10:00,price,110.66417,$/MWh
83,NSW1,2025-10-08 06:00:00+10:00,price,98.758333,$/MWh
84,NSW1,2025-10-08 07:00:00+10:00,price,15.839167,$/MWh
85,NSW1,2025-10-08 08:00:00+10:00,price,-2.4441667,$/MWh
86,NSW1,2025-10-08 09:00:00+10:00,price,-7.2916667,$/MWh
87,NSW1,2025-10-08 10:00:00+10:00,price,-12.389167,$/MWh
88,NSW1,2025-10-08 11:00:00+10:00,price,-18.288333,$/MWh
89,NSW1,2025-10-08 12:00:00+10:00,price,-13.1525,$/MWh
90,NSW1,2025-10-08 13:00:00+10:00,price,-0.17166667,$/MWh
91,NSW1,2025-10-08 14:00:00+10:00,price,48.01,$/MWh
92,NSW1,2025-10-08 15:00:00+10:00,price,98.085,$/MWh
93,NSW1,2025-10-08 16:00:00+10:00,price,90.070833,$/MWh
94,NSW1,2025-10-08 17:00:00+10:00,price,183.37833,$/MWh
95,NSW1,2025-10-08 18:00:00+10:00,price,41.200833,$/MWh
96,NSW1,2025-10-08 19:00:00+10:00,price,87.251667,$/MWh
97,NSW1,2025-10-08 20:00:00+10:00,price,79.794167,$/MWh
98,NSW1,2025-10-08 21:00:00+10:00,price,59.709167,$/MWh
99,NSW1,2025-10-08 22:00:00+10:00,price,67.550833,$/MWh
100,NSW1,2025-10-08 23:00:00+10:00,price,59.693333,$/MWh
101,NSW1,2025-10-09 00:00:00+10:00,price,41.918333,$/MWh
102,NSW1,2025-10-09 01:00:00+10:00,price,37.943333,$/MWh
103,NSW1,2025-10-09 02:00:00+10:00,price,38.715833,$/MWh
104,NSW1,2025-10-09 03:00:00+10:00,price,49.083333,$/MWh
105,NSW1,2025-10-09 04:00:00+10:00,price,62.0375,$/MWh
106,NSW1,2025-10-09 05:00:00+10:00,price,65.695833,$/MWh
107,NSW1,2025-10-09 06:00:00+10:00,price,87.223333,$/MWh
108,NSW1,2025-10-09 07:00:00+10:00,price,83.296667,$/MWh
109,NSW1,2025-10-09 08:00:00+10:00,price,181.70583,$/MWh
110,NSW1,2025-10-09 09:00:00+10:00,price,178.66,$/MWh
111,NSW1,2025-10-09 10:00:00+10:00,price,232.55667,$/MWh
112,NSW1,2025-10-09 11:00:00+10:00,price,111.00083,$/MWh
113,NSW1,2025-10-09 12:00:00+10:00,price,62.918333,$/MWh
114,NSW1,2025-10-09 13:00:00+10:00,price,133.99167,$/MWh
115,NSW1,2025-10-09 14:00:00+10:00,price,168.395,$/MWh
116,NSW1,2025-10-09 15:00:00+10:00,price,225.61417,$/MWh
117,NSW1,2025-10-09 16:00:00+10:00,price,267.68667,$/MWh
118,NSW1,2025-10-09 17:00:00+10:00,price,263.33583,$/MWh
119,NSW1,2025-10-09 18:00:00+10:00,price,162.69667,$/MWh
120,NSW1,2025-10-09 19:00:00+10:00,price,104.71583,$/MWh
121,NSW1,2025-10-09 20:00:00+10:00,price,108.5075,$/MWh
122,NSW1,2025-10-09 21:00:00+10:00,price,102.47,$/MWh
123,NSW1,2025-10-09 22:00:00+10:00,price,95.3725,$/MWh
124,NSW1,2025-10-09 23:00:00+10:00,price,85.039167,$/MWh
125,NSW1,2025-10-10 00:00:00+10:00,price,93.888333,$/MWh
126,NSW1,2025-10-10 01:00:00+10:00,price,84.536667,$/MWh
127,NSW1,2025-10-10 02:00:00+10:00,price,70.525833,$/MWh
128,NSW1,2025-10-10 03:00:00+10:00,price,72.158333,$/MWh
129,NSW1,2025-10-10 04:00:00+10:00,price,83.561667,$/MWh
130,NSW1,2025-10-10 05:00:00+10:00,price,96.2975,$/MWh
131,NSW1,2025-10-10 06:00:00+10:00,price,50.0925,$/MWh
132,NSW1,2025-10-10 07:00:00+10:00,price,23.355,$/MWh
133,NSW1,2025-10-10 08:00:00+10:00,price,-7.5875,$/MWh
134,NSW1,2025-10-10 09:00:00+10:00,price,-15.261667,$/MWh
135,NSW1,2025-10-10 10:00:00+10:00,price,-0.1425,$/MWh
136,NSW1,2025-10-10 11:00:00+10:00,price,2.2025,$/MWh
137,NSW1,2025-10-10 12:00:00+10:00,price,108.17667,$/MWh
138,NSW1,2025-10-10 13:00:00+10:00,price,9.595,$/MWh
139,NSW1,2025-10-10 14:00:00+10:00,price,0.385,$/MWh
140,NSW1,2025-10-10 15:00:00+10:00,price,-70.7325,$/MWh
141,NSW1,2025-10-10 16:00:00+10:00,price,12.381667,$/MWh
142,NSW1,2025-10-10 17:00:00+10:00,price,1981.2217,$/MWh
143,NSW1,2025-10-10 18:00:00+10:00,price,50.814167,$/MWh
144,NSW1,2025-10-10 19:00:00+10:00,price,111.14417,$/MWh
145,NSW1,2025-10-10 20:00:00+10:00,price,111.65,$/MWh
146,NSW1,2025-10-10 21:00:00+10:00,price,93.2975,$/MWh
147,NSW1,2025-10-10 22:00:00+10:00,price,98.2725,$/MWh
148,NSW1,2025-10-10 23:00:00+10:00,price,70.565,$/MWh
149,NSW1,2025-10-11 00:00:00+10:00,price,75.495,$/MWh
150,NSW1,2025-10-11 01:00:00+10:00,price,61.03,$/MWh
151,NSW1,2025-10-11 02:00:00+10:00,price,29.920833,$/MWh
152,NSW1,2025-10-11 03:00:00+10:00,price,36.840833,$/MWh
153,NSW1,2025-10-11 04:00:00+10:00,price,51.360833,$/MWh
154,NSW1,2025-10-11 05:00:00+10:00,price,56.483333,$/MWh
155,NSW1,2025-10-11 06:00:00+10:00,price,3.925,$/MWh
156,NSW1,2025-10-11 07:00:00+10:00,price,-10.145833,$/MWh
157,NSW1,2025-10-11 08:00:00+10:00,price,-12.134167,$/MWh
158,NSW1,2025-10-11 09:00:00+10:00,price,-23.115833,$/MWh
159,NSW1,2025-10-11 10:00:00+10:00,price,-30.033333,$/MWh
160,NSW1,2025-10-11 11:00:00+10:00,price,-34.146667,$/MWh
161,NSW1,2025-10-11 12:00:00+10:00,price,-34.326667,$/MWh
162,NSW1,2025-10-11 13:00:00+10:00,price,-30.663333,$/MWh
163,NSW1,2025-10-11 14:00:00+10:00,price,-23.009167,$/MWh
164,NSW1,2025-10-11 15:00:00+10:00,price,-17.1125,$/MWh
165,NSW1,2025-10-11 16:00:00+10:00,price,2.3075,$/MWh
166,NSW1,2025-10-11 17:00:00+10:00,price,74.085,$/MWh
167,NSW1,2025-10-11 18:00:00+10:00,price,151.925,$/MWh
168,NSW1,2025-10-11 19:00:00+10:00,price,91.445,$/MWh
169,NSW1,2025-10-11 20:00:00+10:00,price,84.5975,$/MWh
170,NSW1,2025-10-11 21:00:00+10:00,price,84.5775,$/MWh
171,NSW1,2025-10-11 22:00:00+10:00,price,95.105,$/MWh
172,NSW1,2025-10-11 23:00:00+10:00,price,86.276667,$/MWh
173,NSW1,2025-10-12 00:00:00+10:00,price,65.838333,$/MWh
174,NSW1,2025-10-12 01:00:00+10:00,price,67.9125,$/MWh
175,NSW1,2025-10-12 02:00:00+10:00,price,69.923333,$/MWh
176,NSW1,2025-10-12 03:00:00+10:00,price,67.18,$/MWh
177,NSW1,2025-10-12 04:00:00+10:00,price,72.209167,$/MWh
178,NSW1,2025-10-12 05:00:00+10:00,price,81.205455,$/MWh
179,NSW1,2025-10-12 06:00:00+10:00,price,22.9975,$/MWh
180,NSW1,2025-10-12 07:00:00+10:00,price,-6.4091667,$/MWh
181,NSW1,2025-10-12 08:00:00+10:00,price,-2.8516667,$/MWh
182,NSW1,2025-10-12 09:00:00+10:00,price,-8.9125,$/MWh
183,NSW1,2025-10-12 10:00:00+10:00,price,-11.205,$/MWh
184,NSW1,2025-10-12 11:00:00+10:00,price,-12.779167,$/MWh
185,NSW1,2025-10-12 12:00:00+10:00,price,16.090833,$/MWh
186,NSW1,2025-10-12 13:00:00+10:00,price,42.5,$/MWh
187,NSW1,2025-10-12 14:00:00+10:00,price,55.213333,$/MWh
188,NSW1,2025-10-12 15:00:00+10:00,price,79.6525,$/MWh
189,NSW1,2025-10-12 16:00:00+10:00,price,91.383333,$/MWh
190,NSW1,2025-10-12 17:00:00+10:00,price,80.1,$/MWh
191,NSW1,2025-10-12 18:00:00+10:00,price,117.02833,$/MWh
192,NSW1,2025-10-12 19:00:00+10:00,price,111.3625,$/MWh
193,NSW1,2025-10-12 20:00:00+10:00,price,109.5825,$/MWh
194,NSW1,2025-10-12 21:00:00+10:00,price,89.221667,$/MWh
195,NSW1,2025-10-12 22:00:00+10:00,price,99.993333,$/MWh
196,NSW1,2025-10-12 23:00:00+10:00,price,100.8,$/MWh
197,NSW1,2025-10-13 00:00:00+10:00,price,96.924167,$/MWh
198,NSW1,2025-10-13 01:00:00+10:00,price,102.465,$/MWh
199,NSW1,2025-10-13 02:00:00+10:00,price,101.67333,$/MWh
200,NSW1,2025-10-13 03:00:00+10:00,price,113.03583,$/MWh
201,NSW1,2025-10-13 04:00:00+10:00,price,111.95333,$/MWh
202,NSW1,2025-10-13 05:00:00+10:00,price,176.37833,$/MWh
203,NSW1,2025-10-13 06:00:00+10:00,price,45.715833,$/MWh
204,NSW1,2025-10-13 07:00:00+10:00,price,-12.390833,$/MWh
205,NSW1,2025-10-13 08:00:00+10:00,price,-10.840833,$/MWh
206,NSW1,2025-10-13 09:00:00+10:00,price,-24.714167,$/MWh
207,NSW1,2025-10-13 10:00:00+10:00,price,-21.661667,$/MWh
208,NSW1,2025-10-13 11:00:00+10:00,price,-12.225833,$/MWh
209,NSW1,2025-10-13 12:00:00+10:00,price,-12.636667,$/MWh
210,NSW1,2025-10-13 13:00:00+10:00,price,-18.169167,$/MWh
211,NSW1,2025-10-13 14:00:00+10:00,price,-16.115,$/MWh
212,NSW1,2025-10-13 15:00:00+10:00,price,-12.921667,$/MWh
213,NSW1,2025-10-13 16:00:00+10:00,price,-12.734167,$/MWh
214,NSW1,2025-10-13 17:00:00+10:00,price,158.80667,$/MWh
215,NSW1,2025-10-13 18:00:00+10:00,price,190.8875,$/MWh
216,NSW1,2025-10-13 19:00:00+10:00,price,168.01917,$/MWh
217,NSW1,2025-10-13 20:00:00+10:00,price,152.70917,$/MWh
218,NSW1,2025-10-13 21:00:00+10:00,price,124.3675,$/MWh
219,NSW1,2025-10-13 22:00:00+10:00,price,124.62833,$/MWh
220,NSW1,2025-10-13 23:00:00+10:00,price,106.78333,$/MWh
221,NSW1,2025-10-14 00:00:00+10:00,price,86.365833,$/MWh
222,NSW1,2025-10-14 01:00:00+10:00,price,69.47,$/MWh
223,NSW1,2025-10-14 02:00:00+10:00,price,57.749167,$/MWh
224,NSW1,2025-10-14 03:00:00+10:00,price,60.894167,$/MWh
225,NSW1,2025-10-14 04:00:00+10:00,price,83.494167,$/MWh
226,NSW1,2025-10-14 05:00:00+10:00,price,114.3175,$/MWh
227,NSW1,2025-10-14 06:00:00+10:00,price,35.491818,$/MWh
228,NSW1,2025-10-14 07:00:00+10:00,price,-1.2883333,$/MWh
229,NSW1,2025-10-14 08:00:00+10:00,price,-9.8666667,$/MWh
230,NSW1,2025-10-14 09:00:00+10:00,price,-11.410833,$/MWh
231,NSW1,2025-10-14 10:00:00+10:00,price,-18.794167,$/MWh
232,NSW1,2025-10-14 11:00:00+10:00,price,-21.149167,$/MWh
233,NSW1,2025-10-14 12:00:00+10:00,price,-26.745833,$/MWh
234,NSW1,2025-10-14 13:00:00+10:00,price,-24.945,$/MWh
235,NSW1,2025-10-14 14:00:00+10:00,price,-15.499167,$/MWh
236,NSW1,2025-10-14 15:00:00+10:00,price,-18.985,$/MWh
237,NSW1,2025-10-14 16:00:00+10:00,price,-13.548333,$/MWh
238,NSW1,2025-10-14 17:00:00+10:00,price,106.79,$/MWh
239,NSW1,2025-10-14 18:00:00+10:00,price,168.72833,$/MWh
240,NSW1,2025-10-14 19:00:00+10:00,price,151.25667,$/MWh
241,NSW1,2025-10-14 20:00:00+10:00,price,155.97333,$/MWh
242,NSW1,2025-10-14 21:00:00+10:00,price,159.93,$/MWh
243,NSW1,2025-10-14 22:00:00+10:00,price,159.55667,$/MWh
244,NSW1,2025-10-14 23:00:00+10:00,price,178.00917,$/MWh
245,NSW1,2025-10-15 00:00:00+10:00,price,171.90583,$/MWh
246,NSW1,2025-10-15 01:00:00+10:00,price,158.08417,$/MWh
247,NSW1,2025-10-15 02:00:00+10:00,price,152.43,$/MWh
248,NSW1,2025-10-15 03:00:00+10:00,price,135.28917,$/MWh
249,NSW1,2025-10-15 04:00:00+10:00,price,189.94333,$/MWh
250,NSW1,2025-10-15 05:00:00+10:00,price,244.4775,$/MWh
251,NSW1,2025-10-15 06:00:00+10:00,price,51.952727,$/MWh
252,NSW1,2025-10-15 07:00:00+10:00,price,-1.0325,$/MWh
253,NSW1,2025-10-15 08:00:00+10:00,price,-5.1358333,$/MWh
254,NSW1,2025-10-15 09:00:00+10:00,price,-10.22,$/MWh
255,NSW1,2025-10-15 10:00:00+10:00,price,-11.352727,$/MWh
256,NSW1,2025-10-15 11:00:00+10:00,price,-14.368333,$/MWh
257,NSW1,2025-10-15 12:00:00+10:00,price,-11.803333,$/MWh
258,NSW1,2025-10-15 13:00:00+10:00,price,-11.590833,$/MWh
259,NSW1,2025-10-15 14:00:00+10:00,price,-6.1258333,$/MWh
260,NSW1,2025-10-15 15:00:00+10:00,price,17.043333,$/MWh
261,NSW1,2025-10-15 16:00:00+10:00,price,79.660833,$/MWh
262,NSW1,2025-10-15 17:00:00+10:00,price,215.07417,$/MWh
263,NSW1,2025-10-15 18:00:00+10:00,price,251.79667,$/MWh
264,NSW1,2025-10-15 19:00:00+10:00,price,218.87417,$/MWh
265,NSW1,2025-10-15 20:00:00+10:00,price,204.22083,$/MWh
266,NSW1,2025-10-15 21:00:00+10:00,price,156.74083,$/MWh
267,NSW1,2025-10-15 22:00:00+10:00,price,130.06167,$/MWh
268,NSW1,2025-10-15 23:00:00+10:00,price,101.99833,$/MWh
269,NSW1,2025-10-16 00:00:00+10:00,price,67.253333,$/MWh
270,NSW1,2025-10-16 01:00:00+10:00,price,63.9625,$/MWh
271,NSW1,2025-10-16 02:00:00+10:00,price,63.445833,$/MWh
272,NSW1,2025-10-16 03:00:00+10:00,price,64.739167,$/MWh
273,NSW1,2025-10-16 04:00:00+10:00,price,68.06,$/MWh
274,NSW1,2025-10-16 05:00:00+10:00,price,78.485833,$/MWh
275,NSW1,2025-10-16 06:00:00+10:00,price,14.581667,$/MWh
276,NSW1,2025-10-16 07:00:00+10:00,price,-1.9875,$/MWh
277,NSW1,2025-10-16 08:00:00+10:00,price,-9.8566667,$/MWh
278,NSW1,2025-10-16 09:00:00+10:00,price,-16.21,$/MWh
279,NSW1,2025-10-16 10:00:00+10:00,price,-20.6775,$/MWh
280,NSW1,2025-10-16 11:00:00+10:00,price,-19.869167,$/MWh
281,NSW1,2025-10-16 12:00:00+10:00,price,6.1891667,$/MWh
282,NSW1,2025-10-16 13:00:00+10:00,price,-6.2741667,$/MWh
283,NSW1,2025-10-16 14:00:00+10:00,price,-1.1125,$/MWh
284,NSW1,2025-10-16 15:00:00+10:00,price,12.790833,$/MWh
285,NSW1,2025-10-16 16:00:00+10:00,price,37.331667,$/MWh
286,NSW1,2025-10-16 17:00:00+10:00,price,116.3175,$/MWh
287,NSW1,2025-10-16 18:00:00+10:00,price,185.97833,$/MWh
288,NSW1,2025-10-16 19:00:00+10:00,price,166.82083,$/MWh
289,NSW1,2025-10-16 20:00:00+10:00,price,172.74583,$/MWh
290,NSW1,2025-10-16 21:00:00+10:00,price,116.66833,$/MWh
291,NSW1,2025-10-16 22:00:00+10:00,price,99.044167,$/MWh
292,NSW1,2025-10-16 23:00:00+10:00,price,83.5175,$/MWh
293,NSW1,2025-10-17 00:00:00+10:00,price,71.973333,$/MWh
294,NSW1,2025-10-17 01:00:00+10:00,price,56.735,$/MWh
295,NSW1,2025-10-17 02:00:00+10:00,price,56.133333,$/MWh
296,NSW1,2025-10-17 03:00:00+10:00,price,55.54,$/MWh
297,NSW1,2025-10-17 04:00:00+10:00,price,60.856364,$/MWh
298,NSW1,2025-10-17 05:00:00+10:00,price,73.985833,$/MWh
299,NSW1,2025-10-17 06:00:00+10:00,price,43.178333,$/MWh
300,NSW1,2025-10-17 07:00:00+10:00,price,-11.115,$/MWh
301,NSW1,2025-10-17 08:00:00+10:00,price,173.96909,$/MWh
302,NSW1,2025-10-17 09:00:00+10:00,price,150.63083,$/MWh
303,NSW1,2025-10-17 10:00:00+10:00,price,-81.397273,$/MWh
304,NSW1,2025-10-17 11:00:00+10:00,price,-20.8375,$/MWh
305,NSW1,2025-10-17 12:00:00+10:00,price,-28.831818,$/MWh
306,NSW1,2025-10-17 13:00:00+10:00,price,-27.419,$/MWh
307,NSW1,2025-10-17 14:00:00+10:00,price,1108.1214,$/MWh
308,NSW1,2025-10-17 15:00:00+10:00,price,46.648571,$/MWh
309,NSW1,2025-10-17 16:00:00+10:00,price,45.87125,$/MWh
310,NSW1,2025-10-17 17:00:00+10:00,price,89.565833,$/MWh
311,NSW1,2025-10-17 18:00:00+10:00,price,126.5325,$/MWh
312,NSW1,2025-10-17 19:00:00+10:00,price,119.70917,$/MWh
313,NSW1,2025-10-17 20:00:00+10:00,price,128.52167,$/MWh
314,NSW1,2025-10-17 21:00:00+10:00,price,119.91111,$/MWh
315,NSW1,2025-10-17 22:00:00+10:00,price,122.61167,$/MWh
316,NSW1,2025-10-17 23:00:00+10:00,price,118.74833,$/MWh
317,NSW1,2025-10-18 00:00:00+10:00,price,104.23273,$/MWh
318,NSW1,2025-10-18 01:00:00+10:00,price,83.535833,$/MWh
319,NSW1,2025-10-18 02:00:00+10:00,price,78.7075,$/MWh
320,NSW1,2025-10-18 03:00:00+10:00,price,83.931667,$/MWh
321,NSW1,2025-10-18 04:00:00+10:00,price,84.813333,$/MWh
322,NSW1,2025-10-18 05:00:00+10:00,price,83.920909,$/MWh
323,NSW1,2025-10-18 06:00:00+10:00,price,31.264545,$/MWh
324,NSW1,2025-10-18 07:00:00+10:00,price,16.9325,$/MWh
325,NSW1,2025-10-18 08:00:00+10:00,price,21.325,$/MWh
326,NSW1,2025-10-18 09:00:00+10:00,price,26.348333,$/MWh
327,NSW1,2025-10-18 10:00:00+10:00,price,-12.428333,$/MWh
328,NSW1,2025-10-18 11:00:00+10:00,price,-17.5,$/MWh
329,NSW1,2025-10-18 12:00:00+10:00,price,-24.742,$/MWh
330,NSW1,2025-10-18 13:00:00+10:00,price,-21.9975,$/MWh
331,NSW1,2025-10-18 14:00:00+10:00,price,1.27,$/MWh
332,NSW1,2025-10-18 15:00:00+10:00,price,44.395833,$/MWh
333,NSW1,2025-10-18 16:00:00+10:00,price,33.670833,$/MWh
334,NSW1,2025-10-18 17:00:00+10:00,price,124.50167,$/MWh
335,NSW1,2025-10-18 18:00:00+10:00,price,143.10417,$/MWh
336,NSW1,2025-10-18 19:00:00+10:00,price,108.01,$/MWh
337,NSW1,2025-10-18 20:00:00+10:00,price,76.139167,$/MWh
338,NSW1,2025-10-18 21:00:00+10:00,price,57.448333,$/MWh
339,NSW1,2025-10-18 22:00:00+10:00,price,62.834167,$/MWh
340,NSW1,2025-10-18 23:00:00+10:00,price,57.6,$/MWh
341,NSW1,2025-10-19 00:00:00+10:00,price,59.760833,$/MWh
342,NSW1,2025-10-19 01:00:00+10:00,price,55.1125,$/MWh
343,NSW1,2025-10-19 02:00:00+10:00,price,57.04,$/MWh
344,NSW1,2025-10-19 03:00:00+10:00,price,56.187273,$/MWh
345,NSW1,2025-10-19 04:00:00+10:00,price,56.364167,$/MWh
346,NSW1,2025-10-19 05:00:00+10:00,price,56.0875,$/MWh
347,NSW1,2025-10-19 06:00:00+10:00,price,-14.425,$/MWh
348,NSW1,2025-10-19 07:00:00+10:00,price,-18.338333,$/MWh
349,NSW1,2025-10-19 08:00:00+10:00,price,-20.458333,$/MWh
350,NSW1,2025-10-19 09:00:00+10:00,price,-25.7925,$/MWh
351,NSW1,2025-10-19 10:00:00+10:00,price,-25.693333,$/MWh
352,NSW1,2025-10-19 11:00:00+10:00,price,-30.29,$/MWh
353,NSW1,2025-10-19 12:00:00+10:00,price,-28.9975,$/MWh
354,NSW1,2025-10-19 13:00:00+10:00,price,-18.654545,$/MWh
355,NSW1,2025-10-19 14:00:00+10:00,price,-13.215,$/MWh
356,NSW1,2025-10-19 15:00:00+10:00,price,8.3183333,$/MWh
357,NSW1,2025-10-19 16:00:00+10:00,price,59.258333,$/MWh
358,NSW1,2025-10-19 17:00:00+10:00,price,119.955,$/MWh
359,NSW1,2025-10-19 18:00:00+10:00,price,150.14167,$/MWh
360,NSW1,2025-10-19 19:00:00+10:00,price,127.93833,$/MWh
361,NSW1,2025-10-19 20:00:00+10:00,price,92.520833,$/MWh
362,NSW1,2025-10-19 21:00:00+10:00,price,105.48333,$/MWh
363,NSW1,2025-10-19 22:00:00+10:00,price,109.4075,$/MWh
364,NSW1,2025-10-19 23:00:00+10:00,price,87.866667,$/MWh
365,NSW1,2025-10-20 00:00:00+10:00,price,81.090833,$/MWh
366,NSW1,2025-10-20 01:00:00+10:00,price,74.803333,$/MWh
367,NSW1,2025-10-20 02:00:00+10:00,price,80.374167,$/MWh
368,NSW1,2025-10-20 03:00:00+10:00,price,80.315833,$/MWh
369,NSW1,2025-10-20 04:00:00+10:00,price,73.8075,$/MWh
370,NSW1,2025-10-20 05:00:00+10:00,price,95.548333,$/MWh
371,NSW1,2025-10-20 06:00:00+10:00,price,18.253333,$/MWh
372,NSW1,2025-10-20 07:00:00+10:00,price,-7.3058333,$/MWh
373,NSW1,2025-10-20 08:00:00+10:00,price,2.49,$/MWh
374,NSW1,2025-10-20 09:00:00+10:00,price,-11.576667,$/MWh
375,NSW1,2025-10-20 10:00:00+10:00,price,-11.339167,$/MWh
376,NSW1,2025-10-20 11:00:00+10:00,price,-5.6041667,$/MWh
377,NSW1,2025-10-20 12:00:00+10:00,price,-13.823333,$/MWh
378,NSW1,2025-10-20 13:00:00+10:00,price,-13.451667,$/MWh
379,NSW1,2025-10-20 14:00:00+10:00,price,-13.3675,$/MWh
380,NSW1,2025-10-20 15:00:00+10:00,price,-4.215,$/MWh
381,NSW1,2025-10-20 16:00:00+10:00,price,83.6325,$/MWh
382,NSW1,2025-10-20 17:00:00+10:00,price,196.62083,$/MWh
383,NSW1,2025-10-20 18:00:00+10:00,price,180.93,$/MWh
384,NSW1,2025-10-20 19:00:00+10:00,price,156.36583,$/MWh
385,NSW1,2025-10-20 20:00:00+10:00,price,150.64,$/MWh
386,NSW1,2025-10-20 21:00:00+10:00,price,136.04167,$/MWh
387,NSW1,2025-10-20 22:00:00+10:00,price,130.225,$/MWh
388,NSW1,2025-10-20 23:00:00+10:00,price,119.16667,$/MWh
389,NSW1,2025-10-21 00:00:00+10:00,price,100.61667,$/MWh
390,NSW1,2025-10-21 01:00:00+10:00,price,106.68667,$/MWh
391,NSW1,2025-10-21 02:00:00+10:00,price,96.166364,$/MWh
392,NSW1,2025-10-21 03:00:00+10:00,price,98.455833,$/MWh
393,NSW1,2025-10-21 04:00:00+10:00,price,104.62167,$/MWh
394,NSW1,2025-10-21 05:00:00+10:00,price,130.9475,$/MWh
395,NSW1,2025-10-21 06:00:00+10:00,price,70.835,$/MWh
396,NSW1,2025-10-21 07:00:00+10:00,price,57.315833,$/MWh
397,NSW1,2025-10-21 08:00:00+10:00,price,52.9625,$/MWh
398,NSW1,2025-10-21 09:00:00+10:00,price,32.894167,$/MWh
399,NSW1,2025-10-21 10:00:00+10:00,price,14.686667,$/MWh
400,NSW1,2025-10-21 11:00:00+10:00,price,23.039167,$/MWh
401,NSW1,2025-10-21 12:00:00+10:00,price,70.65,$/MWh
402,NSW1,2025-10-21 13:00:00+10:00,price,73.471667,$/MWh
403,NSW1,2025-10-21 14:00:00+10:00,price,86.233333,$/MWh
404,NSW1,2025-10-21 15:00:00+10:00,price,108.56417,$/MWh
405,NSW1,2025-10-21 16:00:00+10:00,price,120.5825,$/MWh
406,NSW1,2025-10-21 17:00:00+10:00,price,204.07167,$/MWh
407,NSW1,2025-10-21 18:00:00+10:00,price,218.80545,$/MWh
408,NSW1,2025-10-21 19:00:00+10:00,price,152.04583,$/MWh
409,NSW1,2025-10-21 20:00:00+10:00,price,93.413333,$/MWh
410,NSW1,2025-10-21 21:00:00+10:00,price,78.57,$/MWh
411,NSW1,2025-10-21 22:00:00+10:00,price,78.53,$/MWh
412,NSW1,2025-10-21 23:00:00+10:00,price,63.63,$/MWh
413,NSW1,2025-10-22 00:00:00+10:00,price,57.754167,$/MWh
414,NSW1,2025-10-22 01:00:00+10:00,price,57.069167,$/MWh
415,NSW1,2025-10-22 02:00:00+10:00,price,55.665833,$/MWh
416,NSW1,2025-10-22 03:00:00+10:00,price,52.415,$/MWh
417,NSW1,2025-10-22 04:00:00+10:00,price,57.455,$/MWh
418,NSW1,2025-10-22 05:00:00+10:00,price,64.859167,$/MWh
419,NSW1,2025-10-22 06:00:00+10:00,price,35.118333,$/MWh
420,NSW1,2025-10-22 07:00:00+10:00,price,5.0216667,$/MWh
421,NSW1,2025-10-22 08:00:00+10:00,price,-0.0083333333,$/MWh
422,NSW1,2025-10-22 09:00:00+10:00,price,-6.4191667,$/MWh
423,NSW1,2025-10-22 10:00:00+10:00,price,-2.0063636,$/MWh
424,NSW1,2025-10-22 11:00:00+10:00,price,0.75333333,$/MWh
425,NSW1,2025-10-22 12:00:00+10:00,price,56.436,$/MWh
426,NSW1,2025-10-22 13:00:00+10:00,price,141.00636,$/MWh
427,NSW1,2025-10-22 14:00:00+10:00,price,25.557,$/MWh
428,NSW1,2025-10-22 15:00:00+10:00,price,87.040909,$/MWh
429,NSW1,2025-10-22 16:00:00+10:00,price,132.76545,$/MWh
430,NSW1,2025-10-22 17:00:00+10:00,price,260.52333,$/MWh
431,NSW1,2025-10-22 18:00:00+10:00,price,147.599,$/MWh
432,NSW1,2025-10-22 19:00:00+10:00,price,92.604167,$/MWh
433,NSW1,2025-10-22 20:00:00+10:00,price,77.165833,$/MWh
434,NSW1,2025-10-22 21:00:00+10:00,price,65.97,$/MWh
435,NSW1,2025-10-22 22:00:00+10:00,price,84.854167,$/MWh
436,NSW1,2025-10-22 23:00:00+10:00,price,98.224545,$/MWh
437,NSW1,2025-10-23 00:00:00+10:00,price,110.77111,$/MWh
438,NSW1,2025-10-23 01:00:00+10:00,price,104.045,$/MWh
439,NSW1,2025-10-23 02:00:00+10:00,price,115.82636,$/MWh
440,NSW1,2025-10-23 03:00:00+10:00,price,122.12636,$/MWh
441,NSW1,2025-10-23 04:00:00+10:00,price,172.93833,$/MWh
442,NSW1,2025-10-23 05:00:00+10:00,price,187.225,$/MWh
443,NSW1,2025-10-23 06:00:00+10:00,price,72.55,$/MWh
444,NSW1,2025-10-23 07:00:00+10:00,price,5.3109091,$/MWh
445,NSW1,2025-10-23 08:00:00+10:00,price,-4.22,$/MWh
446,NSW1,2025-10-23 09:00:00+10:00,price,12.312727,$/MWh
447,NSW1,2025-10-23 10:00:00+10:00,price,14.248333,$/MWh
448,NSW1,2025-10-23 11:00:00+10:00,price,15.026667,$/MWh
449,NSW1,2025-10-23 12:00:00+10:00,price,22.837143,$/MWh
450,NSW1,2025-10-23 13:00:00+10:00,price,14.192727,$/MWh
451,NSW1,2025-10-23 14:00:00+10:00,price,29.1425,$/MWh
452,NSW1,2025-10-23 15:00:00+10:00,price,115.06667,$/MWh
453,NSW1,2025-10-23 16:00:00+10:00,price,152.21875,$/MWh
454,NSW1,2025-10-23 17:00:00+10:00,price,180.35857,$/MWh
455,NSW1,2025-10-23 18:00:00+10:00,price,172.665,$/MWh
456,NSW1,2025-10-23 19:00:00+10:00,price,152.88909,$/MWh
457,NSW1,2025-10-23 20:00:00+10:00,price,137.004,$/MWh
458,NSW1,2025-10-23 21:00:00+10:00,price,116.35,$/MWh
459,NSW1,2025-10-23 22:00:00+10:00,price,134.47333,$/MWh
460,NSW1,2025-10-23 23:00:00+10:00,price,145.54182,$/MWh
461,NSW1,2025-10-24 00:00:00+10:00,price,142.87083,$/MWh
462,NSW1,2025-10-24 01:00:00+10:00,price,129.663,$/MWh
463,NSW1,2025-10-24 02:00:00+10:00,price,125.89444,$/MWh
464,NSW1,2025-10-24 03:00:00+10:00,price,142.28091,$/MWh
465,NSW1,2025-10-24 04:00:00+10:00,price,169.44333,$/MWh
466,NSW1,2025-10-24 05:00:00+10:00,price,161.88545,$/MWh
467,NSW1,2025-10-24 06:00:00+10:00,price,37.92625,$/MWh
468,NSW1,2025-10-24 07:00:00+10:00,price,23.3775,$/MWh
469,NSW1,2025-10-24 08:00:00+10:00,price,-10.6,$/MWh
470,NSW1,2025-10-24 09:00:00+10:00,price,-1.914,$/MWh
471,NSW1,2025-10-24 10:00:00+10:00,price,-9.33125,$/MWh
472,NSW1,2025-10-24 11:00:00+10:00,price,-11.828889,$/MWh
473,NSW1,2025-10-24 12:00:00+10:00,price,-11.470833,$/MWh
474,NSW1,2025-10-24 13:00:00+10:00,price,-11.365,$/MWh
475,NSW1,2025-10-24 14:00:00+10:00,price,-10.375,$/MWh
476,NSW1,2025-10-24 15:00:00+10:00,price,-0.99666667,$/MWh
477,NSW1,2025-10-24 16:00:00+10:00,price,37.713333,$/MWh
478,NSW1,2025-10-24 17:00:00+10:00,price,119.76083,$/MWh
479,NSW1,2025-10-24 18:00:00+10:00,price,156.56714,$/MWh
480,NSW1,2025-10-24 19:00:00+10:00,price,159.565,$/MWh
481,NSW1,2025-10-24 20:00:00+10:00,price,158.70375,$/MWh
482,NSW1,2025-10-24 21:00:00+10:00,price,172.72727,$/MWh
483,NSW1,2025-10-24 22:00:00+10:00,price,165.87917,$/MWh
484,NSW1,2025-10-24 23:00:00+10:00,price,174.83333,$/MWh
485,NSW1,2025-10-25 00:00:00+10:00,price,167.53167,$/MWh
486,NSW1,2025-10-25 01:00:00+10:00,price,224.85143,$/MWh
487,NSW1,2025-10-25 02:00:00+10:00,price,231.815,$/MWh
488,NSW1,2025-10-25 03:00:00+10:00,price,207.46111,$/MWh
489,NSW1,2025-10-25 04:00:00+10:00,price,154.036,$/MWh
490,NSW1,2025-10-25 05:00:00+10:00,price,119.43333,$/MWh
491,NSW1,2025-10-25 06:00:00+10:00,price,69.884286,$/MWh
492,NSW1,2025-10-25 07:00:00+10:00,price,31.3775,$/MWh
493,NSW1,2025-10-25 08:00:00+10:00,price,20.52375,$/MWh
494,NSW1,2025-10-25 09:00:00+10:00,price,20.0425,$/MWh
495,NSW1,2025-10-25 10:00:00+10:00,price,31.595,$/MWh
496,NSW1,2025-10-25 11:00:00+10:00,price,27.93,$/MWh
497,NSW1,2025-10-25 12:00:00+10:00,price,36.355,$/MWh
498,NSW1,2025-10-25 13:00:00+10:00,price,43.63,$/MWh
499,NSW1,2025-10-25 14:00:00+10:00,price,52.046667,$/MWh
500,NSW1,2025-10-25 15:00:00+10:00,price,77.523333,$/MWh
501,NSW1,2025-10-25 16:00:00+10:00,price,111.98167,$/MWh
502,NSW1,2025-10-25 17:00:00+10:00,price,133.80571,$/MWh
503,NSW1,2025-10-25 18:00:00+10:00,price,135.83667,$/MWh
504,NSW1,2025-10-25 19:00:00+10:00,price,134.465,$/MWh
505,NSW1,2025-10-25 20:00:00+10:00,price,142.89,$/MWh
506,NSW1,2025-10-25 21:00:00+10:00,price,144.84167,$/MWh
507,NSW1,2025-10-25 22:00:00+10:00,price,102.05167,$/MWh
508,NSW1,2025-10-25 23:00:00+10:00,price,127.49667,$/MWh
509,NSW1,2025-10-26 00:00:00+10:00,price,87.111667,$/MWh
510,NSW1,2025-10-26 01:00:00+10:00,price,62.02,$/MWh
511,NSW1,2025-10-26 02:00:00+10:00,price,57.818333,$/MWh
512,NSW1,2025-10-26 03:00:00+10:00,price,57.033333,$/MWh
513,NSW1,2025-10-26 04:00:00+10:00,price,57.544,$/MWh
514,NSW1,2025-10-26 05:00:00+10:00,price,54.465,$/MWh
515,NSW1,2025-10-26 06:00:00+10:00,price,,$/MWh
516,NSW1,2025-10-26 07:00:00+10:00,price,,$/MWh
517,NSW1,2025-10-26 08:00:00+10:00,price,18.802857,$/MWh
518,NSW1,2025-10-26 09:00:00+10:00,price,63.675,$/MWh
519,NSW1,2025-10-26 10:00:00+10:00,price,54.916667,$/MWh
520,NSW1,2025-10-26 11:00:00+10:00,price,70.525,$/MWh
521,NSW1,2025-10-26 12:00:00+10:00,price,24.055,$/MWh
522,NSW1,2025-10-26 13:00:00+10:00,price,-4.815,$/MWh
523,NSW1,2025-10-26 14:00:00+10:00,price,16.9425,$/MWh
524,NSW1,2025-10-26 15:00:00+10:00,price,33.006667,$/MWh
525,NSW1,2025-10-26 16:00:00+10:00,price,80.4525,$/MWh
526,NSW1,2025-10-26 17:00:00+10:00,price,65.203333,$/MWh
527,NSW1,2025-10-26 18:00:00+10:00,price,108.975,$/MWh
528,NSW1,2025-10-26 19:00:00+10:00,price,100.008,$/MWh
529,NSW1,2025-10-26 20:00:00+10:00,price,,$/MWh
530,NSW1,2025-10-26 21:00:00+10:00,price,110.28667,$/MWh
531,NSW1,2025-10-26 22:00:00+10:00,price,125.44667,$/MWh
532,NSW1,2025-10-26 23:00:00+10:00,price,86.75,$/MWh
533,NSW1,2025-10-27 00:00:00+10:00,price,76.95,$/MWh
534,NSW1,2025-10-27 01:00:00+10:00,price,76.075,$/MWh
535,NSW1,2025-10-27 02:00:00+10:00,price,71.493333,$/MWh
536,NSW1,2025-10-27 03:00:00+10:00,price,60.3225,$/MWh
537,NSW1,2025-10-27 04:00:00+10:00,price,72.235,$/MWh
538,NSW1,2025-10-27 05:00:00+10:00,price,57.06,$/MWh
539,NSW1,2025-10-27 06:00:00+10:00,price,15.44,$/MWh
540,NSW1,2025-10-27 07:00:00+10:00,price,-9.155,$/MWh
541,NSW1,2025-10-27 08:00:00+10:00,price,-10.666667,$/MWh
542,NSW1,2025-10-27 09:00:00+10:00,price,-11.353333,$/MWh
543,NSW1,2025-10-27 10:00:00+10:00,price,-10.455,$/MWh
544,NSW1,2025-10-27 11:00:00+10:00,price,-6.738,$/MWh
545,NSW1,2025-10-27 12:00:00+10:00,price,-8.67,$/MWh
546,NSW1,2025-10-27 13:00:00+10:00,price,-7.57,$/MWh
547,NSW1,2025-10-27 14:00:00+10:00,price,31.036667,$/MWh
548,NSW1,2025-10-27 15:00:00+10:00,price,77.026667,$/MWh
549,NSW1,2025-10-27 16:00:00+10:00,price,70.7575,$/MWh
550,NSW1,2025-10-27 17:00:00+10:00,price,155.17,$/MWh
551,NSW1,2025-10-27 18:00:00+10:00,price,147.24,$/MWh
552,NSW1,2025-10-27 19:00:00+10:00,price,134.06667,$/MWh
553,NSW1,2025-10-27 20:00:00+10:00,price,126.47,$/MWh
554,NSW1,2025-10-27 21:00:00+10:00,price,108.89,$/MWh
555,NSW1,2025-10-27 22:00:00+10:00,price,129.0775,$/MWh
556,NSW1,2025-10-27 23:00:00+10:00,price,90.336667,$/MWh
557,NSW1,2025-10-28 00:00:00+10:00,price,89.85,$/MWh
558,NSW1,2025-10-28 01:00:00+10:00,price,,$/MWh
559,NSW1,2025-10-28 02:00:00+10:00,price,,$/MWh
560,NSW1,2025-10-28 03:00:00+10:00,price,,$/MWh
561,NSW1,2025-10-28 04:00:00+10:00,price,,$/MWh
562,NSW1,2025-10-28 05:00:00+10:00,price,,$/MWh
563,NSW1,2025-10-28 06:00:00+10:00,price,,$/MWh
564,NSW1,2025-10-28 07:00:00+10:00,price,,$/MWh
565,NSW1,2025-10-28 08:00:00+10:00,price,86.737,$/MWh
566,NSW1,2025-10-28 09:00:00+10:00,price,79.52,$/MWh
567,NSW1,2025-10-28 10:00:00+10:00,price,78.715,$/MWh
568,NSW1,2025-10-28 11:00:00+10:00,price,139.33417,$/MWh
569,NSW1,2025-10-28 12:00:00+10:00,price,93.959091,$/MWh
570,NSW1,2025-10-28 13:00:00+10:00,price,75.755833,$/MWh
571,NSW1,2025-10-28 14:00:00+10:00,price,99.644167,$/MWh
572,NSW1,2025-10-28 15:00:00+10:00,price,88.899167,$/MWh
573,NSW1,2025-10-28 16:00:00+10:00,price,66.51,$/MWh
574,NSW1,2025-10-28 17:00:00+10:00,price,146.74583,$/MWh
575,NSW1,2025-10-28 18:00:00+10:00,price,176.645,$/MWh
576,NSW1,2025-10-28 19:00:00+10:00,price,170.58167,$/MWh
577,NSW1,2025-10-28 20:00:00+10:00,price,168.28083,$/MWh
578,NSW1,2025-10-28 21:00:00+10:00,price,169.4575,$/MWh
579,NSW1,2025-10-28 22:00:00+10:00,price,168.11333,$/MWh
580,NSW1,2025-10-28 23:00:00+10:00,price,173.99833,$/MWh
581,NSW1,2025-10-29 00:00:00+10:00,price,166.40917,$/MWh
582,NSW1,2025-10-29 01:00:00+10:00,price,161.69417,$/MWh
583,NSW1,2025-10-29 02:00:00+10:00,price,165.64083,$/MWh
584,NSW1,2025-10-29 03:00:00+10:00,price,170.04583,$/MWh
585,NSW1,2025-10-29 04:00:00+10:00,price,190.13917,$/MWh
586,NSW1,2025-10-29 05:00:00+10:00,price,255.04083,$/MWh
587,NSW1,2025-10-29 06:00:00+10:00,price,231.74182,$/MWh
588,NSW1,2025-10-29 07:00:00+10:00,price,129.45167,$/MWh
589,NSW1,2025-10-29 08:00:00+10:00,price,100.8725,$/MWh
590,NSW1,2025-10-29 09:00:00+10:00,price,151.04545,$/MWh
591,NSW1,2025-10-29 10:00:00+10:00,price,130.43917,$/MWh
592,NSW1,2025-10-29 11:00:00+10:00,price,47.795,$/MWh
593,NSW1,2025-10-29 12:00:00+10:00,price,51.604167,$/MWh
594,NSW1,2025-10-29 13:00:00+10:00,price,45.768333,$/MWh
595,NSW1,2025-10-29 14:00:00+10:00,price,17.4425,$/MWh
596,NSW1,2025-10-29 15:00:00+10:00,price,35.6775,$/MWh
597,NSW1,2025-10-29 16:00:00+10:00,price,65.664167,$/MWh
598,NSW1,2025-10-29 17:00:00+10:00,price,238.92083,$/MWh
599,NSW1,2025-10-29 18:00:00+10:00,price,309.43455,$/MWh
600,NSW1,2025-10-29 19:00:00+10:00,price,246.10583,$/MWh
601,NSW1,2025-10-29 20:00:00+10:00,price,254.19,$/MWh
602,NSW1,2025-10-29 21:00:00+10:00,price,214.385,$/MWh
603,NSW1,2025-10-29 22:00:00+10:00,price,232.02167,$/MWh
604,NSW1,2025-10-29 23:00:00+10:00,price,256.97333,$/MWh
605,NSW1,2025-10-30 00:00:00+10:00,price,196.41333,$/MWh
606,NSW1,2025-10-30 01:00:00+10:00,price,192.13417,$/MWh
607,NSW1,2025-10-30 02:00:00+10:00,price,184.995,$/MWh
608,NSW1,2025-10-30 03:00:00+10:00,price,195.54667,$/MWh
609,NSW1,2025-10-30 04:00:00+10:00,price,213.13833,$/MWh
610,NSW1,2025-10-30 05:00:00+10:00,price,271.86667,$/MWh
611,NSW1,2025-10-30 06:00:00+10:00,price,111.695,$/MWh
612,NSW1,2025-10-30 07:00:00+10:00,price,-3.52,$/MWh
613,NSW1,2025-10-30 08:00:00+10:00,price,-0.9775,$/MWh
614,NSW1,2025-10-30 09:00:00+10:00,price,-4.4875,$/MWh
615,NSW1,2025-10-30 10:00:00+10:00,price,0.645,$/MWh
616,NSW1,2025-10-30 11:00:00+10:00,price,-7.3045455,$/MWh
617,NSW1,2025-10-30 12:00:00+10:00,price,2.5575,$/MWh
618,NSW1,2025-10-30 13:00:00+10:00,price,9.3083333,$/MWh
619,NSW1,2025-10-30 14:00:00+10:00,price,18.951667,$/MWh
620,NSW1,2025-10-30 15:00:00+10:00,price,43.9975,$/MWh
621,NSW1,2025-10-30 16:00:00+10:00,price,108.935,$/MWh
622,NSW1,2025-10-30 17:00:00+10:00,price,247.3725,$/MWh
623,NSW1,2025-10-30 18:00:00+10:00,price,276.8875,$/MWh
624,NSW1,2025-10-30 19:00:00+10:00,price,237.59667,$/MWh
625,NSW1,2025-10-30 20:00:00+10:00,price,169.18833,$/MWh
626,NSW1,2025-10-30 21:00:00+10:00,price,167.48,$/MWh
627,NSW1,2025-10-30 22:00:00+10:00,price,150.88167,$/MWh
628,NSW1,2025-10-30 23:00:00+10:00,price,121.63417,$/MWh
629,NSW1,2025-10-31 00:00:00+10:00,price,114.31333,$/MWh
630,NSW1,2025-10-31 01:00:00+10:00,price,103.26,$/MWh
631,NSW1,2025-10-31 02:00:00+10:00,price,90.069167,$/MWh
632,NSW1,2025-10-31 03:00:00+10:00,price,106.48667,$/MWh
633,NSW1,2025-10-31 04:00:00+10:00,price,154.045,$/MWh
634,NSW1,2025-10-31 05:00:00+10:00,price,227.07167,$/MWh
635,NSW1,2025-10-31 06:00:00+10:00,price,139.575,$/MWh
636,NSW1,2025-10-31 07:00:00+10:00,price,67.681667,$/MWh
637,NSW1,2025-10-31 08:00:00+10:00,price,50.9975,$/MWh
638,NSW1,2025-10-31 09:00:00+10:00,price,36.090833,$/MWh
639,NSW1,2025-10-31 10:00:00+10:00,price,20.494167,$/MWh
640,NSW1,2025-10-31 11:00:00+10:00,price,7.3591667,$/MWh
641,NSW1,2025-10-31 12:00:00+10:00,price,40.165,$/MWh
642,NSW1,2025-10-31 13:00:00+10:00,price,15.57,$/MWh
643,NSW1,2025-10-31 14:00:00+10:00,price,164.28917,$/MWh
644,NSW1,2025-10-31 15:00:00+10:00,price,149.765,$/MWh
645,NSW1,2025-10-31 16:00:00+10:00,price,249.70833,$/MWh
646,NSW1,2025-10-31 17:00:00+10:00,price,240.90167,$/MWh
647,NSW1,2025-10-31 18:00:00+10:00,price,185.60417,$/MWh
648,NSW1,2025-10-31 19:00:00+10:00,price,144.94583,$/MWh
649,NSW1,2025-10-31 20:00:00+10:00,price,132.58167,$/MWh
650,NSW1,2025-10-31 21:00:00+10:00,price,119.26667,$/MWh
651,NSW1,2025-10-31 22:00:00+10:00,price,137.2375,$/MWh
652,NSW1,2025-10-31 23:00:00+10:00,price,135.1525,$/MWh
653,NSW1,2025-11-01 00:00:00+10:00,price,124.08917,$/MWh
654,NSW1,2025-11-01 01:00:00+10:00,price,111.00333,$/MWh
655,NSW1,2025-11-01 02:00:00+10:00,price,114.195,$/MWh
656,NSW1,2025-11-01 03:00:00+10:00,price,99.859167,$/MWh
657,NSW1,2025-11-01 04:00:00+10:00,price,93.8375,$/MWh
658,NSW1,2025-11-01 05:00:00+10:00,price,104.42083,$/MWh
659,NSW1,2025-11-01 06:00:00+10:00,price,36.4825,$/MWh
660,NSW1,2025-11-01 07:00:00+10:00,price,33.88,$/MWh
661,NSW1,2025-11-01 08:00:00+10:00,price,34.15,$/MWh
662,NSW1,2025-11-01 09:00:00+10:00,price,9.7275,$/MWh
663,NSW1,2025-11-01 10:00:00+10:00,price,32.736667,$/MWh
664,NSW1,2025-11-01 11:00:00+10:00,price,1.1875,$/MWh
665,NSW1,2025-11-01 12:00:00+10:00,price,10.788333,$/MWh
666,NSW1,2025-11-01 13:00:00+10:00,price,44.848333,$/MWh
667,NSW1,2025-11-01 14:00:00+10:00,price,64.544167,$/MWh
668,NSW1,2025-11-01 15:00:00+10:00,price,-8.58,$/MWh
669,NSW1,2025-11-01 16:00:00+10:00,price,24.313333,$/MWh
670,NSW1,2025-11-01 17:00:00+10:00,price,99.035833,$/MWh
671,NSW1,2025-11-01 18:00:00+10:00,price,138.64333,$/MWh
672,NSW1,2025-11-01 19:00:00+10:00,price,118.2375,$/MWh
673,NSW1,2025-11-01 20:00:00+10:00,price,105.00583,$/MWh
674,NSW1,2025-11-01 21:00:00+10:00,price,104.695,$/MWh
675,NSW1,2025-11-01 22:00:00+10:00,price,101.58,$/MWh
676,NSW1,2025-11-01 23:00:00+10:00,price,80.4,$/MWh
677,NSW1,2025-11-02 00:00:00+10:00,price,74.500833,$/MWh
678,NSW1,2025-11-02 01:00:00+10:00,price,57.285,$/MWh
679,NSW1,2025-11-02 02:00:00+10:00,price,73.055833,$/MWh
680,NSW1,2025-11-02 03:00:00+10:00,price,81.521667,$/MWh
681,NSW1,2025-11-02 04:00:00+10:00,price,68.5575,$/MWh
682,NSW1,2025-11-02 05:00:00+10:00,price,41.690833,$/MWh
683,NSW1,2025-11-02 06:00:00+10:00,price,-15.878333,$/MWh
684,NSW1,2025-11-02 07:00:00+10:00,price,-5.29,$/MWh
685,NSW1,2025-11-02 08:00:00+10:00,price,1.7381818,$/MWh
686,NSW1,2025-11-02 09:00:00+10:00,price,10.39,$/MWh
687,NSW1,2025-11-02 10:00:00+10:00,price,4.8566667,$/MWh
688,NSW1,2025-11-02 11:00:00+10:00,price,-4.1683333,$/MWh
689,NSW1,2025-11-02 12:00:00+10:00,price,-16.464167,$/MWh
690,NSW1,2025-11-02 13:00:00+10:00,price,-12.998333,$/MWh
691,NSW1,2025-11-02 14:00:00+10:00,price,-10.018333,$/MWh
692,NSW1,2025-11-02 15:00:00+10:00,price,7.6666667,$/MWh
693,NSW1,2025-11-02 16:00:00+10:00,price,59.911667,$/MWh
694,NSW1,2025-11-02 17:00:00+10:00,price,190.0975,$/MWh
695,NSW1,2025-11-02 18:00:00+10:00,price,215.73083,$/MWh
696,NSW1,2025-11-02 19:00:00+10:00,price,169.68667,$/MWh
697,NSW1,2025-11-02 20:00:00+10:00,price,116.48167,$/MWh
698,NSW1,2025-11-02 21:00:00+10:00,price,124.21083,$/MWh
699,NSW1,2025-11-02 22:00:00+10:00,price,122.77083,$/MWh
700,NSW1,2025-11-02 23:00:00+10:00,price,119.70167,$/MWh
701,NSW1,2025-11-03 00:00:00+10:00,price,97.739167,$/MWh
702,NSW1,2025-11-03 01:00:00+10:00,price,106.0375,$/MWh
703,NSW1,2025-11-03 02:00:00+10:00,price,94.744167,$/MWh
704,NSW1,2025-11-03 03:00:00+10:00,price,90.104167,$/MWh
705,NSW1,2025-11-03 04:00:00+10:00,price,80.291667,$/MWh
706,NSW1,2025-11-03 05:00:00+10:00,price,85.684167,$/MWh
707,NSW1,2025-11-03 06:00:00+10:00,price,69.588333,$/MWh
708,NSW1,2025-11-03 07:00:00+10:00,price,68.380833,$/MWh
709,NSW1,2025-11-03 08:00:00+10:00,price,32.076667,$/MWh
710,NSW1,2025-11-03 09:00:00+10:00,price,-3.8491667,$/MWh
711,NSW1,2025-11-03 10:00:00+10:00,price,2.1858333,$/MWh
712,NSW1,2025-11-03 11:00:00+10:00,price,13.093333,$/MWh
713,NSW1,2025-11-03 12:00:00+10:00,price,73.505833,$/MWh
714,NSW1,2025-11-03 13:00:00+10:00,price,52.1075,$/MWh
715,NSW1,2025-11-03 14:00:00+10:00,price,137.48417,$/MWh
716,NSW1,2025-11-03 15:00:00+10:00,price,149.30167,$/MWh
717,NSW1,2025-11-03 16:00:00+10:00,price,275.06583,$/MWh
718,NSW1,2025-11-03 17:00:00+10:00,price,246.54583,$/MWh
719,NSW1,2025-11-03 18:00:00+10:00,price,124.96833,$/MWh
720,NSW1,2025-11-03 19:00:00+10:00,price,122.005,$/MWh
721,NSW1,2025-11-03 20:00:00+10:00,price,182.91667,$/MWh
722,NSW1,2025-11-03 21:00:00+10:00,price,174.435,$/MWh
723,NSW1,2025-11-03 22:00:00+10:00,price,139.115,$/MWh
724,NSW1,2025-11-03 23:00:00+10:00,price,131.71083,$/MWh
725,NSW1,2025-11-04 00:00:00+10:00,price,129.30917,$/MWh
726,NSW1,2025-11-04 01:00:00+10:00,price,133.0425,$/MWh
727,NSW1,2025-11-04 02:00:00+10:00,price,108.18417,$/MWh
728,NSW1,2025-11-04 03:00:00+10:00,price,126.25667,$/MWh
729,NSW1,2025-11-04 04:00:00+10:00,price,153.23333,$/MWh
730,NSW1,2025-11-04 05:00:00+10:00,price,236.40417,$/MWh
731,NSW1,2025-11-04 06:00:00+10:00,price,122.63667,$/MWh
732,NSW1,2025-11-04 07:00:00+10:00,price,36.208333,$/MWh
733,NSW1,2025-11-04 08:00:00+10:00,price,0.9625,$/MWh
734,NSW1,2025-11-04 09:00:00+10:00,price,15.809167,$/MWh
735,NSW1,2025-11-04 10:00:00+10:00,price,-10.965833,$/MWh
736,NSW1,2025-11-04 11:00:00+10:00,price,-8.8866667,$/MWh
737,NSW1,2025-11-04 12:00:00+10:00,price,-7.3525,$/MWh
738,NSW1,2025-11-04 13:00:00+10:00,price,-7.8241667,$/MWh
739,NSW1,2025-11-04 14:00:00+10:00,price,-10.088333,$/MWh
740,NSW1,2025-11-04 15:00:00+10:00,price,-14.114167,$/MWh
741,NSW1,2025-11-04 16:00:00+10:00,price,-11.581667,$/MWh
742,NSW1,2025-11-04 17:00:00+10:00,price,4.852,$/MWh
743,QLD1,2025-10-04 19:00:00+10:00,price,69.641667,$/MWh
744,QLD1,2025-10-04 20:00:00+10:00,price,57.608333,$/MWh
745,QLD1,2025-10-04 21:00:00+10:00,price,62.398333,$/MWh
746,QLD1,2025-10-04 22:00:00+10:00,price,65.905833,$/MWh
747,QLD1,2025-10-04 23:00:00+10:00,price,60.398333,$/MWh
748,QLD1,2025-10-05 00:00:00+10:00,price,56.651,$/MWh
749,QLD1,2025-10-05 01:00:00+10:00,price,55.29,$/MWh
750,QLD1,2025-10-05 02:00:00+10:00,price,50.704167,$/MWh
751,QLD1,2025-10-05 03:00:00+10:00,price,49.9575,$/MWh
752,QLD1,2025-10-05 04:00:00+10:00,price,58.855455,$/MWh
753,QLD1,2025-10-05 05:00:00+10:00,price,60.361818,$/MWh
754,QLD1,2025-10-05 06:00:00+10:00,price,-4.321,$/MWh
755,QLD1,2025-10-05 07:00:00+10:00,price,-19.974167,$/MWh
756,QLD1,2025-10-05 08:00:00+10:00,price,-30.471818,$/MWh
757,QLD1,2025-10-05 09:00:00+10:00,price,-34.37,$/MWh
758,QLD1,2025-10-05 10:00:00+10:00,price,-37.802727,$/MWh
759,QLD1,2025-10-05 11:00:00+10:00,price,-40.53,$/MWh
760,QLD1,2025-10-05 12:00:00+10:00,price,-41.269,$/MWh
761,QLD1,2025-10-05 13:00:00+10:00,price,-37.62,$/MWh
762,QLD1,2025-10-05 14:00:00+10:00,price,-24.490833,$/MWh
763,QLD1,2025-10-05 15:00:00+10:00,price,-11.777273,$/MWh
764,QLD1,2025-10-05 16:00:00+10:00,price,11.710833,$/MWh
765,QLD1,2025-10-05 17:00:00+10:00,price,77.303636,$/MWh
766,QLD1,2025-10-05 18:00:00+10:00,price,77.453636,$/MWh
767,QLD1,2025-10-05 19:00:00+10:00,price,69.73,$/MWh
768,QLD1,2025-10-05 20:00:00+10:00,price,61.978333,$/MWh
769,QLD1,2025-10-05 21:00:00+10:00,price,65.779167,$/MWh
770,QLD1,2025-10-05 22:00:00+10:00,price,58.263333,$/MWh
771,QLD1,2025-10-05 23:00:00+10:00,price,56.619167,$/MWh
772,QLD1,2025-10-06 00:00:00+10:00,price,49.854167,$/MWh
773,QLD1,2025-10-06 01:00:00+10:00,price,43.559167,$/MWh
774,QLD1,2025-10-06 02:00:00+10:00,price,44.776667,$/MWh
775,QLD1,2025-10-06 03:00:00+10:00,price,42.6025,$/MWh
776,QLD1,2025-10-06 04:00:00+10:00,price,41.5825,$/MWh
777,QLD1,2025-10-06 05:00:00+10:00,price,43.39,$/MWh
778,QLD1,2025-10-06 06:00:00+10:00,price,-5.9116667,$/MWh
779,QLD1,2025-10-06 07:00:00+10:00,price,-19.706667,$/MWh
780,QLD1,2025-10-06 08:00:00+10:00,price,-30.386667,$/MWh
781,QLD1,2025-10-06 09:00:00+10:00,price,-33.876667,$/MWh
782,QLD1,2025-10-06 10:00:00+10:00,price,-33.89,$/MWh
783,QLD1,2025-10-06 11:00:00+10:00,price,-33.978333,$/MWh
784,QLD1,2025-10-06 12:00:00+10:00,price,-33.85,$/MWh
785,QLD1,2025-10-06 13:00:00+10:00,price,-30.403333,$/MWh
786,QLD1,2025-10-06 14:00:00+10:00,price,-14.33,$/MWh
787,QLD1,2025-10-06 15:00:00+10:00,price,-10.505833,$/MWh
788,QLD1,2025-10-06 16:00:00+10:00,price,27.761667,$/MWh
789,QLD1,2025-10-06 17:00:00+10:00,price,91.713333,$/MWh
790,QLD1,2025-10-06 18:00:00+10:00,price,91.820833,$/MWh
791,QLD1,2025-10-06 19:00:00+10:00,price,77.459167,$/MWh
792,QLD1,2025-10-06 20:00:00+10:00,price,81.265,$/MWh
793,QLD1,2025-10-06 21:00:00+10:00,price,87.688333,$/MWh
794,QLD1,2025-10-06 22:00:00+10:00,price,88.045833,$/MWh
795,QLD1,2025-10-06 23:00:00+10:00,price,67.464167,$/MWh
796,QLD1,2025-10-07 00:00:00+10:00,price,61.110833,$/MWh
797,QLD1,2025-10-07 01:00:00+10:00,price,87.93,$/MWh
798,QLD1,2025-10-07 02:00:00+10:00,price,67.808333,$/MWh
799,QLD1,2025-10-07 03:00:00+10:00,price,69.006667,$/MWh
800,QLD1,2025-10-07 04:00:00+10:00,price,83.7,$/MWh
801,QLD1,2025-10-07 05:00:00+10:00,price,101.32333,$/MWh
802,QLD1,2025-10-07 06:00:00+10:00,price,57.92,$/MWh
803,QLD1,2025-10-07 07:00:00+10:00,price,7.0766667,$/MWh
804,QLD1,2025-10-07 08:00:00+10:00,price,-10.5875,$/MWh
805,QLD1,2025-10-07 09:00:00+10:00,price,-11.0775,$/MWh
806,QLD1,2025-10-07 10:00:00+10:00,price,-11.155,$/MWh
807,QLD1,2025-10-07 11:00:00+10:00,price,-11.235833,$/MWh
808,QLD1,2025-10-07 12:00:00+10:00,price,-11.115,$/MWh
809,QLD1,2025-10-07 13:00:00+10:00,price,-10.986667,$/MWh
810,QLD1,2025-10-07 14:00:00+10:00,price,-2.0708333,$/MWh
811,QLD1,2025-10-07 15:00:00+10:00,price,31.4575,$/MWh
812,QLD1,2025-10-07 16:00:00+10:00,price,62.5975,$/MWh
813,QLD1,2025-10-07 17:00:00+10:00,price,103.51667,$/MWh
814,QLD1,2025-10-07 18:00:00+10:00,price,103.2775,$/MWh
815,QLD1,2025-10-07 19:00:00+10:00,price,93.130833,$/MWh
816,QLD1,2025-10-07 20:00:00+10:00,price,87.863333,$/MWh
817,QLD1,2025-10-07 21:00:00+10:00,price,77.531667,$/MWh
818,QLD1,2025-10-07 22:00:00+10:00,price,100.11083,$/MWh
819,QLD1,2025-10-07 23:00:00+10:00,price,77.675833,$/MWh
820,QLD1,2025-10-08 00:00:00+10:00,price,82.819167,$/MWh
821,QLD1,2025-10-08 01:00:00+10:00,price,67.278333,$/MWh
822,QLD1,2025-10-08 02:00:00+10:00,price,65.6575,$/MWh
823,QLD1,2025-10-08 03:00:00+10:00,price,69.88,$/MWh
824,QLD1,2025-10-08 04:00:00+10:00,price,79.888333,$/MWh
825,QLD1,2025-10-08 05:00:00+10:00,price,97.050833,$/MWh
826,QLD1,2025-10-08 06:00:00+10:00,price,50.1525,$/MWh
827,QLD1,2025-10-08 07:00:00+10:00,price,-2.7608333,$/MWh
828,QLD1,2025-10-08 08:00:00+10:00,price,-10.828333,$/MWh
829,QLD1,2025-10-08 09:00:00+10:00,price,-11.29,$/MWh
830,QLD1,2025-10-08 10:00:00+10:00,price,-14.376667,$/MWh
831,QLD1,2025-10-08 11:00:00+10:00,price,-17.973333,$/MWh
832,QLD1,2025-10-08 12:00:00+10:00,price,-13.2225,$/MWh
833,QLD1,2025-10-08 13:00:00+10:00,price,-11.736667,$/MWh
834,QLD1,2025-10-08 14:00:00+10:00,price,-11.069167,$/MWh
835,QLD1,2025-10-08 15:00:00+10:00,price,7.8475,$/MWh
836,QLD1,2025-10-08 16:00:00+10:00,price,41.251667,$/MWh
837,QLD1,2025-10-08 17:00:00+10:00,price,75.509167,$/MWh
838,QLD1,2025-10-08 18:00:00+10:00,price,75.215,$/MWh
839,QLD1,2025-10-08 19:00:00+10:00,price,74.7525,$/MWh
840,QLD1,2025-10-08 20:00:00+10:00,price,76.78,$/MWh
841,QLD1,2025-10-08 21:00:00+10:00,price,70.171667,$/MWh
842,QLD1,2025-10-08 22:00:00+10:00,price,69.485,$/MWh
843,QLD1,2025-10-08 23:00:00+10:00,price,54.366667,$/MWh
844,QLD1,2025-10-09 00:00:00+10:00,price,38.163333,$/MWh
845,QLD1,2025-10-09 01:00:00+10:00,price,39.150833,$/MWh
846,QLD1,2025-10-09 02:00:00+10:00,price,43.2775,$/MWh
847,QLD1,2025-10-09 03:00:00+10:00,price,41.058333,$/MWh
848,QLD1,2025-10-09 04:00:00+10:00,price,52.458333,$/MWh
849,QLD1,2025-10-09 05:00:00+10:00,price,57.583333,$/MWh
850,QLD1,2025-10-09 06:00:00+10:00,price,29.838333,$/MWh
851,QLD1,2025-10-09 07:00:00+10:00,price,-10.37,$/MWh
852,QLD1,2025-10-09 08:00:00+10:00,price,-10.9975,$/MWh
853,QLD1,2025-10-09 09:00:00+10:00,price,-11.280833,$/MWh
854,QLD1,2025-10-09 10:00:00+10:00,price,-11.57,$/MWh
855,QLD1,2025-10-09 11:00:00+10:00,price,-11.27,$/MWh
856,QLD1,2025-10-09 12:00:00+10:00,price,-11.0925,$/MWh
857,QLD1,2025-10-09 13:00:00+10:00,price,-11.039167,$/MWh
858,QLD1,2025-10-09 14:00:00+10:00,price,-4.995,$/MWh
859,QLD1,2025-10-09 15:00:00+10:00,price,39.024167,$/MWh
860,QLD1,2025-10-09 16:00:00+10:00,price,90.426667,$/MWh
861,QLD1,2025-10-09 17:00:00+10:00,price,187.35333,$/MWh
862,QLD1,2025-10-09 18:00:00+10:00,price,120.285,$/MWh
863,QLD1,2025-10-09 19:00:00+10:00,price,91.455,$/MWh
864,QLD1,2025-10-09 20:00:00+10:00,price,81.934167,$/MWh
865,QLD1,2025-10-09 21:00:00+10:00,price,78.031667,$/MWh
866,QLD1,2025-10-09 22:00:00+10:00,price,95.665,$/MWh
867,QLD1,2025-10-09 23:00:00+10:00,price,84.823333,$/MWh
868,QLD1,2025-10-10 00:00:00+10:00,price,91.08,$/MWh
869,QLD1,2025-10-10 01:00:00+10:00,price,85.1,$/MWh
870,QLD1,2025-10-10 02:00:00+10:00,price,80.1075,$/MWh
871,QLD1,2025-10-10 03:00:00+10:00,price,103.82667,$/MWh
872,QLD1,2025-10-10 04:00:00+10:00,price,79.991667,$/MWh
873,QLD1,2025-10-10 05:00:00+10:00,price,90.655833,$/MWh
874,QLD1,2025-10-10 06:00:00+10:00,price,54.655833,$/MWh
875,QLD1,2025-10-10 07:00:00+10:00,price,3.3591667,$/MWh
876,QLD1,2025-10-10 08:00:00+10:00,price,-6.0666667,$/MWh
877,QLD1,2025-10-10 09:00:00+10:00,price,-11.465,$/MWh
878,QLD1,2025-10-10 10:00:00+10:00,price,-11.766667,$/MWh
879,QLD1,2025-10-10 11:00:00+10:00,price,-11.115,$/MWh
880,QLD1,2025-10-10 12:00:00+10:00,price,-11.935833,$/MWh
881,QLD1,2025-10-10 13:00:00+10:00,price,-11.265,$/MWh
882,QLD1,2025-10-10 14:00:00+10:00,price,-10.87,$/MWh
883,QLD1,2025-10-10 15:00:00+10:00,price,-5.8716667,$/MWh
884,QLD1,2025-10-10 16:00:00+10:00,price,64.3525,$/MWh
885,QLD1,2025-10-10 17:00:00+10:00,price,167.05917,$/MWh
886,QLD1,2025-10-10 18:00:00+10:00,price,93.2225,$/MWh
887,QLD1,2025-10-10 19:00:00+10:00,price,91.200833,$/MWh
888,QLD1,2025-10-10 20:00:00+10:00,price,104.57583,$/MWh
889,QLD1,2025-10-10 21:00:00+10:00,price,82.5425,$/MWh
890,QLD1,2025-10-10 22:00:00+10:00,price,94.105833,$/MWh
891,QLD1,2025-10-10 23:00:00+10:00,price,93.879167,$/MWh
892,QLD1,2025-10-11 00:00:00+10:00,price,82.048333,$/MWh
893,QLD1,2025-10-11 01:00:00+10:00,price,64.951667,$/MWh
894,QLD1,2025-10-11 02:00:00+10:00,price,53.958333,$/MWh
895,QLD1,2025-10-11 03:00:00+10:00,price,54.065,$/MWh
896,QLD1,2025-10-11 04:00:00+10:00,price,52.105,$/MWh
897,QLD1,2025-10-11 05:00:00+10:00,price,53.339167,$/MWh
898,QLD1,2025-10-11 06:00:00+10:00,price,4.2266667,$/MWh
899,QLD1,2025-10-11 07:00:00+10:00,price,-10.791667,$/MWh
900,QLD1,2025-10-11 08:00:00+10:00,price,-12.2125,$/MWh
901,QLD1,2025-10-11 09:00:00+10:00,price,-22.69,$/MWh
902,QLD1,2025-10-11 10:00:00+10:00,price,-29.293333,$/MWh
903,QLD1,2025-10-11 11:00:00+10:00,price,-30.021667,$/MWh
904,QLD1,2025-10-11 12:00:00+10:00,price,-24.245,$/MWh
905,QLD1,2025-10-11 13:00:00+10:00,price,-15.261667,$/MWh
906,QLD1,2025-10-11 14:00:00+10:00,price,-11.003333,$/MWh
907,QLD1,2025-10-11 15:00:00+10:00,price,3.6083333,$/MWh
908,QLD1,2025-10-11 16:00:00+10:00,price,26.495,$/MWh
909,QLD1,2025-10-11 17:00:00+10:00,price,102.70833,$/MWh
910,QLD1,2025-10-11 18:00:00+10:00,price,156.81917,$/MWh
911,QLD1,2025-10-11 19:00:00+10:00,price,95.1575,$/MWh
912,QLD1,2025-10-11 20:00:00+10:00,price,87.835,$/MWh
913,QLD1,2025-10-11 21:00:00+10:00,price,85.74,$/MWh
914,QLD1,2025-10-11 22:00:00+10:00,price,100.49917,$/MWh
915,QLD1,2025-10-11 23:00:00+10:00,price,88.885,$/MWh
916,QLD1,2025-10-12 00:00:00+10:00,price,68.84,$/MWh
917,QLD1,2025-10-12 01:00:00+10:00,price,69.493333,$/MWh
918,QLD1,2025-10-12 02:00:00+10:00,price,73.02,$/MWh
919,QLD1,2025-10-12 03:00:00+10:00,price,70.915,$/MWh
920,QLD1,2025-10-12 04:00:00+10:00,price,75.2475,$/MWh
921,QLD1,2025-10-12 05:00:00+10:00,price,81.525455,$/MWh
922,QLD1,2025-10-12 06:00:00+10:00,price,23.1925,$/MWh
923,QLD1,2025-10-12 07:00:00+10:00,price,-6.8216667,$/MWh
924,QLD1,2025-10-12 08:00:00+10:00,price,-2.7466667,$/MWh
925,QLD1,2025-10-12 09:00:00+10:00,price,-9.3291667,$/MWh
926,QLD1,2025-10-12 10:00:00+10:00,price,-12.675,$/MWh
927,QLD1,2025-10-12 11:00:00+10:00,price,-14.2325,$/MWh
928,QLD1,2025-10-12 12:00:00+10:00,price,14.164167,$/MWh
929,QLD1,2025-10-12 13:00:00+10:00,price,31.86,$/MWh
930,QLD1,2025-10-12 14:00:00+10:00,price,53.396667,$/MWh
931,QLD1,2025-10-12 15:00:00+10:00,price,82.376667,$/MWh
932,QLD1,2025-10-12 16:00:00+10:00,price,97.253333,$/MWh
933,QLD1,2025-10-12 17:00:00+10:00,price,105.7925,$/MWh
934,QLD1,2025-10-12 18:00:00+10:00,price,124.56583,$/MWh
935,QLD1,2025-10-12 19:00:00+10:00,price,117.43333,$/MWh
936,QLD1,2025-10-12 20:00:00+10:00,price,112.51167,$/MWh
937,QLD1,2025-10-12 21:00:00+10:00,price,91.059167,$/MWh
938,QLD1,2025-10-12 22:00:00+10:00,price,105.33833,$/MWh
939,QLD1,2025-10-12 23:00:00+10:00,price,99.240833,$/MWh
940,QLD1,2025-10-13 00:00:00+10:00,price,92.743333,$/MWh
941,QLD1,2025-10-13 01:00:00+10:00,price,99.285,$/MWh
942,QLD1,2025-10-13 02:00:00+10:00,price,97.545,$/MWh
943,QLD1,2025-10-13 03:00:00+10:00,price,112.2025,$/MWh
944,QLD1,2025-10-13 04:00:00+10:00,price,115.53083,$/MWh
945,QLD1,2025-10-13 05:00:00+10:00,price,175.125,$/MWh
946,QLD1,2025-10-13 06:00:00+10:00,price,138.16833,$/MWh
947,QLD1,2025-10-13 07:00:00+10:00,price,101.58167,$/MWh
948,QLD1,2025-10-13 08:00:00+10:00,price,63.313333,$/MWh
949,QLD1,2025-10-13 09:00:00+10:00,price,21.615833,$/MWh
950,QLD1,2025-10-13 10:00:00+10:00,price,-8.3825,$/MWh
951,QLD1,2025-10-13 11:00:00+10:00,price,-10.0425,$/MWh
952,QLD1,2025-10-13 12:00:00+10:00,price,-10.925,$/MWh
953,QLD1,2025-10-13 13:00:00+10:00,price,-10.87,$/MWh
954,QLD1,2025-10-13 14:00:00+10:00,price,-10.584167,$/MWh
955,QLD1,2025-10-13 15:00:00+10:00,price,25.341667,$/MWh
956,QLD1,2025-10-13 16:00:00+10:00,price,66.884167,$/MWh
957,QLD1,2025-10-13 17:00:00+10:00,price,157.1175,$/MWh
958,QLD1,2025-10-13 18:00:00+10:00,price,178.77,$/MWh
959,QLD1,2025-10-13 19:00:00+10:00,price,134.06833,$/MWh
960,QLD1,2025-10-13 20:00:00+10:00,price,127.705,$/MWh
961,QLD1,2025-10-13 21:00:00+10:00,price,94.945,$/MWh
962,QLD1,2025-10-13 22:00:00+10:00,price,85.338333,$/MWh
963,QLD1,2025-10-13 23:00:00+10:00,price,72.0175,$/MWh
964,QLD1,2025-10-14 00:00:00+10:00,price,54.726667,$/MWh
965,QLD1,2025-10-14 01:00:00+10:00,price,50.416667,$/MWh
966,QLD1,2025-10-14 02:00:00+10:00,price,47.86,$/MWh
967,QLD1,2025-10-14 03:00:00+10:00,price,52.984167,$/MWh
968,QLD1,2025-10-14 04:00:00+10:00,price,64.865,$/MWh
969,QLD1,2025-10-14 05:00:00+10:00,price,75.046667,$/MWh
970,QLD1,2025-10-14 06:00:00+10:00,price,16.765455,$/MWh
971,QLD1,2025-10-14 07:00:00+10:00,price,-4.3416667,$/MWh
972,QLD1,2025-10-14 08:00:00+10:00,price,-11.098333,$/MWh
973,QLD1,2025-10-14 09:00:00+10:00,price,-11.191667,$/MWh
974,QLD1,2025-10-14 10:00:00+10:00,price,-11.3275,$/MWh
975,QLD1,2025-10-14 11:00:00+10:00,price,-12.25,$/MWh
976,QLD1,2025-10-14 12:00:00+10:00,price,-11.1,$/MWh
977,QLD1,2025-10-14 13:00:00+10:00,price,-11.045833,$/MWh
978,QLD1,2025-10-14 14:00:00+10:00,price,-11.219167,$/MWh
979,QLD1,2025-10-14 15:00:00+10:00,price,12.975,$/MWh
980,QLD1,2025-10-14 16:00:00+10:00,price,49.891667,$/MWh
981,QLD1,2025-10-14 17:00:00+10:00,price,94.449167,$/MWh
982,QLD1,2025-10-14 18:00:00+10:00,price,115.72917,$/MWh
983,QLD1,2025-10-14 19:00:00+10:00,price,101.32,$/MWh
984,QLD1,2025-10-14 20:00:00+10:00,price,98.183333,$/MWh
985,QLD1,2025-10-14 21:00:00+10:00,price,85.050833,$/MWh
986,QLD1,2025-10-14 22:00:00+10:00,price,112.1225,$/MWh
987,QLD1,2025-10-14 23:00:00+10:00,price,101.73333,$/MWh
988,QLD1,2025-10-15 00:00:00+10:00,price,120.3525,$/MWh
989,QLD1,2025-10-15 01:00:00+10:00,price,105.92917,$/MWh
990,QLD1,2025-10-15 02:00:00+10:00,price,92.928333,$/MWh
991,QLD1,2025-10-15 03:00:00+10:00,price,98.886667,$/MWh
992,QLD1,2025-10-15 04:00:00+10:00,price,115.2525,$/MWh
993,QLD1,2025-10-15 05:00:00+10:00,price,112.26667,$/MWh
994,QLD1,2025-10-15 06:00:00+10:00,price,89.539091,$/MWh
995,QLD1,2025-10-15 07:00:00+10:00,price,63.231667,$/MWh
996,QLD1,2025-10-15 08:00:00+10:00,price,0.72916667,$/MWh
997,QLD1,2025-10-15 09:00:00+10:00,price,-10.810833,$/MWh
998,QLD1,2025-10-15 10:00:00+10:00,price,-11.252727,$/MWh
999,QLD1,2025-10-15 11:00:00+10:00,price,-11.14,$/MWh
1000,QLD1,2025-10-15 12:00:00+10:00,price,-10.984167,$/MWh
1001,QLD1,2025-10-15 13:00:00+10:00,price,-10.940833,$/MWh
1002,QLD1,2025-10-15 14:00:00+10:00,price,-5.785,$/MWh
1003,QLD1,2025-10-15 15:00:00+10:00,price,43.805833,$/MWh
1004,QLD1,2025-10-15 16:00:00+10:00,price,74.485,$/MWh
1005,QLD1,2025-10-15 17:00:00+10:00,price,110.91583,$/MWh
1006,QLD1,2025-10-15 18:00:00+10:00,price,101.88333,$/MWh
1007,QLD1,2025-10-15 19:00:00+10:00,price,74.896667,$/MWh
1008,QLD1,2025-10-15 20:00:00+10:00,price,65.65,$/MWh
1009,QLD1,2025-10-15 21:00:00+10:00,price,56.555833,$/MWh
1010,QLD1,2025-10-15 22:00:00+10:00,price,76.061667,$/MWh
1011,QLD1,2025-10-15 23:00:00+10:00,price,74.240833,$/MWh
1012,QLD1,2025-10-16 00:00:00+10:00,price,59.2,$/MWh
1013,QLD1,2025-10-16 01:00:00+10:00,price,64.646667,$/MWh
1014,QLD1,2025-10-16 02:00:00+10:00,price,65.25,$/MWh
1015,QLD1,2025-10-16 03:00:00+10:00,price,64.583333,$/MWh
1016,QLD1,2025-10-16 04:00:00+10:00,price,65.3525,$/MWh
1017,QLD1,2025-10-16 05:00:00+10:00,price,70.383333,$/MWh
1018,QLD1,2025-10-16 06:00:00+10:00,price,10.760833,$/MWh
1019,QLD1,2025-10-16 07:00:00+10:00,price,4.8858333,$/MWh
1020,QLD1,2025-10-16 08:00:00+10:00,price,-11.380833,$/MWh
1021,QLD1,2025-10-16 09:00:00+10:00,price,-13.794167,$/MWh
1022,QLD1,2025-10-16 10:00:00+10:00,price,-16.475833,$/MWh
1023,QLD1,2025-10-16 11:00:00+10:00,price,-18.690833,$/MWh
1024,QLD1,2025-10-16 12:00:00+10:00,price,-22.834167,$/MWh
1025,QLD1,2025-10-16 13:00:00+10:00,price,-14.915833,$/MWh
1026,QLD1,2025-10-16 14:00:00+10:00,price,-12.0425,$/MWh
1027,QLD1,2025-10-16 15:00:00+10:00,price,-10.89,$/MWh
1028,QLD1,2025-10-16 16:00:00+10:00,price,32.22,$/MWh
1029,QLD1,2025-10-16 17:00:00+10:00,price,108.41,$/MWh
1030,QLD1,2025-10-16 18:00:00+10:00,price,167.32583,$/MWh
1031,QLD1,2025-10-16 19:00:00+10:00,price,90.519167,$/MWh
1032,QLD1,2025-10-16 20:00:00+10:00,price,75.464167,$/MWh
1033,QLD1,2025-10-16 21:00:00+10:00,price,63.190833,$/MWh
1034,QLD1,2025-10-16 22:00:00+10:00,price,71.321667,$/MWh
1035,QLD1,2025-10-16 23:00:00+10:00,price,63.6275,$/MWh
1036,QLD1,2025-10-17 00:00:00+10:00,price,62.716667,$/MWh
1037,QLD1,2025-10-17 01:00:00+10:00,price,52.5275,$/MWh
1038,QLD1,2025-10-17 02:00:00+10:00,price,51.045833,$/MWh
1039,QLD1,2025-10-17 03:00:00+10:00,price,52.538333,$/MWh
1040,QLD1,2025-10-17 04:00:00+10:00,price,56.783636,$/MWh
1041,QLD1,2025-10-17 05:00:00+10:00,price,63.8125,$/MWh
1042,QLD1,2025-10-17 06:00:00+10:00,price,5.4825,$/MWh
1043,QLD1,2025-10-17 07:00:00+10:00,price,-13.6475,$/MWh
1044,QLD1,2025-10-17 08:00:00+10:00,price,-16.862727,$/MWh
1045,QLD1,2025-10-17 09:00:00+10:00,price,-36.1125,$/MWh
1046,QLD1,2025-10-17 10:00:00+10:00,price,-43.3,$/MWh
1047,QLD1,2025-10-17 11:00:00+10:00,price,-41.7775,$/MWh
1048,QLD1,2025-10-17 12:00:00+10:00,price,-39.66,$/MWh
1049,QLD1,2025-10-17 13:00:00+10:00,price,-33.361,$/MWh
1050,QLD1,2025-10-17 14:00:00+10:00,price,-23.507143,$/MWh
1051,QLD1,2025-10-17 15:00:00+10:00,price,-13.754286,$/MWh
1052,QLD1,2025-10-17 16:00:00+10:00,price,30.64,$/MWh
1053,QLD1,2025-10-17 17:00:00+10:00,price,95.233333,$/MWh
1054,QLD1,2025-10-17 18:00:00+10:00,price,127.98417,$/MWh
1055,QLD1,2025-10-17 19:00:00+10:00,price,119.19333,$/MWh
1056,QLD1,2025-10-17 20:00:00+10:00,price,109.77667,$/MWh
1057,QLD1,2025-10-17 21:00:00+10:00,price,98.171111,$/MWh
1058,QLD1,2025-10-17 22:00:00+10:00,price,107.89167,$/MWh
1059,QLD1,2025-10-17 23:00:00+10:00,price,98.6325,$/MWh
1060,QLD1,2025-10-18 00:00:00+10:00,price,78.431818,$/MWh
1061,QLD1,2025-10-18 01:00:00+10:00,price,75.865,$/MWh
1062,QLD1,2025-10-18 02:00:00+10:00,price,71.295,$/MWh
1063,QLD1,2025-10-18 03:00:00+10:00,price,75.348333,$/MWh
1064,QLD1,2025-10-18 04:00:00+10:00,price,73.130833,$/MWh
1065,QLD1,2025-10-18 05:00:00+10:00,price,68.368182,$/MWh
1066,QLD1,2025-10-18 06:00:00+10:00,price,18.302727,$/MWh
1067,QLD1,2025-10-18 07:00:00+10:00,price,-15.555833,$/MWh
1068,QLD1,2025-10-18 08:00:00+10:00,price,-22.908333,$/MWh
1069,QLD1,2025-10-18 09:00:00+10:00,price,-33.89,$/MWh
1070,QLD1,2025-10-18 10:00:00+10:00,price,-33.89,$/MWh
1071,QLD1,2025-10-18 11:00:00+10:00,price,-33.89,$/MWh
1072,QLD1,2025-10-18 12:00:00+10:00,price,-33.244,$/MWh
1073,QLD1,2025-10-18 13:00:00+10:00,price,-22.724167,$/MWh
1074,QLD1,2025-10-18 14:00:00+10:00,price,1.5081818,$/MWh
1075,QLD1,2025-10-18 15:00:00+10:00,price,55.915,$/MWh
1076,QLD1,2025-10-18 16:00:00+10:00,price,35.376667,$/MWh
1077,QLD1,2025-10-18 17:00:00+10:00,price,118.34333,$/MWh
1078,QLD1,2025-10-18 18:00:00+10:00,price,133.95083,$/MWh
1079,QLD1,2025-10-18 19:00:00+10:00,price,99.723333,$/MWh
1080,QLD1,2025-10-18 20:00:00+10:00,price,71.233333,$/MWh
1081,QLD1,2025-10-18 21:00:00+10:00,price,55.355833,$/MWh
1082,QLD1,2025-10-18 22:00:00+10:00,price,63.7725,$/MWh
1083,QLD1,2025-10-18 23:00:00+10:00,price,55.971667,$/MWh
1084,QLD1,2025-10-19 00:00:00+10:00,price,57.371667,$/MWh
1085,QLD1,2025-10-19 01:00:00+10:00,price,52.389167,$/MWh
1086,QLD1,2025-10-19 02:00:00+10:00,price,53.878333,$/MWh
1087,QLD1,2025-10-19 03:00:00+10:00,price,52.721818,$/MWh
1088,QLD1,2025-10-19 04:00:00+10:00,price,52.775,$/MWh
1089,QLD1,2025-10-19 05:00:00+10:00,price,51.004167,$/MWh
1090,QLD1,2025-10-19 06:00:00+10:00,price,-12.950833,$/MWh
1091,QLD1,2025-10-19 07:00:00+10:00,price,-16.650833,$/MWh
1092,QLD1,2025-10-19 08:00:00+10:00,price,-19.796667,$/MWh
1093,QLD1,2025-10-19 09:00:00+10:00,price,-26.5975,$/MWh
1094,QLD1,2025-10-19 10:00:00+10:00,price,-25.4225,$/MWh
1095,QLD1,2025-10-19 11:00:00+10:00,price,-25.745833,$/MWh
1096,QLD1,2025-10-19 12:00:00+10:00,price,-25.976667,$/MWh
1097,QLD1,2025-10-19 13:00:00+10:00,price,-17.14,$/MWh
1098,QLD1,2025-10-19 14:00:00+10:00,price,-11.868333,$/MWh
1099,QLD1,2025-10-19 15:00:00+10:00,price,8.3983333,$/MWh
1100,QLD1,2025-10-19 16:00:00+10:00,price,56.8525,$/MWh
1101,QLD1,2025-10-19 17:00:00+10:00,price,112.28,$/MWh
1102,QLD1,2025-10-19 18:00:00+10:00,price,135.61417,$/MWh
1103,QLD1,2025-10-19 19:00:00+10:00,price,114.68083,$/MWh
1104,QLD1,2025-10-19 20:00:00+10:00,price,85.105,$/MWh
1105,QLD1,2025-10-19 21:00:00+10:00,price,99.709167,$/MWh
1106,QLD1,2025-10-19 22:00:00+10:00,price,100.225,$/MWh
1107,QLD1,2025-10-19 23:00:00+10:00,price,78.594167,$/MWh
1108,QLD1,2025-10-20 00:00:00+10:00,price,72.448333,$/MWh
1109,QLD1,2025-10-20 01:00:00+10:00,price,66.32,$/MWh
1110,QLD1,2025-10-20 02:00:00+10:00,price,69.408333,$/MWh
1111,QLD1,2025-10-20 03:00:00+10:00,price,70.529167,$/MWh
1112,QLD1,2025-10-20 04:00:00+10:00,price,66.061667,$/MWh
1113,QLD1,2025-10-20 05:00:00+10:00,price,85.020833,$/MWh
1114,QLD1,2025-10-20 06:00:00+10:00,price,16.396667,$/MWh
1115,QLD1,2025-10-20 07:00:00+10:00,price,-7.6133333,$/MWh
1116,QLD1,2025-10-20 08:00:00+10:00,price,-10.319167,$/MWh
1117,QLD1,2025-10-20 09:00:00+10:00,price,-12.385,$/MWh
1118,QLD1,2025-10-20 10:00:00+10:00,price,-16.291667,$/MWh
1119,QLD1,2025-10-20 11:00:00+10:00,price,-16.8725,$/MWh
1120,QLD1,2025-10-20 12:00:00+10:00,price,-22.088333,$/MWh
1121,QLD1,2025-10-20 13:00:00+10:00,price,-14.326667,$/MWh
1122,QLD1,2025-10-20 14:00:00+10:00,price,-12.4225,$/MWh
1123,QLD1,2025-10-20 15:00:00+10:00,price,-3.915,$/MWh
1124,QLD1,2025-10-20 16:00:00+10:00,price,72.620833,$/MWh
1125,QLD1,2025-10-20 17:00:00+10:00,price,175.22333,$/MWh
1126,QLD1,2025-10-20 18:00:00+10:00,price,167.64833,$/MWh
1127,QLD1,2025-10-20 19:00:00+10:00,price,140.11667,$/MWh
1128,QLD1,2025-10-20 20:00:00+10:00,price,128.8425,$/MWh
1129,QLD1,2025-10-20 21:00:00+10:00,price,105.2,$/MWh
1130,QLD1,2025-10-20 22:00:00+10:00,price,110.84667,$/MWh
1131,QLD1,2025-10-20 23:00:00+10:00,price,102.27083,$/MWh
1132,QLD1,2025-10-21 00:00:00+10:00,price,89.768333,$/MWh
1133,QLD1,2025-10-21 01:00:00+10:00,price,92.11,$/MWh
1134,QLD1,2025-10-21 02:00:00+10:00,price,82.553636,$/MWh
1135,QLD1,2025-10-21 03:00:00+10:00,price,85.22,$/MWh
1136,QLD1,2025-10-21 04:00:00+10:00,price,91.018333,$/MWh
1137,QLD1,2025-10-21 05:00:00+10:00,price,114.165,$/MWh
1138,QLD1,2025-10-21 06:00:00+10:00,price,61.535833,$/MWh
1139,QLD1,2025-10-21 07:00:00+10:00,price,0.39833333,$/MWh
1140,QLD1,2025-10-21 08:00:00+10:00,price,-12.5675,$/MWh
1141,QLD1,2025-10-21 09:00:00+10:00,price,-21.344167,$/MWh
1142,QLD1,2025-10-21 10:00:00+10:00,price,-26.458333,$/MWh
1143,QLD1,2025-10-21 11:00:00+10:00,price,-31.875833,$/MWh
1144,QLD1,2025-10-21 12:00:00+10:00,price,-29.728333,$/MWh
1145,QLD1,2025-10-21 13:00:00+10:00,price,-16.224167,$/MWh
1146,QLD1,2025-10-21 14:00:00+10:00,price,-7.7625,$/MWh
1147,QLD1,2025-10-21 15:00:00+10:00,price,44.748333,$/MWh
1148,QLD1,2025-10-21 16:00:00+10:00,price,91.799167,$/MWh
1149,QLD1,2025-10-21 17:00:00+10:00,price,184.77417,$/MWh
1150,QLD1,2025-10-21 18:00:00+10:00,price,212.44364,$/MWh
1151,QLD1,2025-10-21 19:00:00+10:00,price,138.0075,$/MWh
1152,QLD1,2025-10-21 20:00:00+10:00,price,85.156667,$/MWh
1153,QLD1,2025-10-21 21:00:00+10:00,price,74.719167,$/MWh
1154,QLD1,2025-10-21 22:00:00+10:00,price,77.371667,$/MWh
1155,QLD1,2025-10-21 23:00:00+10:00,price,63.459167,$/MWh
1156,QLD1,2025-10-22 00:00:00+10:00,price,56.576667,$/MWh
1157,QLD1,2025-10-22 01:00:00+10:00,price,54.760833,$/MWh
1158,QLD1,2025-10-22 02:00:00+10:00,price,52.71,$/MWh
1159,QLD1,2025-10-22 03:00:00+10:00,price,49.093333,$/MWh
1160,QLD1,2025-10-22 04:00:00+10:00,price,54.626667,$/MWh
1161,QLD1,2025-10-22 05:00:00+10:00,price,62.456667,$/MWh
1162,QLD1,2025-10-22 06:00:00+10:00,price,33.2625,$/MWh
1163,QLD1,2025-10-22 07:00:00+10:00,price,-9.295,$/MWh
1164,QLD1,2025-10-22 08:00:00+10:00,price,-9.295,$/MWh
1165,QLD1,2025-10-22 09:00:00+10:00,price,-18.863333,$/MWh
1166,QLD1,2025-10-22 10:00:00+10:00,price,-33.860909,$/MWh
1167,QLD1,2025-10-22 11:00:00+10:00,price,-33.85,$/MWh
1168,QLD1,2025-10-22 12:00:00+10:00,price,-33.251,$/MWh
1169,QLD1,2025-10-22 13:00:00+10:00,price,-30.226364,$/MWh
1170,QLD1,2025-10-22 14:00:00+10:00,price,-24.881,$/MWh
1171,QLD1,2025-10-22 15:00:00+10:00,price,3.2309091,$/MWh
1172,QLD1,2025-10-22 16:00:00+10:00,price,71.078182,$/MWh
1173,QLD1,2025-10-22 17:00:00+10:00,price,246.21167,$/MWh
1174,QLD1,2025-10-22 18:00:00+10:00,price,140.696,$/MWh
1175,QLD1,2025-10-22 19:00:00+10:00,price,92.906667,$/MWh
1176,QLD1,2025-10-22 20:00:00+10:00,price,76.329167,$/MWh
1177,QLD1,2025-10-22 21:00:00+10:00,price,63.834545,$/MWh
1178,QLD1,2025-10-22 22:00:00+10:00,price,85.089167,$/MWh
1179,QLD1,2025-10-22 23:00:00+10:00,price,95.24,$/MWh
1180,QLD1,2025-10-23 00:00:00+10:00,price,102.49111,$/MWh
1181,QLD1,2025-10-23 01:00:00+10:00,price,94.652,$/MWh
1182,QLD1,2025-10-23 02:00:00+10:00,price,103.47818,$/MWh
1183,QLD1,2025-10-23 03:00:00+10:00,price,105.92091,$/MWh
1184,QLD1,2025-10-23 04:00:00+10:00,price,151.55833,$/MWh
1185,QLD1,2025-10-23 05:00:00+10:00,price,166.7675,$/MWh
1186,QLD1,2025-10-23 06:00:00+10:00,price,64.616667,$/MWh
1187,QLD1,2025-10-23 07:00:00+10:00,price,5.1490909,$/MWh
1188,QLD1,2025-10-23 08:00:00+10:00,price,-3.8783333,$/MWh
1189,QLD1,2025-10-23 09:00:00+10:00,price,-8.8427273,$/MWh
1190,QLD1,2025-10-23 10:00:00+10:00,price,-7.0891667,$/MWh
1191,QLD1,2025-10-23 11:00:00+10:00,price,8.2411111,$/MWh
1192,QLD1,2025-10-23 12:00:00+10:00,price,42.127143,$/MWh
1193,QLD1,2025-10-23 13:00:00+10:00,price,17.669091,$/MWh
1194,QLD1,2025-10-23 14:00:00+10:00,price,86.598333,$/MWh
1195,QLD1,2025-10-23 15:00:00+10:00,price,174.23444,$/MWh
1196,QLD1,2025-10-23 16:00:00+10:00,price,139.2225,$/MWh
1197,QLD1,2025-10-23 17:00:00+10:00,price,174.43857,$/MWh
1198,QLD1,2025-10-23 18:00:00+10:00,price,170.775,$/MWh
1199,QLD1,2025-10-23 19:00:00+10:00,price,140.18818,$/MWh
1200,QLD1,2025-10-23 20:00:00+10:00,price,121.238,$/MWh
1201,QLD1,2025-10-23 21:00:00+10:00,price,102.16818,$/MWh
1202,QLD1,2025-10-23 22:00:00+10:00,price,116.87667,$/MWh
1203,QLD1,2025-10-23 23:00:00+10:00,price,116.33273,$/MWh
1204,QLD1,2025-10-24 00:00:00+10:00,price,116.895,$/MWh
1205,QLD1,2025-10-24 01:00:00+10:00,price,109.434,$/MWh
1206,QLD1,2025-10-24 02:00:00+10:00,price,104.25333,$/MWh
1207,QLD1,2025-10-24 03:00:00+10:00,price,119.53455,$/MWh
1208,QLD1,2025-10-24 04:00:00+10:00,price,138.81444,$/MWh
1209,QLD1,2025-10-24 05:00:00+10:00,price,130.30545,$/MWh
1210,QLD1,2025-10-24 06:00:00+10:00,price,35.90625,$/MWh
1211,QLD1,2025-10-24 07:00:00+10:00,price,15.24,$/MWh
1212,QLD1,2025-10-24 08:00:00+10:00,price,-10.058,$/MWh
1213,QLD1,2025-10-24 09:00:00+10:00,price,-10.39,$/MWh
1214,QLD1,2025-10-24 10:00:00+10:00,price,-13.68125,$/MWh
1215,QLD1,2025-10-24 11:00:00+10:00,price,-11.455556,$/MWh
1216,QLD1,2025-10-24 12:00:00+10:00,price,-10.57,$/MWh
1217,QLD1,2025-10-24 13:00:00+10:00,price,-11.121,$/MWh
1218,QLD1,2025-10-24 14:00:00+10:00,price,-10.598,$/MWh
1219,QLD1,2025-10-24 15:00:00+10:00,price,-1.4122222,$/MWh
1220,QLD1,2025-10-24 16:00:00+10:00,price,38.611111,$/MWh
1221,QLD1,2025-10-24 17:00:00+10:00,price,116.68167,$/MWh
1222,QLD1,2025-10-24 18:00:00+10:00,price,144.71714,$/MWh
1223,QLD1,2025-10-24 19:00:00+10:00,price,137.31333,$/MWh
1224,QLD1,2025-10-24 20:00:00+10:00,price,131.6,$/MWh
1225,QLD1,2025-10-24 21:00:00+10:00,price,131.60182,$/MWh
1226,QLD1,2025-10-24 22:00:00+10:00,price,140.86,$/MWh
1227,QLD1,2025-10-24 23:00:00+10:00,price,156.41333,$/MWh
1228,QLD1,2025-10-25 00:00:00+10:00,price,148.38333,$/MWh
1229,QLD1,2025-10-25 01:00:00+10:00,price,209.61857,$/MWh
1230,QLD1,2025-10-25 02:00:00+10:00,price,221.527,$/MWh
1231,QLD1,2025-10-25 03:00:00+10:00,price,192.56222,$/MWh
1232,QLD1,2025-10-25 04:00:00+10:00,price,141.812,$/MWh
1233,QLD1,2025-10-25 05:00:00+10:00,price,106.59,$/MWh
1234,QLD1,2025-10-25 06:00:00+10:00,price,45.021429,$/MWh
1235,QLD1,2025-10-25 07:00:00+10:00,price,26.77375,$/MWh
1236,QLD1,2025-10-25 08:00:00+10:00,price,18.88875,$/MWh
1237,QLD1,2025-10-25 09:00:00+10:00,price,6.3925,$/MWh
1238,QLD1,2025-10-25 10:00:00+10:00,price,21.278333,$/MWh
1239,QLD1,2025-10-25 11:00:00+10:00,price,25.13,$/MWh
1240,QLD1,2025-10-25 12:00:00+10:00,price,34.85,$/MWh
1241,QLD1,2025-10-25 13:00:00+10:00,price,40.0075,$/MWh
1242,QLD1,2025-10-25 14:00:00+10:00,price,45.265,$/MWh
1243,QLD1,2025-10-25 15:00:00+10:00,price,67.166667,$/MWh
1244,QLD1,2025-10-25 16:00:00+10:00,price,108.63167,$/MWh
1245,QLD1,2025-10-25 17:00:00+10:00,price,134.73143,$/MWh
1246,QLD1,2025-10-25 18:00:00+10:00,price,134.13833,$/MWh
1247,QLD1,2025-10-25 19:00:00+10:00,price,125.91667,$/MWh
1248,QLD1,2025-10-25 20:00:00+10:00,price,131.8,$/MWh
1249,QLD1,2025-10-25 21:00:00+10:00,price,131.50167,$/MWh
1250,QLD1,2025-10-25 22:00:00+10:00,price,95.171667,$/MWh
1251,QLD1,2025-10-25 23:00:00+10:00,price,117.10167,$/MWh
1252,QLD1,2025-10-26 00:00:00+10:00,price,86.58,$/MWh
1253,QLD1,2025-10-26 01:00:00+10:00,price,64.024,$/MWh
1254,QLD1,2025-10-26 02:00:00+10:00,price,60.476667,$/MWh
1255,QLD1,2025-10-26 03:00:00+10:00,price,62.858333,$/MWh
1256,QLD1,2025-10-26 04:00:00+10:00,price,62.884,$/MWh
1257,QLD1,2025-10-26 05:00:00+10:00,price,58.115,$/MWh
1258,QLD1,2025-10-26 06:00:00+10:00,price,,$/MWh
1259,QLD1,2025-10-26 07:00:00+10:00,price,,$/MWh
1260,QLD1,2025-10-26 08:00:00+10:00,price,10.508571,$/MWh
1261,QLD1,2025-10-26 09:00:00+10:00,price,-10.975,$/MWh
1262,QLD1,2025-10-26 10:00:00+10:00,price,-11.543333,$/MWh
1263,QLD1,2025-10-26 11:00:00+10:00,price,-6.8416667,$/MWh
1264,QLD1,2025-10-26 12:00:00+10:00,price,23.44,$/MWh
1265,QLD1,2025-10-26 13:00:00+10:00,price,-5.0975,$/MWh
1266,QLD1,2025-10-26 14:00:00+10:00,price,17.115,$/MWh
1267,QLD1,2025-10-26 15:00:00+10:00,price,66.0,$/MWh
1268,QLD1,2025-10-26 16:00:00+10:00,price,88.13,$/MWh
1269,QLD1,2025-10-26 17:00:00+10:00,price,70.063333,$/MWh
1270,QLD1,2025-10-26 18:00:00+10:00,price,112.105,$/MWh
1271,QLD1,2025-10-26 19:00:00+10:00,price,106.122,$/MWh
1272,QLD1,2025-10-26 20:00:00+10:00,price,,$/MWh
1273,QLD1,2025-10-26 21:00:00+10:00,price,117.74667,$/MWh
1274,QLD1,2025-10-26 22:00:00+10:00,price,134.36667,$/MWh
1275,QLD1,2025-10-26 23:00:00+10:00,price,93.781667,$/MWh
1276,QLD1,2025-10-27 00:00:00+10:00,price,82.0,$/MWh
1277,QLD1,2025-10-27 01:00:00+10:00,price,79.895,$/MWh
1278,QLD1,2025-10-27 02:00:00+10:00,price,75.883333,$/MWh
1279,QLD1,2025-10-27 03:00:00+10:00,price,64.34,$/MWh
1280,QLD1,2025-10-27 04:00:00+10:00,price,77.39,$/MWh
1281,QLD1,2025-10-27 05:00:00+10:00,price,57.81,$/MWh
1282,QLD1,2025-10-27 06:00:00+10:00,price,15.61,$/MWh
1283,QLD1,2025-10-27 07:00:00+10:00,price,-10.5,$/MWh
1284,QLD1,2025-10-27 08:00:00+10:00,price,-11.813333,$/MWh
1285,QLD1,2025-10-27 09:00:00+10:00,price,-12.016667,$/MWh
1286,QLD1,2025-10-27 10:00:00+10:00,price,-10.755,$/MWh
1287,QLD1,2025-10-27 11:00:00+10:00,price,-7.422,$/MWh
1288,QLD1,2025-10-27 12:00:00+10:00,price,-9.785,$/MWh
1289,QLD1,2025-10-27 13:00:00+10:00,price,-8.585,$/MWh
1290,QLD1,2025-10-27 14:00:00+10:00,price,38.326667,$/MWh
1291,QLD1,2025-10-27 15:00:00+10:00,price,113.28333,$/MWh
1292,QLD1,2025-10-27 16:00:00+10:00,price,182.4525,$/MWh
1293,QLD1,2025-10-27 17:00:00+10:00,price,215.82,$/MWh
1294,QLD1,2025-10-27 18:00:00+10:00,price,162.73333,$/MWh
1295,QLD1,2025-10-27 19:00:00+10:00,price,142.35667,$/MWh
1296,QLD1,2025-10-27 20:00:00+10:00,price,139.21,$/MWh
1297,QLD1,2025-10-27 21:00:00+10:00,price,125.015,$/MWh
1298,QLD1,2025-10-27 22:00:00+10:00,price,202.9,$/MWh
1299,QLD1,2025-10-27 23:00:00+10:00,price,100.07667,$/MWh
1300,QLD1,2025-10-28 00:00:00+10:00,price,95.75,$/MWh
1301,QLD1,2025-10-28 01:00:00+10:00,price,,$/MWh
1302,QLD1,2025-10-28 02:00:00+10:00,price,,$/MWh
1303,QLD1,2025-10-28 03:00:00+10:00,price,,$/MWh
1304,QLD1,2025-10-28 04:00:00+10:00,price,,$/MWh
1305,QLD1,2025-10-28 05:00:00+10:00,price,,$/MWh
1306,QLD1,2025-10-28 06:00:00+10:00,price,,$/MWh
1307,QLD1,2025-10-28 07:00:00+10:00,price,,$/MWh
1308,QLD1,2025-10-28 08:00:00+10:00,price,108.171,$/MWh
1309,QLD1,2025-10-28 09:00:00+10:00,price,83.1325,$/MWh
1310,QLD1,2025-10-28 10:00:00+10:00,price,85.170833,$/MWh
1311,QLD1,2025-10-28 11:00:00+10:00,price,97.9175,$/MWh
1312,QLD1,2025-10-28 12:00:00+10:00,price,117.52,$/MWh
1313,QLD1,2025-10-28 13:00:00+10:00,price,106.81833,$/MWh
1314,QLD1,2025-10-28 14:00:00+10:00,price,101.12,$/MWh
1315,QLD1,2025-10-28 15:00:00+10:00,price,87.779167,$/MWh
1316,QLD1,2025-10-28 16:00:00+10:00,price,69.395833,$/MWh
1317,QLD1,2025-10-28 17:00:00+10:00,price,91.1725,$/MWh
1318,QLD1,2025-10-28 18:00:00+10:00,price,100.85583,$/MWh
1319,QLD1,2025-10-28 19:00:00+10:00,price,69.814167,$/MWh
1320,QLD1,2025-10-28 20:00:00+10:00,price,108.46667,$/MWh
1321,QLD1,2025-10-28 21:00:00+10:00,price,148.97583,$/MWh
1322,QLD1,2025-10-28 22:00:00+10:00,price,146.67167,$/MWh
1323,QLD1,2025-10-28 23:00:00+10:00,price,155.18083,$/MWh
1324,QLD1,2025-10-29 00:00:00+10:00,price,124.24167,$/MWh
1325,QLD1,2025-10-29 01:00:00+10:00,price,89.371667,$/MWh
1326,QLD1,2025-10-29 02:00:00+10:00,price,91.51,$/MWh
1327,QLD1,2025-10-29 03:00:00+10:00,price,92.806667,$/MWh
1328,QLD1,2025-10-29 04:00:00+10:00,price,96.33,$/MWh
1329,QLD1,2025-10-29 05:00:00+10:00,price,113.08333,$/MWh
1330,QLD1,2025-10-29 06:00:00+10:00,price,76.688182,$/MWh
1331,QLD1,2025-10-29 07:00:00+10:00,price,69.03,$/MWh
1332,QLD1,2025-10-29 08:00:00+10:00,price,7.2358333,$/MWh
1333,QLD1,2025-10-29 09:00:00+10:00,price,-11.095455,$/MWh
1334,QLD1,2025-10-29 10:00:00+10:00,price,-11.9925,$/MWh
1335,QLD1,2025-10-29 11:00:00+10:00,price,-10.939167,$/MWh
1336,QLD1,2025-10-29 12:00:00+10:00,price,-10.205,$/MWh
1337,QLD1,2025-10-29 13:00:00+10:00,price,-10.129167,$/MWh
1338,QLD1,2025-10-29 14:00:00+10:00,price,-10.450833,$/MWh
1339,QLD1,2025-10-29 15:00:00+10:00,price,-9.2816667,$/MWh
1340,QLD1,2025-10-29 16:00:00+10:00,price,51.786667,$/MWh
1341,QLD1,2025-10-29 17:00:00+10:00,price,179.185,$/MWh
1342,QLD1,2025-10-29 18:00:00+10:00,price,220.52818,$/MWh
1343,QLD1,2025-10-29 19:00:00+10:00,price,148.3,$/MWh
1344,QLD1,2025-10-29 20:00:00+10:00,price,157.04083,$/MWh
1345,QLD1,2025-10-29 21:00:00+10:00,price,133.82917,$/MWh
1346,QLD1,2025-10-29 22:00:00+10:00,price,159.69833,$/MWh
1347,QLD1,2025-10-29 23:00:00+10:00,price,105.6175,$/MWh
1348,QLD1,2025-10-30 00:00:00+10:00,price,88.905,$/MWh
1349,QLD1,2025-10-30 01:00:00+10:00,price,91.146667,$/MWh
1350,QLD1,2025-10-30 02:00:00+10:00,price,87.051667,$/MWh
1351,QLD1,2025-10-30 03:00:00+10:00,price,86.243333,$/MWh
1352,QLD1,2025-10-30 04:00:00+10:00,price,91.185,$/MWh
1353,QLD1,2025-10-30 05:00:00+10:00,price,109.7375,$/MWh
1354,QLD1,2025-10-30 06:00:00+10:00,price,48.101667,$/MWh
1355,QLD1,2025-10-30 07:00:00+10:00,price,-6.1241667,$/MWh
1356,QLD1,2025-10-30 08:00:00+10:00,price,-6.8233333,$/MWh
1357,QLD1,2025-10-30 09:00:00+10:00,price,-10.315833,$/MWh
1358,QLD1,2025-10-30 10:00:00+10:00,price,-10.981667,$/MWh
1359,QLD1,2025-10-30 11:00:00+10:00,price,-10.6,$/MWh
1360,QLD1,2025-10-30 12:00:00+10:00,price,-7.525,$/MWh
1361,QLD1,2025-10-30 13:00:00+10:00,price,17.2775,$/MWh
1362,QLD1,2025-10-30 14:00:00+10:00,price,19.614167,$/MWh
1363,QLD1,2025-10-30 15:00:00+10:00,price,43.5725,$/MWh
1364,QLD1,2025-10-30 16:00:00+10:00,price,66.930833,$/MWh
1365,QLD1,2025-10-30 17:00:00+10:00,price,130.58583,$/MWh
1366,QLD1,2025-10-30 18:00:00+10:00,price,213.45417,$/MWh
1367,QLD1,2025-10-30 19:00:00+10:00,price,176.89667,$/MWh
1368,QLD1,2025-10-30 20:00:00+10:00,price,130.56,$/MWh
1369,QLD1,2025-10-30 21:00:00+10:00,price,121.69833,$/MWh
1370,QLD1,2025-10-30 22:00:00+10:00,price,106.23583,$/MWh
1371,QLD1,2025-10-30 23:00:00+10:00,price,96.65,$/MWh
1372,QLD1,2025-10-31 00:00:00+10:00,price,96.325833,$/MWh
1373,QLD1,2025-10-31 01:00:00+10:00,price,88.799167,$/MWh
1374,QLD1,2025-10-31 02:00:00+10:00,price,83.511667,$/MWh
1375,QLD1,2025-10-31 03:00:00+10:00,price,79.161667,$/MWh
1376,QLD1,2025-10-31 04:00:00+10:00,price,99.4425,$/MWh
1377,QLD1,2025-10-31 05:00:00+10:00,price,116.43083,$/MWh
1378,QLD1,2025-10-31 06:00:00+10:00,price,67.075,$/MWh
1379,QLD1,2025-10-31 07:00:00+10:00,price,41.6425,$/MWh
1380,QLD1,2025-10-31 08:00:00+10:00,price,49.258333,$/MWh
1381,QLD1,2025-10-31 09:00:00+10:00,price,33.209167,$/MWh
1382,QLD1,2025-10-31 10:00:00+10:00,price,8.3616667,$/MWh
1383,QLD1,2025-10-31 11:00:00+10:00,price,0.895,$/MWh
1384,QLD1,2025-10-31 12:00:00+10:00,price,39.929167,$/MWh
1385,QLD1,2025-10-31 13:00:00+10:00,price,30.169167,$/MWh
1386,QLD1,2025-10-31 14:00:00+10:00,price,170.86083,$/MWh
1387,QLD1,2025-10-31 15:00:00+10:00,price,141.13083,$/MWh
1388,QLD1,2025-10-31 16:00:00+10:00,price,206.48583,$/MWh
1389,QLD1,2025-10-31 17:00:00+10:00,price,238.41,$/MWh
1390,QLD1,2025-10-31 18:00:00+10:00,price,171.47083,$/MWh
1391,QLD1,2025-10-31 19:00:00+10:00,price,105.76167,$/MWh
1392,QLD1,2025-10-31 20:00:00+10:00,price,80.196667,$/MWh
1393,QLD1,2025-10-31 21:00:00+10:00,price,74.406667,$/MWh
1394,QLD1,2025-10-31 22:00:00+10:00,price,79.463333,$/MWh
1395,QLD1,2025-10-31 23:00:00+10:00,price,78.8525,$/MWh
1396,QLD1,2025-11-01 00:00:00+10:00,price,77.83,$/MWh
1397,QLD1,2025-11-01 01:00:00+10:00,price,70.064167,$/MWh
1398,QLD1,2025-11-01 02:00:00+10:00,price,72.8475,$/MWh
1399,QLD1,2025-11-01 03:00:00+10:00,price,72.971667,$/MWh
1400,QLD1,2025-11-01 04:00:00+10:00,price,70.338333,$/MWh
1401,QLD1,2025-11-01 05:00:00+10:00,price,67.965,$/MWh
1402,QLD1,2025-11-01 06:00:00+10:00,price,-6.23,$/MWh
1403,QLD1,2025-11-01 07:00:00+10:00,price,-13.569091,$/MWh
1404,QLD1,2025-11-01 08:00:00+10:00,price,-12.405,$/MWh
1405,QLD1,2025-11-01 09:00:00+10:00,price,-14.391667,$/MWh
1406,QLD1,2025-11-01 10:00:00+10:00,price,-13.3175,$/MWh
1407,QLD1,2025-11-01 11:00:00+10:00,price,-18.92,$/MWh
1408,QLD1,2025-11-01 12:00:00+10:00,price,-12.321667,$/MWh
1409,QLD1,2025-11-01 13:00:00+10:00,price,25.548333,$/MWh
1410,QLD1,2025-11-01 14:00:00+10:00,price,68.793333,$/MWh
1411,QLD1,2025-11-01 15:00:00+10:00,price,7.1375,$/MWh
1412,QLD1,2025-11-01 16:00:00+10:00,price,53.8,$/MWh
1413,QLD1,2025-11-01 17:00:00+10:00,price,107.0075,$/MWh
1414,QLD1,2025-11-01 18:00:00+10:00,price,132.68917,$/MWh
1415,QLD1,2025-11-01 19:00:00+10:00,price,87.5575,$/MWh
1416,QLD1,2025-11-01 20:00:00+10:00,price,75.008333,$/MWh
1417,QLD1,2025-11-01 21:00:00+10:00,price,71.699167,$/MWh
1418,QLD1,2025-11-01 22:00:00+10:00,price,76.965833,$/MWh
1419,QLD1,2025-11-01 23:00:00+10:00,price,63.2525,$/MWh
1420,QLD1,2025-11-02 00:00:00+10:00,price,68.855,$/MWh
1421,QLD1,2025-11-02 01:00:00+10:00,price,55.339167,$/MWh
1422,QLD1,2025-11-02 02:00:00+10:00,price,69.306667,$/MWh
1423,QLD1,2025-11-02 03:00:00+10:00,price,74.810833,$/MWh
1424,QLD1,2025-11-02 04:00:00+10:00,price,66.33,$/MWh
1425,QLD1,2025-11-02 05:00:00+10:00,price,41.1475,$/MWh
1426,QLD1,2025-11-02 06:00:00+10:00,price,-16.0625,$/MWh
1427,QLD1,2025-11-02 07:00:00+10:00,price,-19.954167,$/MWh
1428,QLD1,2025-11-02 08:00:00+10:00,price,-16.413636,$/MWh
1429,QLD1,2025-11-02 09:00:00+10:00,price,-21.62,$/MWh
1430,QLD1,2025-11-02 10:00:00+10:00,price,-21.220833,$/MWh
1431,QLD1,2025-11-02 11:00:00+10:00,price,-21.380833,$/MWh
1432,QLD1,2025-11-02 12:00:00+10:00,price,-16.838333,$/MWh
1433,QLD1,2025-11-02 13:00:00+10:00,price,-12.920833,$/MWh
1434,QLD1,2025-11-02 14:00:00+10:00,price,-10.19,$/MWh
1435,QLD1,2025-11-02 15:00:00+10:00,price,7.635,$/MWh
1436,QLD1,2025-11-02 16:00:00+10:00,price,61.3875,$/MWh
1437,QLD1,2025-11-02 17:00:00+10:00,price,183.02083,$/MWh
1438,QLD1,2025-11-02 18:00:00+10:00,price,224.62917,$/MWh
1439,QLD1,2025-11-02 19:00:00+10:00,price,171.72083,$/MWh
1440,QLD1,2025-11-02 20:00:00+10:00,price,110.75167,$/MWh
1441,QLD1,2025-11-02 21:00:00+10:00,price,104.43167,$/MWh
1442,QLD1,2025-11-02 22:00:00+10:00,price,118.49667,$/MWh
1443,QLD1,2025-11-02 23:00:00+10:00,price,109.84417,$/MWh
1444,QLD1,2025-11-03 00:00:00+10:00,price,94.22,$/MWh
1445,QLD1,2025-11-03 01:00:00+10:00,price,101.43667,$/MWh
1446,QLD1,2025-11-03 02:00:00+10:00,price,79.623333,$/MWh
1447,QLD1,2025-11-03 03:00:00+10:00,price,77.2925,$/MWh
1448,QLD1,2025-11-03 04:00:00+10:00,price,75.694167,$/MWh
1449,QLD1,2025-11-03 05:00:00+10:00,price,80.376667,$/MWh
1450,QLD1,2025-11-03 06:00:00+10:00,price,60.569167,$/MWh
1451,QLD1,2025-11-03 07:00:00+10:00,price,69.575,$/MWh
1452,QLD1,2025-11-03 08:00:00+10:00,price,34.036667,$/MWh
1453,QLD1,2025-11-03 09:00:00+10:00,price,-10.1275,$/MWh
1454,QLD1,2025-11-03 10:00:00+10:00,price,-10.1875,$/MWh
1455,QLD1,2025-11-03 11:00:00+10:00,price,-9.965,$/MWh
1456,QLD1,2025-11-03 12:00:00+10:00,price,-6.4641667,$/MWh
1457,QLD1,2025-11-03 13:00:00+10:00,price,0.73833333,$/MWh
1458,QLD1,2025-11-03 14:00:00+10:00,price,80.625,$/MWh
1459,QLD1,2025-11-03 15:00:00+10:00,price,125.8975,$/MWh
1460,QLD1,2025-11-03 16:00:00+10:00,price,272.8875,$/MWh
1461,QLD1,2025-11-03 17:00:00+10:00,price,244.21917,$/MWh
1462,QLD1,2025-11-03 18:00:00+10:00,price,126.95417,$/MWh
1463,QLD1,2025-11-03 19:00:00+10:00,price,130.71083,$/MWh
1464,QLD1,2025-11-03 20:00:00+10:00,price,187.53667,$/MWh
1465,QLD1,2025-11-03 21:00:00+10:00,price,171.64083,$/MWh
1466,QLD1,2025-11-03 22:00:00+10:00,price,135.2275,$/MWh
1467,QLD1,2025-11-03 23:00:00+10:00,price,123.39833,$/MWh
1468,QLD1,2025-11-04 00:00:00+10:00,price,122.995,$/MWh
1469,QLD1,2025-11-04 01:00:00+10:00,price,138.85,$/MWh
1470,QLD1,2025-11-04 02:00:00+10:00,price,112.46,$/MWh
1471,QLD1,2025-11-04 03:00:00+10:00,price,128.88167,$/MWh
1472,QLD1,2025-11-04 04:00:00+10:00,price,154.06917,$/MWh
1473,QLD1,2025-11-04 05:00:00+10:00,price,240.95333,$/MWh
1474,QLD1,2025-11-04 06:00:00+10:00,price,129.52333,$/MWh
1475,QLD1,2025-11-04 07:00:00+10:00,price,123.5275,$/MWh
1476,QLD1,2025-11-04 08:00:00+10:00,price,115.19333,$/MWh
1477,QLD1,2025-11-04 09:00:00+10:00,price,41.460833,$/MWh
1478,QLD1,2025-11-04 10:00:00+10:00,price,-10.985833,$/MWh
1479,QLD1,2025-11-04 11:00:00+10:00,price,-9.8866667,$/MWh
1480,QLD1,2025-11-04 12:00:00+10:00,price,-5.4841667,$/MWh
1481,QLD1,2025-11-04 13:00:00+10:00,price,-6.455,$/MWh
1482,QLD1,2025-11-04 14:00:00+10:00,price,-7.9591667,$/MWh
1483,QLD1,2025-11-04 15:00:00+10:00,price,-3.83,$/MWh
1484,QLD1,2025-11-04 16:00:00+10:00,price,28.456667,$/MWh
1485,QLD1,2025-11-04 17:00:00+10:00,price,67.278,$/MWh
1486,SA1,2025-10-04 19:00:00+10:00,price,88.776667,$/MWh
1487,SA1,2025-10-04 20:00:00+10:00,price,49.684167,$/MWh
1488,SA1,2025-10-04 21:00:00+10:00,price,2.8408333,$/MWh
1489,SA1,2025-10-04 22:00:00+10:00,price,-12.4575,$/MWh
1490,SA1,2025-10-04 23:00:00+10:00,price,-12.555,$/MWh
1491,SA1,2025-10-05 00:00:00+10:00,price,-11.805,$/MWh
1492,SA1,2025-10-05 01:00:00+10:00,price,-12.446667,$/MWh
1493,SA1,2025-10-05 02:00:00+10:00,price,-16.08,$/MWh
1494,SA1,2025-10-05 03:00:00+10:00,price,-11.783333,$/MWh
1495,SA1,2025-10-05 04:00:00+10:00,price,-12.373636,$/MWh
1496,SA1,2025-10-05 05:00:00+10:00,price,-12.26,$/MWh
1497,SA1,2025-10-05 06:00:00+10:00,price,-11.965,$/MWh
1498,SA1,2025-10-05 07:00:00+10:00,price,-18.874167,$/MWh
1499,SA1,2025-10-05 08:00:00+10:00,price,-32.497273,$/MWh
1500,SA1,2025-10-05 09:00:00+10:00,price,-53.219091,$/MWh
1501,SA1,2025-10-05 10:00:00+10:00,price,-38.865455,$/MWh
1502,SA1,2025-10-05 11:00:00+10:00,price,-28.951818,$/MWh
1503,SA1,2025-10-05 12:00:00+10:00,price,-38.752,$/MWh
1504,SA1,2025-10-05 13:00:00+10:00,price,-35.417,$/MWh
1505,SA1,2025-10-05 14:00:00+10:00,price,-21.1875,$/MWh
1506,SA1,2025-10-05 15:00:00+10:00,price,-11.517273,$/MWh
1507,SA1,2025-10-05 16:00:00+10:00,price,-9.9758333,$/MWh
1508,SA1,2025-10-05 17:00:00+10:00,price,4.6309091,$/MWh
1509,SA1,2025-10-05 18:00:00+10:00,price,-10.884545,$/MWh
1510,SA1,2025-10-05 19:00:00+10:00,price,-9.9583333,$/MWh
1511,SA1,2025-10-05 20:00:00+10:00,price,-10.239167,$/MWh
1512,SA1,2025-10-05 21:00:00+10:00,price,-8.0208333,$/MWh
1513,SA1,2025-10-05 22:00:00+10:00,price,-7.4875,$/MWh
1514,SA1,2025-10-05 23:00:00+10:00,price,-6.2741667,$/MWh
1515,SA1,2025-10-06 00:00:00+10:00,price,-6.6566667,$/MWh
1516,SA1,2025-10-06 01:00:00+10:00,price,-6.6133333,$/MWh
1517,SA1,2025-10-06 02:00:00+10:00,price,-6.84,$/MWh
1518,SA1,2025-10-06 03:00:00+10:00,price,-6.9025,$/MWh
1519,SA1,2025-10-06 04:00:00+10:00,price,-1.4416667,$/MWh
1520,SA1,2025-10-06 05:00:00+10:00,price,22.999167,$/MWh
1521,SA1,2025-10-06 06:00:00+10:00,price,27.528333,$/MWh
1522,SA1,2025-10-06 07:00:00+10:00,price,52.956667,$/MWh
1523,SA1,2025-10-06 08:00:00+10:00,price,62.315,$/MWh
1524,SA1,2025-10-06 09:00:00+10:00,price,24.800833,$/MWh
1525,SA1,2025-10-06 10:00:00+10:00,price,-1.6933333,$/MWh
1526,SA1,2025-10-06 11:00:00+10:00,price,-2.09,$/MWh
1527,SA1,2025-10-06 12:00:00+10:00,price,-9.3416667,$/MWh
1528,SA1,2025-10-06 13:00:00+10:00,price,-9.4033333,$/MWh
1529,SA1,2025-10-06 14:00:00+10:00,price,34.270833,$/MWh
1530,SA1,2025-10-06 15:00:00+10:00,price,44.763333,$/MWh
1531,SA1,2025-10-06 16:00:00+10:00,price,73.608333,$/MWh
1532,SA1,2025-10-06 17:00:00+10:00,price,100.1825,$/MWh
1533,SA1,2025-10-06 18:00:00+10:00,price,127.36667,$/MWh
1534,SA1,2025-10-06 19:00:00+10:00,price,127.47917,$/MWh
1535,SA1,2025-10-06 20:00:00+10:00,price,134.4525,$/MWh
1536,SA1,2025-10-06 21:00:00+10:00,price,144.03917,$/MWh
1537,SA1,2025-10-06 22:00:00+10:00,price,146.24667,$/MWh
1538,SA1,2025-10-06 23:00:00+10:00,price,150.09417,$/MWh
1539,SA1,2025-10-07 00:00:00+10:00,price,160.01167,$/MWh
1540,SA1,2025-10-07 01:00:00+10:00,price,155.19667,$/MWh
1541,SA1,2025-10-07 02:00:00+10:00,price,152.585,$/MWh
1542,SA1,2025-10-07 03:00:00+10:00,price,140.58667,$/MWh
1543,SA1,2025-10-07 04:00:00+10:00,price,163.5425,$/MWh
1544,SA1,2025-10-07 05:00:00+10:00,price,193.94583,$/MWh
1545,SA1,2025-10-07 06:00:00+10:00,price,209.93333,$/MWh
1546,SA1,2025-10-07 07:00:00+10:00,price,119.02917,$/MWh
1547,SA1,2025-10-07 08:00:00+10:00,price,44.841667,$/MWh
1548,SA1,2025-10-07 09:00:00+10:00,price,-10.905833,$/MWh
1549,SA1,2025-10-07 10:00:00+10:00,price,-8.1983333,$/MWh
1550,SA1,2025-10-07 11:00:00+10:00,price,-11.135833,$/MWh
1551,SA1,2025-10-07 12:00:00+10:00,price,-18.234167,$/MWh
1552,SA1,2025-10-07 13:00:00+10:00,price,-20.113333,$/MWh
1553,SA1,2025-10-07 14:00:00+10:00,price,-70.016667,$/MWh
1554,SA1,2025-10-07 15:00:00+10:00,price,-192.9925,$/MWh
1555,SA1,2025-10-07 16:00:00+10:00,price,-73.611667,$/MWh
1556,SA1,2025-10-07 17:00:00+10:00,price,50.8775,$/MWh
1557,SA1,2025-10-07 18:00:00+10:00,price,124.38333,$/MWh
1558,SA1,2025-10-07 19:00:00+10:00,price,134.5475,$/MWh
1559,SA1,2025-10-07 20:00:00+10:00,price,144.5,$/MWh
1560,SA1,2025-10-07 21:00:00+10:00,price,162.51917,$/MWh
1561,SA1,2025-10-07 22:00:00+10:00,price,161.36583,$/MWh
1562,SA1,2025-10-07 23:00:00+10:00,price,193.4425,$/MWh
1563,SA1,2025-10-08 00:00:00+10:00,price,269.34,$/MWh
1564,SA1,2025-10-08 01:00:00+10:00,price,246.77833,$/MWh
1565,SA1,2025-10-08 02:00:00+10:00,price,169.44833,$/MWh
1566,SA1,2025-10-08 03:00:00+10:00,price,155.1725,$/MWh
1567,SA1,2025-10-08 04:00:00+10:00,price,132.51583,$/MWh
1568,SA1,2025-10-08 05:00:00+10:00,price,195.88083,$/MWh
1569,SA1,2025-10-08 06:00:00+10:00,price,217.55333,$/MWh
1570,SA1,2025-10-08 07:00:00+10:00,price,70.989167,$/MWh
1571,SA1,2025-10-08 08:00:00+10:00,price,-2.6025,$/MWh
1572,SA1,2025-10-08 09:00:00+10:00,price,-11.4225,$/MWh
1573,SA1,2025-10-08 10:00:00+10:00,price,-16.945833,$/MWh
1574,SA1,2025-10-08 11:00:00+10:00,price,-16.723333,$/MWh
1575,SA1,2025-10-08 12:00:00+10:00,price,-18.939167,$/MWh
1576,SA1,2025-10-08 13:00:00+10:00,price,-51.285,$/MWh
1577,SA1,2025-10-08 14:00:00+10:00,price,-50.5375,$/MWh
1578,SA1,2025-10-08 15:00:00+10:00,price,-59.471667,$/MWh
1579,SA1,2025-10-08 16:00:00+10:00,price,-16.906667,$/MWh
1580,SA1,2025-10-08 17:00:00+10:00,price,-12.199167,$/MWh
1581,SA1,2025-10-08 18:00:00+10:00,price,71.285,$/MWh
1582,SA1,2025-10-08 19:00:00+10:00,price,86.835,$/MWh
1583,SA1,2025-10-08 20:00:00+10:00,price,78.985,$/MWh
1584,SA1,2025-10-08 21:00:00+10:00,price,53.823333,$/MWh
1585,SA1,2025-10-08 22:00:00+10:00,price,42.423333,$/MWh
1586,SA1,2025-10-08 23:00:00+10:00,price,39.030833,$/MWh
1587,SA1,2025-10-09 00:00:00+10:00,price,29.9225,$/MWh
1588,SA1,2025-10-09 01:00:00+10:00,price,11.131667,$/MWh
1589,SA1,2025-10-09 02:00:00+10:00,price,8.4975,$/MWh
1590,SA1,2025-10-09 03:00:00+10:00,price,2.925,$/MWh
1591,SA1,2025-10-09 04:00:00+10:00,price,-6.07,$/MWh
1592,SA1,2025-10-09 05:00:00+10:00,price,-10.414167,$/MWh
1593,SA1,2025-10-09 06:00:00+10:00,price,-10.416667,$/MWh
1594,SA1,2025-10-09 07:00:00+10:00,price,-11.435,$/MWh
1595,SA1,2025-10-09 08:00:00+10:00,price,-17.366667,$/MWh
1596,SA1,2025-10-09 09:00:00+10:00,price,-25.476667,$/MWh
1597,SA1,2025-10-09 10:00:00+10:00,price,-28.015,$/MWh
1598,SA1,2025-10-09 11:00:00+10:00,price,-22.615,$/MWh
1599,SA1,2025-10-09 12:00:00+10:00,price,-39.186667,$/MWh
1600,SA1,2025-10-09 13:00:00+10:00,price,-40.829167,$/MWh
1601,SA1,2025-10-09 14:00:00+10:00,price,-39.16,$/MWh
1602,SA1,2025-10-09 15:00:00+10:00,price,-52.546667,$/MWh
1603,SA1,2025-10-09 16:00:00+10:00,price,-15.330833,$/MWh
1604,SA1,2025-10-09 17:00:00+10:00,price,-7.92,$/MWh
1605,SA1,2025-10-09 18:00:00+10:00,price,58.65,$/MWh
1606,SA1,2025-10-09 19:00:00+10:00,price,67.843333,$/MWh
1607,SA1,2025-10-09 20:00:00+10:00,price,64.625833,$/MWh
1608,SA1,2025-10-09 21:00:00+10:00,price,52.5875,$/MWh
1609,SA1,2025-10-09 22:00:00+10:00,price,4.7766667,$/MWh
1610,SA1,2025-10-09 23:00:00+10:00,price,-10.594167,$/MWh
1611,SA1,2025-10-10 00:00:00+10:00,price,-11.285,$/MWh
1612,SA1,2025-10-10 01:00:00+10:00,price,-11.0,$/MWh
1613,SA1,2025-10-10 02:00:00+10:00,price,-11.6575,$/MWh
1614,SA1,2025-10-10 03:00:00+10:00,price,-14.519167,$/MWh
1615,SA1,2025-10-10 04:00:00+10:00,price,-19.995,$/MWh
1616,SA1,2025-10-10 05:00:00+10:00,price,-13.1975,$/MWh
1617,SA1,2025-10-10 06:00:00+10:00,price,-12.78,$/MWh
1618,SA1,2025-10-10 07:00:00+10:00,price,-36.558333,$/MWh
1619,SA1,2025-10-10 08:00:00+10:00,price,-58.575833,$/MWh
1620,SA1,2025-10-10 09:00:00+10:00,price,-58.984167,$/MWh
1621,SA1,2025-10-10 10:00:00+10:00,price,-65.1,$/MWh
1622,SA1,2025-10-10 11:00:00+10:00,price,-60.2575,$/MWh
1623,SA1,2025-10-10 12:00:00+10:00,price,-53.945833,$/MWh
1624,SA1,2025-10-10 13:00:00+10:00,price,-57.621667,$/MWh
1625,SA1,2025-10-10 14:00:00+10:00,price,-52.93,$/MWh
1626,SA1,2025-10-10 15:00:00+10:00,price,-76.491667,$/MWh
1627,SA1,2025-10-10 16:00:00+10:00,price,-108.89917,$/MWh
1628,SA1,2025-10-10 17:00:00+10:00,price,-42.945,$/MWh
1629,SA1,2025-10-10 18:00:00+10:00,price,-12.635,$/MWh
1630,SA1,2025-10-10 19:00:00+10:00,price,-6.68,$/MWh
1631,SA1,2025-10-10 20:00:00+10:00,price,-9.2125,$/MWh
1632,SA1,2025-10-10 21:00:00+10:00,price,-9.325,$/MWh
1633,SA1,2025-10-10 22:00:00+10:00,price,-6.485,$/MWh
1634,SA1,2025-10-10 23:00:00+10:00,price,-1.4716667,$/MWh
1635,SA1,2025-10-11 00:00:00+10:00,price,-2.7783333,$/MWh
1636,SA1,2025-10-11 01:00:00+10:00,price,-5.165,$/MWh
1637,SA1,2025-10-11 02:00:00+10:00,price,-5.6233333,$/MWh
1638,SA1,2025-10-11 03:00:00+10:00,price,0.58583333,$/MWh
1639,SA1,2025-10-11 04:00:00+10:00,price,3.0766667,$/MWh
1640,SA1,2025-10-11 05:00:00+10:00,price,29.846667,$/MWh
1641,SA1,2025-10-11 06:00:00+10:00,price,2.8416667,$/MWh
1642,SA1,2025-10-11 07:00:00+10:00,price,-9.0641667,$/MWh
1643,SA1,2025-10-11 08:00:00+10:00,price,-10.591667,$/MWh
1644,SA1,2025-10-11 09:00:00+10:00,price,-21.583333,$/MWh
1645,SA1,2025-10-11 10:00:00+10:00,price,-25.950833,$/MWh
1646,SA1,2025-10-11 11:00:00+10:00,price,-27.8375,$/MWh
1647,SA1,2025-10-11 12:00:00+10:00,price,-33.31,$/MWh
1648,SA1,2025-10-11 13:00:00+10:00,price,-26.400833,$/MWh
1649,SA1,2025-10-11 14:00:00+10:00,price,-20.061667,$/MWh
1650,SA1,2025-10-11 15:00:00+10:00,price,-18.01,$/MWh
1651,SA1,2025-10-11 16:00:00+10:00,price,-10.4,$/MWh
1652,SA1,2025-10-11 17:00:00+10:00,price,-4.6741667,$/MWh
1653,SA1,2025-10-11 18:00:00+10:00,price,6.7875,$/MWh
1654,SA1,2025-10-11 19:00:00+10:00,price,60.494167,$/MWh
1655,SA1,2025-10-11 20:00:00+10:00,price,58.6875,$/MWh
1656,SA1,2025-10-11 21:00:00+10:00,price,71.934167,$/MWh
1657,SA1,2025-10-11 22:00:00+10:00,price,87.696667,$/MWh
1658,SA1,2025-10-11 23:00:00+10:00,price,83.534167,$/MWh
1659,SA1,2025-10-12 00:00:00+10:00,price,54.345,$/MWh
1660,SA1,2025-10-12 01:00:00+10:00,price,35.109167,$/MWh
1661,SA1,2025-10-12 02:00:00+10:00,price,47.8725,$/MWh
1662,SA1,2025-10-12 03:00:00+10:00,price,40.186667,$/MWh
1663,SA1,2025-10-12 04:00:00+10:00,price,47.08,$/MWh
1664,SA1,2025-10-12 05:00:00+10:00,price,76.522727,$/MWh
1665,SA1,2025-10-12 06:00:00+10:00,price,82.485833,$/MWh
1666,SA1,2025-10-12 07:00:00+10:00,price,85.179167,$/MWh
1667,SA1,2025-10-12 08:00:00+10:00,price,15.918333,$/MWh
1668,SA1,2025-10-12 09:00:00+10:00,price,-7.05,$/MWh
1669,SA1,2025-10-12 10:00:00+10:00,price,-11.174167,$/MWh
1670,SA1,2025-10-12 11:00:00+10:00,price,-13.766667,$/MWh
1671,SA1,2025-10-12 12:00:00+10:00,price,-16.305,$/MWh
1672,SA1,2025-10-12 13:00:00+10:00,price,-23.306667,$/MWh
1673,SA1,2025-10-12 14:00:00+10:00,price,-27.470833,$/MWh
1674,SA1,2025-10-12 15:00:00+10:00,price,-24.648333,$/MWh
1675,SA1,2025-10-12 16:00:00+10:00,price,-16.811667,$/MWh
1676,SA1,2025-10-12 17:00:00+10:00,price,17.8875,$/MWh
1677,SA1,2025-10-12 18:00:00+10:00,price,90.92,$/MWh
1678,SA1,2025-10-12 19:00:00+10:00,price,94.781667,$/MWh
1679,SA1,2025-10-12 20:00:00+10:00,price,99.449167,$/MWh
1680,SA1,2025-10-12 21:00:00+10:00,price,80.8875,$/MWh
1681,SA1,2025-10-12 22:00:00+10:00,price,90.31,$/MWh
1682,SA1,2025-10-12 23:00:00+10:00,price,100.36667,$/MWh
1683,SA1,2025-10-13 00:00:00+10:00,price,109.87583,$/MWh
1684,SA1,2025-10-13 01:00:00+10:00,price,126.55333,$/MWh
1685,SA1,2025-10-13 02:00:00+10:00,price,141.69667,$/MWh
1686,SA1,2025-10-13 03:00:00+10:00,price,164.0175,$/MWh
1687,SA1,2025-10-13 04:00:00+10:00,price,193.52417,$/MWh
1688,SA1,2025-10-13 05:00:00+10:00,price,225.98333,$/MWh
1689,SA1,2025-10-13 06:00:00+10:00,price,187.47333,$/MWh
1690,SA1,2025-10-13 07:00:00+10:00,price,130.10583,$/MWh
1691,SA1,2025-10-13 08:00:00+10:00,price,69.769167,$/MWh
1692,SA1,2025-10-13 09:00:00+10:00,price,30.199167,$/MWh
1693,SA1,2025-10-13 10:00:00+10:00,price,29.239167,$/MWh
1694,SA1,2025-10-13 11:00:00+10:00,price,-4.515,$/MWh
1695,SA1,2025-10-13 12:00:00+10:00,price,-11.836667,$/MWh
1696,SA1,2025-10-13 13:00:00+10:00,price,-15.365833,$/MWh
1697,SA1,2025-10-13 14:00:00+10:00,price,-13.501667,$/MWh
1698,SA1,2025-10-13 15:00:00+10:00,price,-11.76,$/MWh
1699,SA1,2025-10-13 16:00:00+10:00,price,-10.803333,$/MWh
1700,SA1,2025-10-13 17:00:00+10:00,price,115.8975,$/MWh
1701,SA1,2025-10-13 18:00:00+10:00,price,149.1125,$/MWh
1702,SA1,2025-10-13 19:00:00+10:00,price,148.17333,$/MWh
1703,SA1,2025-10-13 20:00:00+10:00,price,136.63833,$/MWh
1704,SA1,2025-10-13 21:00:00+10:00,price,111.14917,$/MWh
1705,SA1,2025-10-13 22:00:00+10:00,price,111.31417,$/MWh
1706,SA1,2025-10-13 23:00:00+10:00,price,98.01,$/MWh
1707,SA1,2025-10-14 00:00:00+10:00,price,83.881667,$/MWh
1708,SA1,2025-10-14 01:00:00+10:00,price,65.808333,$/MWh
1709,SA1,2025-10-14 02:00:00+10:00,price,56.245,$/MWh
1710,SA1,2025-10-14 03:00:00+10:00,price,59.38,$/MWh
1711,SA1,2025-10-14 04:00:00+10:00,price,87.965,$/MWh
1712,SA1,2025-10-14 05:00:00+10:00,price,113.24,$/MWh
1713,SA1,2025-10-14 06:00:00+10:00,price,122.34455,$/MWh
1714,SA1,2025-10-14 07:00:00+10:00,price,63.565833,$/MWh
1715,SA1,2025-10-14 08:00:00+10:00,price,-0.9175,$/MWh
1716,SA1,2025-10-14 09:00:00+10:00,price,-10.624167,$/MWh
1717,SA1,2025-10-14 10:00:00+10:00,price,-16.955833,$/MWh
1718,SA1,2025-10-14 11:00:00+10:00,price,-19.576667,$/MWh
1719,SA1,2025-10-14 12:00:00+10:00,price,-23.5725,$/MWh
1720,SA1,2025-10-14 13:00:00+10:00,price,-21.885,$/MWh
1721,SA1,2025-10-14 14:00:00+10:00,price,-13.505,$/MWh
1722,SA1,2025-10-14 15:00:00+10:00,price,-12.1625,$/MWh
1723,SA1,2025-10-14 16:00:00+10:00,price,-8.565,$/MWh
1724,SA1,2025-10-14 17:00:00+10:00,price,96.298333,$/MWh
1725,SA1,2025-10-14 18:00:00+10:00,price,155.02667,$/MWh
1726,SA1,2025-10-14 19:00:00+10:00,price,151.87083,$/MWh
1727,SA1,2025-10-14 20:00:00+10:00,price,151.90083,$/MWh
1728,SA1,2025-10-14 21:00:00+10:00,price,162.37917,$/MWh
1729,SA1,2025-10-14 22:00:00+10:00,price,162.94333,$/MWh
1730,SA1,2025-10-14 23:00:00+10:00,price,179.8425,$/MWh
1731,SA1,2025-10-15 00:00:00+10:00,price,182.8975,$/MWh
1732,SA1,2025-10-15 01:00:00+10:00,price,171.65833,$/MWh
1733,SA1,2025-10-15 02:00:00+10:00,price,158.07667,$/MWh
1734,SA1,2025-10-15 03:00:00+10:00,price,137.625,$/MWh
1735,SA1,2025-10-15 04:00:00+10:00,price,176.815,$/MWh
1736,SA1,2025-10-15 05:00:00+10:00,price,208.07667,$/MWh
1737,SA1,2025-10-15 06:00:00+10:00,price,147.28727,$/MWh
1738,SA1,2025-10-15 07:00:00+10:00,price,8.5333333,$/MWh
1739,SA1,2025-10-15 08:00:00+10:00,price,-13.645,$/MWh
1740,SA1,2025-10-15 09:00:00+10:00,price,-11.928333,$/MWh
1741,SA1,2025-10-15 10:00:00+10:00,price,-13.536364,$/MWh
1742,SA1,2025-10-15 11:00:00+10:00,price,-10.819167,$/MWh
1743,SA1,2025-10-15 12:00:00+10:00,price,-9.7566667,$/MWh
1744,SA1,2025-10-15 13:00:00+10:00,price,-14.571667,$/MWh
1745,SA1,2025-10-15 14:00:00+10:00,price,-14.133333,$/MWh
1746,SA1,2025-10-15 15:00:00+10:00,price,-10.245,$/MWh
1747,SA1,2025-10-15 16:00:00+10:00,price,48.408333,$/MWh
1748,SA1,2025-10-15 17:00:00+10:00,price,205.48667,$/MWh
1749,SA1,2025-10-15 18:00:00+10:00,price,226.99417,$/MWh
1750,SA1,2025-10-15 19:00:00+10:00,price,205.85667,$/MWh
1751,SA1,2025-10-15 20:00:00+10:00,price,195.03667,$/MWh
1752,SA1,2025-10-15 21:00:00+10:00,price,142.11583,$/MWh
1753,SA1,2025-10-15 22:00:00+10:00,price,120.4325,$/MWh
1754,SA1,2025-10-15 23:00:00+10:00,price,88.765833,$/MWh
1755,SA1,2025-10-16 00:00:00+10:00,price,56.7275,$/MWh
1756,SA1,2025-10-16 01:00:00+10:00,price,13.335833,$/MWh
1757,SA1,2025-10-16 02:00:00+10:00,price,-14.891667,$/MWh
1758,SA1,2025-10-16 03:00:00+10:00,price,-20.0,$/MWh
1759,SA1,2025-10-16 04:00:00+10:00,price,-20.0,$/MWh
1760,SA1,2025-10-16 05:00:00+10:00,price,-17.27,$/MWh
1761,SA1,2025-10-16 06:00:00+10:00,price,-14.156667,$/MWh
1762,SA1,2025-10-16 07:00:00+10:00,price,-23.325,$/MWh
1763,SA1,2025-10-16 08:00:00+10:00,price,-18.121667,$/MWh
1764,SA1,2025-10-16 09:00:00+10:00,price,-23.564167,$/MWh
1765,SA1,2025-10-16 10:00:00+10:00,price,-23.371667,$/MWh
1766,SA1,2025-10-16 11:00:00+10:00,price,-19.438333,$/MWh
1767,SA1,2025-10-16 12:00:00+10:00,price,-18.141667,$/MWh
1768,SA1,2025-10-16 13:00:00+10:00,price,-19.711667,$/MWh
1769,SA1,2025-10-16 14:00:00+10:00,price,-83.619167,$/MWh
1770,SA1,2025-10-16 15:00:00+10:00,price,-36.655833,$/MWh
1771,SA1,2025-10-16 16:00:00+10:00,price,-12.536667,$/MWh
1772,SA1,2025-10-16 17:00:00+10:00,price,51.946667,$/MWh
1773,SA1,2025-10-16 18:00:00+10:00,price,116.57917,$/MWh
1774,SA1,2025-10-16 19:00:00+10:00,price,122.0475,$/MWh
1775,SA1,2025-10-16 20:00:00+10:00,price,141.58083,$/MWh
1776,SA1,2025-10-16 21:00:00+10:00,price,104.88417,$/MWh
1777,SA1,2025-10-16 22:00:00+10:00,price,108.40917,$/MWh
1778,SA1,2025-10-16 23:00:00+10:00,price,132.17917,$/MWh
1779,SA1,2025-10-17 00:00:00+10:00,price,103.5475,$/MWh
1780,SA1,2025-10-17 01:00:00+10:00,price,104.04917,$/MWh
1781,SA1,2025-10-17 02:00:00+10:00,price,120.34167,$/MWh
1782,SA1,2025-10-17 03:00:00+10:00,price,128.475,$/MWh
1783,SA1,2025-10-17 04:00:00+10:00,price,132.69091,$/MWh
1784,SA1,2025-10-17 05:00:00+10:00,price,80.455,$/MWh
1785,SA1,2025-10-17 06:00:00+10:00,price,89.535,$/MWh
1786,SA1,2025-10-17 07:00:00+10:00,price,47.749167,$/MWh
1787,SA1,2025-10-17 08:00:00+10:00,price,-8.7854545,$/MWh
1788,SA1,2025-10-17 09:00:00+10:00,price,-17.1125,$/MWh
1789,SA1,2025-10-17 10:00:00+10:00,price,-19.368182,$/MWh
1790,SA1,2025-10-17 11:00:00+10:00,price,-32.1125,$/MWh
1791,SA1,2025-10-17 12:00:00+10:00,price,-44.779091,$/MWh
1792,SA1,2025-10-17 13:00:00+10:00,price,-63.234,$/MWh
1793,SA1,2025-10-17 14:00:00+10:00,price,-171.11143,$/MWh
1794,SA1,2025-10-17 15:00:00+10:00,price,-41.935714,$/MWh
1795,SA1,2025-10-17 16:00:00+10:00,price,-90.39625,$/MWh
1796,SA1,2025-10-17 17:00:00+10:00,price,52.014167,$/MWh
1797,SA1,2025-10-17 18:00:00+10:00,price,103.6225,$/MWh
1798,SA1,2025-10-17 19:00:00+10:00,price,103.3875,$/MWh
1799,SA1,2025-10-17 20:00:00+10:00,price,108.74833,$/MWh
1800,SA1,2025-10-17 21:00:00+10:00,price,106.89556,$/MWh
1801,SA1,2025-10-17 22:00:00+10:00,price,111.33,$/MWh
1802,SA1,2025-10-17 23:00:00+10:00,price,117.22,$/MWh
1803,SA1,2025-10-18 00:00:00+10:00,price,107.45182,$/MWh
1804,SA1,2025-10-18 01:00:00+10:00,price,87.034167,$/MWh
1805,SA1,2025-10-18 02:00:00+10:00,price,80.420833,$/MWh
1806,SA1,2025-10-18 03:00:00+10:00,price,88.324167,$/MWh
1807,SA1,2025-10-18 04:00:00+10:00,price,88.005,$/MWh
1808,SA1,2025-10-18 05:00:00+10:00,price,83.795455,$/MWh
1809,SA1,2025-10-18 06:00:00+10:00,price,57.51,$/MWh
1810,SA1,2025-10-18 07:00:00+10:00,price,-0.66416667,$/MWh
1811,SA1,2025-10-18 08:00:00+10:00,price,-28.33,$/MWh
1812,SA1,2025-10-18 09:00:00+10:00,price,-67.6825,$/MWh
1813,SA1,2025-10-18 10:00:00+10:00,price,-41.6325,$/MWh
1814,SA1,2025-10-18 11:00:00+10:00,price,-28.153333,$/MWh
1815,SA1,2025-10-18 12:00:00+10:00,price,-32.858,$/MWh
1816,SA1,2025-10-18 13:00:00+10:00,price,-40.296667,$/MWh
1817,SA1,2025-10-18 14:00:00+10:00,price,-81.475455,$/MWh
1818,SA1,2025-10-18 15:00:00+10:00,price,-22.179167,$/MWh
1819,SA1,2025-10-18 16:00:00+10:00,price,17.11,$/MWh
1820,SA1,2025-10-18 17:00:00+10:00,price,123.0575,$/MWh
1821,SA1,2025-10-18 18:00:00+10:00,price,139.83167,$/MWh
1822,SA1,2025-10-18 19:00:00+10:00,price,110.65667,$/MWh
1823,SA1,2025-10-18 20:00:00+10:00,price,64.533333,$/MWh
1824,SA1,2025-10-18 21:00:00+10:00,price,26.864167,$/MWh
1825,SA1,2025-10-18 22:00:00+10:00,price,20.765,$/MWh
1826,SA1,2025-10-18 23:00:00+10:00,price,-10.776667,$/MWh
1827,SA1,2025-10-19 00:00:00+10:00,price,-12.910833,$/MWh
1828,SA1,2025-10-19 01:00:00+10:00,price,-15.895833,$/MWh
1829,SA1,2025-10-19 02:00:00+10:00,price,-11.516667,$/MWh
1830,SA1,2025-10-19 03:00:00+10:00,price,-11.672727,$/MWh
1831,SA1,2025-10-19 04:00:00+10:00,price,-11.593333,$/MWh
1832,SA1,2025-10-19 05:00:00+10:00,price,-11.148333,$/MWh
1833,SA1,2025-10-19 06:00:00+10:00,price,-12.1375,$/MWh
1834,SA1,2025-10-19 07:00:00+10:00,price,-20.743333,$/MWh
1835,SA1,2025-10-19 08:00:00+10:00,price,-41.355833,$/MWh
1836,SA1,2025-10-19 09:00:00+10:00,price,-27.975833,$/MWh
1837,SA1,2025-10-19 10:00:00+10:00,price,-25.954167,$/MWh
1838,SA1,2025-10-19 11:00:00+10:00,price,-26.4,$/MWh
1839,SA1,2025-10-19 12:00:00+10:00,price,-26.898333,$/MWh
1840,SA1,2025-10-19 13:00:00+10:00,price,-18.217273,$/MWh
1841,SA1,2025-10-19 14:00:00+10:00,price,-14.171667,$/MWh
1842,SA1,2025-10-19 15:00:00+10:00,price,6.8775,$/MWh
1843,SA1,2025-10-19 16:00:00+10:00,price,82.0925,$/MWh
1844,SA1,2025-10-19 17:00:00+10:00,price,90.450833,$/MWh
1845,SA1,2025-10-19 18:00:00+10:00,price,114.06,$/MWh
1846,SA1,2025-10-19 19:00:00+10:00,price,101.57833,$/MWh
1847,SA1,2025-10-19 20:00:00+10:00,price,79.5225,$/MWh
1848,SA1,2025-10-19 21:00:00+10:00,price,92.228333,$/MWh
1849,SA1,2025-10-19 22:00:00+10:00,price,104.92333,$/MWh
1850,SA1,2025-10-19 23:00:00+10:00,price,98.615,$/MWh
1851,SA1,2025-10-20 00:00:00+10:00,price,94.279167,$/MWh
1852,SA1,2025-10-20 01:00:00+10:00,price,92.259167,$/MWh
1853,SA1,2025-10-20 02:00:00+10:00,price,93.815833,$/MWh
1854,SA1,2025-10-20 03:00:00+10:00,price,97.62,$/MWh
1855,SA1,2025-10-20 04:00:00+10:00,price,124.4325,$/MWh
1856,SA1,2025-10-20 05:00:00+10:00,price,102.57917,$/MWh
1857,SA1,2025-10-20 06:00:00+10:00,price,130.93417,$/MWh
1858,SA1,2025-10-20 07:00:00+10:00,price,65.1375,$/MWh
1859,SA1,2025-10-20 08:00:00+10:00,price,100.74083,$/MWh
1860,SA1,2025-10-20 09:00:00+10:00,price,89.664167,$/MWh
1861,SA1,2025-10-20 10:00:00+10:00,price,142.155,$/MWh
1862,SA1,2025-10-20 11:00:00+10:00,price,103.41,$/MWh
1863,SA1,2025-10-20 12:00:00+10:00,price,141.4,$/MWh
1864,SA1,2025-10-20 13:00:00+10:00,price,137.77417,$/MWh
1865,SA1,2025-10-20 14:00:00+10:00,price,107.76,$/MWh
1866,SA1,2025-10-20 15:00:00+10:00,price,99.555833,$/MWh
1867,SA1,2025-10-20 16:00:00+10:00,price,91.379167,$/MWh
1868,SA1,2025-10-20 17:00:00+10:00,price,169.195,$/MWh
1869,SA1,2025-10-20 18:00:00+10:00,price,129.71333,$/MWh
1870,SA1,2025-10-20 19:00:00+10:00,price,128.92333,$/MWh
1871,SA1,2025-10-20 20:00:00+10:00,price,131.67167,$/MWh
1872,SA1,2025-10-20 21:00:00+10:00,price,128.88917,$/MWh
1873,SA1,2025-10-20 22:00:00+10:00,price,132.535,$/MWh
1874,SA1,2025-10-20 23:00:00+10:00,price,168.08167,$/MWh
1875,SA1,2025-10-21 00:00:00+10:00,price,206.57583,$/MWh
1876,SA1,2025-10-21 01:00:00+10:00,price,222.56167,$/MWh
1877,SA1,2025-10-21 02:00:00+10:00,price,224.22727,$/MWh
1878,SA1,2025-10-21 03:00:00+10:00,price,197.41333,$/MWh
1879,SA1,2025-10-21 04:00:00+10:00,price,206.80083,$/MWh
1880,SA1,2025-10-21 05:00:00+10:00,price,186.14,$/MWh
1881,SA1,2025-10-21 06:00:00+10:00,price,184.22583,$/MWh
1882,SA1,2025-10-21 07:00:00+10:00,price,179.41833,$/MWh
1883,SA1,2025-10-21 08:00:00+10:00,price,113.39167,$/MWh
1884,SA1,2025-10-21 09:00:00+10:00,price,84.240833,$/MWh
1885,SA1,2025-10-21 10:00:00+10:00,price,62.810833,$/MWh
1886,SA1,2025-10-21 11:00:00+10:00,price,115.9425,$/MWh
1887,SA1,2025-10-21 12:00:00+10:00,price,118.43667,$/MWh
1888,SA1,2025-10-21 13:00:00+10:00,price,115.33833,$/MWh
1889,SA1,2025-10-21 14:00:00+10:00,price,158.8125,$/MWh
1890,SA1,2025-10-21 15:00:00+10:00,price,149.80333,$/MWh
1891,SA1,2025-10-21 16:00:00+10:00,price,135.51917,$/MWh
1892,SA1,2025-10-21 17:00:00+10:00,price,117.475,$/MWh
1893,SA1,2025-10-21 18:00:00+10:00,price,154.52545,$/MWh
1894,SA1,2025-10-21 19:00:00+10:00,price,137.3175,$/MWh
1895,SA1,2025-10-21 20:00:00+10:00,price,82.634167,$/MWh
1896,SA1,2025-10-21 21:00:00+10:00,price,46.289167,$/MWh
1897,SA1,2025-10-21 22:00:00+10:00,price,6.5916667,$/MWh
1898,SA1,2025-10-21 23:00:00+10:00,price,-11.416667,$/MWh
1899,SA1,2025-10-22 00:00:00+10:00,price,-10.65,$/MWh
1900,SA1,2025-10-22 01:00:00+10:00,price,-7.8858333,$/MWh
1901,SA1,2025-10-22 02:00:00+10:00,price,-11.22,$/MWh
1902,SA1,2025-10-22 03:00:00+10:00,price,-10.848333,$/MWh
1903,SA1,2025-10-22 04:00:00+10:00,price,-15.82,$/MWh
1904,SA1,2025-10-22 05:00:00+10:00,price,-13.5775,$/MWh
1905,SA1,2025-10-22 06:00:00+10:00,price,-10.966667,$/MWh
1906,SA1,2025-10-22 07:00:00+10:00,price,-13.849167,$/MWh
1907,SA1,2025-10-22 08:00:00+10:00,price,-13.28,$/MWh
1908,SA1,2025-10-22 09:00:00+10:00,price,-27.935833,$/MWh
1909,SA1,2025-10-22 10:00:00+10:00,price,-15.729091,$/MWh
1910,SA1,2025-10-22 11:00:00+10:00,price,-14.6575,$/MWh
1911,SA1,2025-10-22 12:00:00+10:00,price,-20.992,$/MWh
1912,SA1,2025-10-22 13:00:00+10:00,price,-44.448182,$/MWh
1913,SA1,2025-10-22 14:00:00+10:00,price,-17.217,$/MWh
1914,SA1,2025-10-22 15:00:00+10:00,price,-12.910909,$/MWh
1915,SA1,2025-10-22 16:00:00+10:00,price,-86.024545,$/MWh
1916,SA1,2025-10-22 17:00:00+10:00,price,-34.7775,$/MWh
1917,SA1,2025-10-22 18:00:00+10:00,price,15.917,$/MWh
1918,SA1,2025-10-22 19:00:00+10:00,price,67.755,$/MWh
1919,SA1,2025-10-22 20:00:00+10:00,price,70.485833,$/MWh
1920,SA1,2025-10-22 21:00:00+10:00,price,65.987273,$/MWh
1921,SA1,2025-10-22 22:00:00+10:00,price,92.745833,$/MWh
1922,SA1,2025-10-22 23:00:00+10:00,price,113.04545,$/MWh
1923,SA1,2025-10-23 00:00:00+10:00,price,153.50444,$/MWh
1924,SA1,2025-10-23 01:00:00+10:00,price,170.211,$/MWh
1925,SA1,2025-10-23 02:00:00+10:00,price,181.51909,$/MWh
1926,SA1,2025-10-23 03:00:00+10:00,price,165.58273,$/MWh
1927,SA1,2025-10-23 04:00:00+10:00,price,176.01,$/MWh
1928,SA1,2025-10-23 05:00:00+10:00,price,164.69917,$/MWh
1929,SA1,2025-10-23 06:00:00+10:00,price,134.01167,$/MWh
1930,SA1,2025-10-23 07:00:00+10:00,price,316.04,$/MWh
1931,SA1,2025-10-23 08:00:00+10:00,price,243.51583,$/MWh
1932,SA1,2025-10-23 09:00:00+10:00,price,254.87545,$/MWh
1933,SA1,2025-10-23 10:00:00+10:00,price,37.413333,$/MWh
1934,SA1,2025-10-23 11:00:00+10:00,price,78.221111,$/MWh
1935,SA1,2025-10-23 12:00:00+10:00,price,13.14,$/MWh
1936,SA1,2025-10-23 13:00:00+10:00,price,2.0063636,$/MWh
1937,SA1,2025-10-23 14:00:00+10:00,price,7.8883333,$/MWh
1938,SA1,2025-10-23 15:00:00+10:00,price,81.646667,$/MWh
1939,SA1,2025-10-23 16:00:00+10:00,price,122.83375,$/MWh
1940,SA1,2025-10-23 17:00:00+10:00,price,148.53571,$/MWh
1941,SA1,2025-10-23 18:00:00+10:00,price,148.86875,$/MWh
1942,SA1,2025-10-23 19:00:00+10:00,price,147.77545,$/MWh
1943,SA1,2025-10-23 20:00:00+10:00,price,135.683,$/MWh
1944,SA1,2025-10-23 21:00:00+10:00,price,108.44364,$/MWh
1945,SA1,2025-10-23 22:00:00+10:00,price,112.56333,$/MWh
1946,SA1,2025-10-23 23:00:00+10:00,price,128.45273,$/MWh
1947,SA1,2025-10-24 00:00:00+10:00,price,141.07167,$/MWh
1948,SA1,2025-10-24 01:00:00+10:00,price,133.573,$/MWh
1949,SA1,2025-10-24 02:00:00+10:00,price,131.32111,$/MWh
1950,SA1,2025-10-24 03:00:00+10:00,price,141.85909,$/MWh
1951,SA1,2025-10-24 04:00:00+10:00,price,172.23111,$/MWh
1952,SA1,2025-10-24 05:00:00+10:00,price,173.90727,$/MWh
1953,SA1,2025-10-24 06:00:00+10:00,price,139.02875,$/MWh
1954,SA1,2025-10-24 07:00:00+10:00,price,62.9175,$/MWh
1955,SA1,2025-10-24 08:00:00+10:00,price,56.444,$/MWh
1956,SA1,2025-10-24 09:00:00+10:00,price,-5.19,$/MWh
1957,SA1,2025-10-24 10:00:00+10:00,price,-11.83,$/MWh
1958,SA1,2025-10-24 11:00:00+10:00,price,-10.637778,$/MWh
1959,SA1,2025-10-24 12:00:00+10:00,price,-12.24,$/MWh
1960,SA1,2025-10-24 13:00:00+10:00,price,-18.721,$/MWh
1961,SA1,2025-10-24 14:00:00+10:00,price,-15.453,$/MWh
1962,SA1,2025-10-24 15:00:00+10:00,price,-0.67777778,$/MWh
1963,SA1,2025-10-24 16:00:00+10:00,price,40.11,$/MWh
1964,SA1,2025-10-24 17:00:00+10:00,price,114.0825,$/MWh
1965,SA1,2025-10-24 18:00:00+10:00,price,130.01857,$/MWh
1966,SA1,2025-10-24 19:00:00+10:00,price,143.20333,$/MWh
1967,SA1,2025-10-24 20:00:00+10:00,price,144.2325,$/MWh
1968,SA1,2025-10-24 21:00:00+10:00,price,150.08455,$/MWh
1969,SA1,2025-10-24 22:00:00+10:00,price,141.995,$/MWh
1970,SA1,2025-10-24 23:00:00+10:00,price,150.46,$/MWh
1971,SA1,2025-10-25 00:00:00+10:00,price,150.47333,$/MWh
1972,SA1,2025-10-25 01:00:00+10:00,price,186.34571,$/MWh
1973,SA1,2025-10-25 02:00:00+10:00,price,188.217,$/MWh
1974,SA1,2025-10-25 03:00:00+10:00,price,180.18222,$/MWh
1975,SA1,2025-10-25 04:00:00+10:00,price,133.49,$/MWh
1976,SA1,2025-10-25 05:00:00+10:00,price,108.42667,$/MWh
1977,SA1,2025-10-25 06:00:00+10:00,price,74.91,$/MWh
1978,SA1,2025-10-25 07:00:00+10:00,price,33.26875,$/MWh
1979,SA1,2025-10-25 08:00:00+10:00,price,19.09875,$/MWh
1980,SA1,2025-10-25 09:00:00+10:00,price,5.3475,$/MWh
1981,SA1,2025-10-25 10:00:00+10:00,price,-7.6333333,$/MWh
1982,SA1,2025-10-25 11:00:00+10:00,price,-9.7766667,$/MWh
1983,SA1,2025-10-25 12:00:00+10:00,price,-7.165,$/MWh
1984,SA1,2025-10-25 13:00:00+10:00,price,-6.735,$/MWh
1985,SA1,2025-10-25 14:00:00+10:00,price,59.443333,$/MWh
1986,SA1,2025-10-25 15:00:00+10:00,price,67.045,$/MWh
1987,SA1,2025-10-25 16:00:00+10:00,price,81.416667,$/MWh
1988,SA1,2025-10-25 17:00:00+10:00,price,96.635714,$/MWh
1989,SA1,2025-10-25 18:00:00+10:00,price,97.668333,$/MWh
1990,SA1,2025-10-25 19:00:00+10:00,price,108.69333,$/MWh
1991,SA1,2025-10-25 20:00:00+10:00,price,110.71857,$/MWh
1992,SA1,2025-10-25 21:00:00+10:00,price,105.52,$/MWh
1993,SA1,2025-10-25 22:00:00+10:00,price,54.551667,$/MWh
1994,SA1,2025-10-25 23:00:00+10:00,price,101.695,$/MWh
1995,SA1,2025-10-26 00:00:00+10:00,price,67.065,$/MWh
1996,SA1,2025-10-26 01:00:00+10:00,price,36.194,$/MWh
1997,SA1,2025-10-26 02:00:00+10:00,price,30.69,$/MWh
1998,SA1,2025-10-26 03:00:00+10:00,price,30.18,$/MWh
1999,SA1,2025-10-26 04:00:00+10:00,price,29.554,$/MWh
2000,SA1,2025-10-26 05:00:00+10:00,price,36.775,$/MWh
2001,SA1,2025-10-26 06:00:00+10:00,price,,$/MWh
2002,SA1,2025-10-26 07:00:00+10:00,price,,$/MWh
2003,SA1,2025-10-26 08:00:00+10:00,price,-13.09,$/MWh
2004,SA1,2025-10-26 09:00:00+10:00,price,-17.25,$/MWh
2005,SA1,2025-10-26 10:00:00+10:00,price,-37.463333,$/MWh
2006,SA1,2025-10-26 11:00:00+10:00,price,-58.973333,$/MWh
2007,SA1,2025-10-26 12:00:00+10:00,price,-79.328333,$/MWh
2008,SA1,2025-10-26 13:00:00+10:00,price,-115.17,$/MWh
2009,SA1,2025-10-26 14:00:00+10:00,price,-135.995,$/MWh
2010,SA1,2025-10-26 15:00:00+10:00,price,-121.93333,$/MWh
2011,SA1,2025-10-26 16:00:00+10:00,price,-25.5225,$/MWh
2012,SA1,2025-10-26 17:00:00+10:00,price,-18.993333,$/MWh
2013,SA1,2025-10-26 18:00:00+10:00,price,22.62,$/MWh
2014,SA1,2025-10-26 19:00:00+10:00,price,28.714,$/MWh
2015,SA1,2025-10-26 20:00:00+10:00,price,,$/MWh
2016,SA1,2025-10-26 21:00:00+10:00,price,29.356667,$/MWh
2017,SA1,2025-10-26 22:00:00+10:00,price,17.683333,$/MWh
2018,SA1,2025-10-26 23:00:00+10:00,price,-0.54833333,$/MWh
2019,SA1,2025-10-27 00:00:00+10:00,price,0.93,$/MWh
2020,SA1,2025-10-27 01:00:00+10:00,price,-2.2925,$/MWh
2021,SA1,2025-10-27 02:00:00+10:00,price,-2.0733333,$/MWh
2022,SA1,2025-10-27 03:00:00+10:00,price,-6.4725,$/MWh
2023,SA1,2025-10-27 04:00:00+10:00,price,-3.145,$/MWh
2024,SA1,2025-10-27 05:00:00+10:00,price,51.02,$/MWh
2025,SA1,2025-10-27 06:00:00+10:00,price,66.766667,$/MWh
2026,SA1,2025-10-27 07:00:00+10:00,price,230.0,$/MWh
2027,SA1,2025-10-27 08:00:00+10:00,price,348.60333,$/MWh
2028,SA1,2025-10-27 09:00:00+10:00,price,7.23,$/MWh
2029,SA1,2025-10-27 10:00:00+10:00,price,-10.615,$/MWh
2030,SA1,2025-10-27 11:00:00+10:00,price,-10.202,$/MWh
2031,SA1,2025-10-27 12:00:00+10:00,price,-9.635,$/MWh
2032,SA1,2025-10-27 13:00:00+10:00,price,-11.73,$/MWh
2033,SA1,2025-10-27 14:00:00+10:00,price,-12.48,$/MWh
2034,SA1,2025-10-27 15:00:00+10:00,price,-17.673333,$/MWh
2035,SA1,2025-10-27 16:00:00+10:00,price,-13.6775,$/MWh
2036,SA1,2025-10-27 17:00:00+10:00,price,-5.005,$/MWh
2037,SA1,2025-10-27 18:00:00+10:00,price,30.626667,$/MWh
2038,SA1,2025-10-27 19:00:00+10:00,price,32.546667,$/MWh
2039,SA1,2025-10-27 20:00:00+10:00,price,1.2066667,$/MWh
2040,SA1,2025-10-27 21:00:00+10:00,price,15.905,$/MWh
2041,SA1,2025-10-27 22:00:00+10:00,price,62.72,$/MWh
2042,SA1,2025-10-27 23:00:00+10:00,price,48.006667,$/MWh
2043,SA1,2025-10-28 00:00:00+10:00,price,37.32,$/MWh
2044,SA1,2025-10-28 01:00:00+10:00,price,,$/MWh
2045,SA1,2025-10-28 02:00:00+10:00,price,,$/MWh
2046,SA1,2025-10-28 03:00:00+10:00,price,,$/MWh
2047,SA1,2025-10-28 04:00:00+10:00,price,,$/MWh
2048,SA1,2025-10-28 05:00:00+10:00,price,,$/MWh
2049,SA1,2025-10-28 06:00:00+10:00,price,,$/MWh
2050,SA1,2025-10-28 07:00:00+10:00,price,,$/MWh
2051,SA1,2025-10-28 08:00:00+10:00,price,-9.049,$/MWh
2052,SA1,2025-10-28 09:00:00+10:00,price,-13.028333,$/MWh
2053,SA1,2025-10-28 10:00:00+10:00,price,-13.85,$/MWh
2054,SA1,2025-10-28 11:00:00+10:00,price,-14.306667,$/MWh
2055,SA1,2025-10-28 12:00:00+10:00,price,-18.724545,$/MWh
2056,SA1,2025-10-28 13:00:00+10:00,price,-30.011667,$/MWh
2057,SA1,2025-10-28 14:00:00+10:00,price,-21.208333,$/MWh
2058,SA1,2025-10-28 15:00:00+10:00,price,-16.318333,$/MWh
2059,SA1,2025-10-28 16:00:00+10:00,price,-29.854167,$/MWh
2060,SA1,2025-10-28 17:00:00+10:00,price,54.508333,$/MWh
2061,SA1,2025-10-28 18:00:00+10:00,price,135.22667,$/MWh
2062,SA1,2025-10-28 19:00:00+10:00,price,142.72167,$/MWh
2063,SA1,2025-10-28 20:00:00+10:00,price,137.87833,$/MWh
2064,SA1,2025-10-28 21:00:00+10:00,price,138.59167,$/MWh
2065,SA1,2025-10-28 22:00:00+10:00,price,140.3525,$/MWh
2066,SA1,2025-10-28 23:00:00+10:00,price,150.97833,$/MWh
2067,SA1,2025-10-29 00:00:00+10:00,price,148.98833,$/MWh
2068,SA1,2025-10-29 01:00:00+10:00,price,154.97833,$/MWh
2069,SA1,2025-10-29 02:00:00+10:00,price,159.8575,$/MWh
2070,SA1,2025-10-29 03:00:00+10:00,price,166.29917,$/MWh
2071,SA1,2025-10-29 04:00:00+10:00,price,171.02667,$/MWh
2072,SA1,2025-10-29 05:00:00+10:00,price,222.75583,$/MWh
2073,SA1,2025-10-29 06:00:00+10:00,price,206.08091,$/MWh
2074,SA1,2025-10-29 07:00:00+10:00,price,108.21917,$/MWh
2075,SA1,2025-10-29 08:00:00+10:00,price,42.995833,$/MWh
2076,SA1,2025-10-29 09:00:00+10:00,price,-4.4672727,$/MWh
2077,SA1,2025-10-29 10:00:00+10:00,price,-7.7541667,$/MWh
2078,SA1,2025-10-29 11:00:00+10:00,price,5.9958333,$/MWh
2079,SA1,2025-10-29 12:00:00+10:00,price,-5.8025,$/MWh
2080,SA1,2025-10-29 13:00:00+10:00,price,-35.68,$/MWh
2081,SA1,2025-10-29 14:00:00+10:00,price,-0.65166667,$/MWh
2082,SA1,2025-10-29 15:00:00+10:00,price,22.399167,$/MWh
2083,SA1,2025-10-29 16:00:00+10:00,price,36.936667,$/MWh
2084,SA1,2025-10-29 17:00:00+10:00,price,186.07083,$/MWh
2085,SA1,2025-10-29 18:00:00+10:00,price,258.26545,$/MWh
2086,SA1,2025-10-29 19:00:00+10:00,price,218.04,$/MWh
2087,SA1,2025-10-29 20:00:00+10:00,price,221.27583,$/MWh
2088,SA1,2025-10-29 21:00:00+10:00,price,189.265,$/MWh
2089,SA1,2025-10-29 22:00:00+10:00,price,168.6875,$/MWh
2090,SA1,2025-10-29 23:00:00+10:00,price,173.71917,$/MWh
2091,SA1,2025-10-30 00:00:00+10:00,price,167.61167,$/MWh
2092,SA1,2025-10-30 01:00:00+10:00,price,163.92083,$/MWh
2093,SA1,2025-10-30 02:00:00+10:00,price,156.83417,$/MWh
2094,SA1,2025-10-30 03:00:00+10:00,price,167.06083,$/MWh
2095,SA1,2025-10-30 04:00:00+10:00,price,183.77333,$/MWh
2096,SA1,2025-10-30 05:00:00+10:00,price,231.7825,$/MWh
2097,SA1,2025-10-30 06:00:00+10:00,price,134.45333,$/MWh
2098,SA1,2025-10-30 07:00:00+10:00,price,72.28,$/MWh
2099,SA1,2025-10-30 08:00:00+10:00,price,-1.2416667,$/MWh
2100,SA1,2025-10-30 09:00:00+10:00,price,-18.025,$/MWh
2101,SA1,2025-10-30 10:00:00+10:00,price,-14.085,$/MWh
2102,SA1,2025-10-30 11:00:00+10:00,price,-11.462727,$/MWh
2103,SA1,2025-10-30 12:00:00+10:00,price,1.7975,$/MWh
2104,SA1,2025-10-30 13:00:00+10:00,price,3.5766667,$/MWh
2105,SA1,2025-10-30 14:00:00+10:00,price,54.785833,$/MWh
2106,SA1,2025-10-30 15:00:00+10:00,price,105.56333,$/MWh
2107,SA1,2025-10-30 16:00:00+10:00,price,151.78333,$/MWh
2108,SA1,2025-10-30 17:00:00+10:00,price,212.83333,$/MWh
2109,SA1,2025-10-30 18:00:00+10:00,price,239.55333,$/MWh
2110,SA1,2025-10-30 19:00:00+10:00,price,204.89667,$/MWh
2111,SA1,2025-10-30 20:00:00+10:00,price,138.53083,$/MWh
2112,SA1,2025-10-30 21:00:00+10:00,price,109.52417,$/MWh
2113,SA1,2025-10-30 22:00:00+10:00,price,81.616667,$/MWh
2114,SA1,2025-10-30 23:00:00+10:00,price,75.288333,$/MWh
2115,SA1,2025-10-31 00:00:00+10:00,price,75.879167,$/MWh
2116,SA1,2025-10-31 01:00:00+10:00,price,59.336667,$/MWh
2117,SA1,2025-10-31 02:00:00+10:00,price,61.906667,$/MWh
2118,SA1,2025-10-31 03:00:00+10:00,price,90.931667,$/MWh
2119,SA1,2025-10-31 04:00:00+10:00,price,137.34,$/MWh
2120,SA1,2025-10-31 05:00:00+10:00,price,191.98417,$/MWh
2121,SA1,2025-10-31 06:00:00+10:00,price,138.73583,$/MWh
2122,SA1,2025-10-31 07:00:00+10:00,price,79.805833,$/MWh
2123,SA1,2025-10-31 08:00:00+10:00,price,42.003333,$/MWh
2124,SA1,2025-10-31 09:00:00+10:00,price,2.8966667,$/MWh
2125,SA1,2025-10-31 10:00:00+10:00,price,-12.284167,$/MWh
2126,SA1,2025-10-31 11:00:00+10:00,price,-18.455,$/MWh
2127,SA1,2025-10-31 12:00:00+10:00,price,-101.12333,$/MWh
2128,SA1,2025-10-31 13:00:00+10:00,price,-231.35,$/MWh
2129,SA1,2025-10-31 14:00:00+10:00,price,-136.4725,$/MWh
2130,SA1,2025-10-31 15:00:00+10:00,price,-138.37833,$/MWh
2131,SA1,2025-10-31 16:00:00+10:00,price,-29.908333,$/MWh
2132,SA1,2025-10-31 17:00:00+10:00,price,12.280833,$/MWh
2133,SA1,2025-10-31 18:00:00+10:00,price,143.33667,$/MWh
2134,SA1,2025-10-31 19:00:00+10:00,price,131.92917,$/MWh
2135,SA1,2025-10-31 20:00:00+10:00,price,116.205,$/MWh
2136,SA1,2025-10-31 21:00:00+10:00,price,101.18167,$/MWh
2137,SA1,2025-10-31 22:00:00+10:00,price,119.19917,$/MWh
2138,SA1,2025-10-31 23:00:00+10:00,price,123.45833,$/MWh
2139,SA1,2025-11-01 00:00:00+10:00,price,122.64083,$/MWh
2140,SA1,2025-11-01 01:00:00+10:00,price,109.04667,$/MWh
2141,SA1,2025-11-01 02:00:00+10:00,price,106.45,$/MWh
2142,SA1,2025-11-01 03:00:00+10:00,price,95.865,$/MWh
2143,SA1,2025-11-01 04:00:00+10:00,price,89.061667,$/MWh
2144,SA1,2025-11-01 05:00:00+10:00,price,93.631667,$/MWh
2145,SA1,2025-11-01 06:00:00+10:00,price,46.991667,$/MWh
2146,SA1,2025-11-01 07:00:00+10:00,price,-6.6545455,$/MWh
2147,SA1,2025-11-01 08:00:00+10:00,price,-23.458333,$/MWh
2148,SA1,2025-11-01 09:00:00+10:00,price,-28.233333,$/MWh
2149,SA1,2025-11-01 10:00:00+10:00,price,-37.846667,$/MWh
2150,SA1,2025-11-01 11:00:00+10:00,price,-55.136667,$/MWh
2151,SA1,2025-11-01 12:00:00+10:00,price,-42.906667,$/MWh
2152,SA1,2025-11-01 13:00:00+10:00,price,-85.015,$/MWh
2153,SA1,2025-11-01 14:00:00+10:00,price,-87.7575,$/MWh
2154,SA1,2025-11-01 15:00:00+10:00,price,-34.868333,$/MWh
2155,SA1,2025-11-01 16:00:00+10:00,price,3.705,$/MWh
2156,SA1,2025-11-01 17:00:00+10:00,price,104.505,$/MWh
2157,SA1,2025-11-01 18:00:00+10:00,price,140.68917,$/MWh
2158,SA1,2025-11-01 19:00:00+10:00,price,137.6375,$/MWh
2159,SA1,2025-11-01 20:00:00+10:00,price,142.26417,$/MWh
2160,SA1,2025-11-01 21:00:00+10:00,price,111.4575,$/MWh
2161,SA1,2025-11-01 22:00:00+10:00,price,94.171667,$/MWh
2162,SA1,2025-11-01 23:00:00+10:00,price,33.008333,$/MWh
2163,SA1,2025-11-02 00:00:00+10:00,price,42.094167,$/MWh
2164,SA1,2025-11-02 01:00:00+10:00,price,24.721667,$/MWh
2165,SA1,2025-11-02 02:00:00+10:00,price,43.4925,$/MWh
2166,SA1,2025-11-02 03:00:00+10:00,price,67.9425,$/MWh
2167,SA1,2025-11-02 04:00:00+10:00,price,44.624167,$/MWh
2168,SA1,2025-11-02 05:00:00+10:00,price,-4.9283333,$/MWh
2169,SA1,2025-11-02 06:00:00+10:00,price,-18.553333,$/MWh
2170,SA1,2025-11-02 07:00:00+10:00,price,-30.894167,$/MWh
2171,SA1,2025-11-02 08:00:00+10:00,price,-43.250909,$/MWh
2172,SA1,2025-11-02 09:00:00+10:00,price,-40.656667,$/MWh
2173,SA1,2025-11-02 10:00:00+10:00,price,-40.3325,$/MWh
2174,SA1,2025-11-02 11:00:00+10:00,price,-32.7175,$/MWh
2175,SA1,2025-11-02 12:00:00+10:00,price,-45.405833,$/MWh
2176,SA1,2025-11-02 13:00:00+10:00,price,-20.628333,$/MWh
2177,SA1,2025-11-02 14:00:00+10:00,price,-20.221667,$/MWh
2178,SA1,2025-11-02 15:00:00+10:00,price,-11.178333,$/MWh
2179,SA1,2025-11-02 16:00:00+10:00,price,23.434167,$/MWh
2180,SA1,2025-11-02 17:00:00+10:00,price,54.741667,$/MWh
2181,SA1,2025-11-02 18:00:00+10:00,price,6.3833333,$/MWh
2182,SA1,2025-11-02 19:00:00+10:00,price,10.945833,$/MWh
2183,SA1,2025-11-02 20:00:00+10:00,price,61.085,$/MWh
2184,SA1,2025-11-02 21:00:00+10:00,price,75.639167,$/MWh
2185,SA1,2025-11-02 22:00:00+10:00,price,96.701667,$/MWh
2186,SA1,2025-11-02 23:00:00+10:00,price,94.306667,$/MWh
2187,SA1,2025-11-03 00:00:00+10:00,price,79.186667,$/MWh
2188,SA1,2025-11-03 01:00:00+10:00,price,88.059167,$/MWh
2189,SA1,2025-11-03 02:00:00+10:00,price,83.0275,$/MWh
2190,SA1,2025-11-03 03:00:00+10:00,price,75.7875,$/MWh
2191,SA1,2025-11-03 04:00:00+10:00,price,63.439167,$/MWh
2192,SA1,2025-11-03 05:00:00+10:00,price,74.561667,$/MWh
2193,SA1,2025-11-03 06:00:00+10:00,price,62.515833,$/MWh
2194,SA1,2025-11-03 07:00:00+10:00,price,68.100833,$/MWh
2195,SA1,2025-11-03 08:00:00+10:00,price,47.873333,$/MWh
2196,SA1,2025-11-03 09:00:00+10:00,price,-0.84583333,$/MWh
2197,SA1,2025-11-03 10:00:00+10:00,price,20.874167,$/MWh
2198,SA1,2025-11-03 11:00:00+10:00,price,-14.080833,$/MWh
2199,SA1,2025-11-03 12:00:00+10:00,price,-11.978333,$/MWh
2200,SA1,2025-11-03 13:00:00+10:00,price,-10.639167,$/MWh
2201,SA1,2025-11-03 14:00:00+10:00,price,-10.008333,$/MWh
2202,SA1,2025-11-03 15:00:00+10:00,price,-7.8216667,$/MWh
2203,SA1,2025-11-03 16:00:00+10:00,price,9.0641667,$/MWh
2204,SA1,2025-11-03 17:00:00+10:00,price,44.428333,$/MWh
2205,SA1,2025-11-03 18:00:00+10:00,price,78.203333,$/MWh
2206,SA1,2025-11-03 19:00:00+10:00,price,72.905,$/MWh
2207,SA1,2025-11-03 20:00:00+10:00,price,122.09333,$/MWh
2208,SA1,2025-11-03 21:00:00+10:00,price,120.02833,$/MWh
2209,SA1,2025-11-03 22:00:00+10:00,price,108.36833,$/MWh
2210,SA1,2025-11-03 23:00:00+10:00,price,109.43833,$/MWh
2211,SA1,2025-11-04 00:00:00+10:00,price,113.57333,$/MWh
2212,SA1,2025-11-04 01:00:00+10:00,price,112.01417,$/MWh
2213,SA1,2025-11-04 02:00:00+10:00,price,90.8625,$/MWh
2214,SA1,2025-11-04 03:00:00+10:00,price,104.63,$/MWh
2215,SA1,2025-11-04 04:00:00+10:00,price,122.15167,$/MWh
2216,SA1,2025-11-04 05:00:00+10:00,price,177.955,$/MWh
2217,SA1,2025-11-04 06:00:00+10:00,price,95.3225,$/MWh
2218,SA1,2025-11-04 07:00:00+10:00,price,-0.054166667,$/MWh
2219,SA1,2025-11-04 08:00:00+10:00,price,-11.008333,$/MWh
2220,SA1,2025-11-04 09:00:00+10:00,price,-10.356667,$/MWh
2221,SA1,2025-11-04 10:00:00+10:00,price,-13.965833,$/MWh
2222,SA1,2025-11-04 11:00:00+10:00,price,-14.694167,$/MWh
2223,SA1,2025-11-04 12:00:00+10:00,price,-13.775,$/MWh
2224,SA1,2025-11-04 13:00:00+10:00,price,-11.354167,$/MWh
2225,SA1,2025-11-04 14:00:00+10:00,price,-11.245833,$/MWh
2226,SA1,2025-11-04 15:00:00+10:00,price,-10.958333,$/MWh
2227,SA1,2025-11-04 16:00:00+10:00,price,-9.3933333,$/MWh
2228,SA1,2025-11-04 17:00:00+10:00,price,-9.044,$/MWh
2229,TAS1,2025-10-04 19:00:00+10:00,price,7.1675,$/MWh
2230,TAS1,2025-10-04 20:00:00+10:00,price,2.8616667,$/MWh
2231,TAS1,2025-10-04 21:00:00+10:00,price,0.13666667,$/MWh
2232,TAS1,2025-10-04 22:00:00+10:00,price,-0.02,$/MWh
2233,TAS1,2025-10-04 23:00:00+10:00,price,0.51416667,$/MWh
2234,TAS1,2025-10-05 00:00:00+10:00,price,-0.567,$/MWh
2235,TAS1,2025-10-05 01:00:00+10:00,price,-0.72416667,$/MWh
2236,TAS1,2025-10-05 02:00:00+10:00,price,14.846667,$/MWh
2237,TAS1,2025-10-05 03:00:00+10:00,price,4.7883333,$/MWh
2238,TAS1,2025-10-05 04:00:00+10:00,price,5.3881818,$/MWh
2239,TAS1,2025-10-05 05:00:00+10:00,price,23.118182,$/MWh
2240,TAS1,2025-10-05 06:00:00+10:00,price,10.577,$/MWh
2241,TAS1,2025-10-05 07:00:00+10:00,price,17.756667,$/MWh
2242,TAS1,2025-10-05 08:00:00+10:00,price,14.830909,$/MWh
2243,TAS1,2025-10-05 09:00:00+10:00,price,5.3718182,$/MWh
2244,TAS1,2025-10-05 10:00:00+10:00,price,5.7827273,$/MWh
2245,TAS1,2025-10-05 11:00:00+10:00,price,2.9518182,$/MWh
2246,TAS1,2025-10-05 12:00:00+10:00,price,-0.596,$/MWh
2247,TAS1,2025-10-05 13:00:00+10:00,price,-0.53,$/MWh
2248,TAS1,2025-10-05 14:00:00+10:00,price,7.3225,$/MWh
2249,TAS1,2025-10-05 15:00:00+10:00,price,6.3290909,$/MWh
2250,TAS1,2025-10-05 16:00:00+10:00,price,5.4941667,$/MWh
2251,TAS1,2025-10-05 17:00:00+10:00,price,5.2672727,$/MWh
2252,TAS1,2025-10-05 18:00:00+10:00,price,3.1154545,$/MWh
2253,TAS1,2025-10-05 19:00:00+10:00,price,0.055,$/MWh
2254,TAS1,2025-10-05 20:00:00+10:00,price,0.82416667,$/MWh
2255,TAS1,2025-10-05 21:00:00+10:00,price,9.8166667,$/MWh
2256,TAS1,2025-10-05 22:00:00+10:00,price,-0.665,$/MWh
2257,TAS1,2025-10-05 23:00:00+10:00,price,-0.20666667,$/MWh
2258,TAS1,2025-10-06 00:00:00+10:00,price,1.5316667,$/MWh
2259,TAS1,2025-10-06 01:00:00+10:00,price,-1.5383333,$/MWh
2260,TAS1,2025-10-06 02:00:00+10:00,price,5.18,$/MWh
2261,TAS1,2025-10-06 03:00:00+10:00,price,-0.53333333,$/MWh
2262,TAS1,2025-10-06 04:00:00+10:00,price,-1.1508333,$/MWh
2263,TAS1,2025-10-06 05:00:00+10:00,price,0.48916667,$/MWh
2264,TAS1,2025-10-06 06:00:00+10:00,price,0.75166667,$/MWh
2265,TAS1,2025-10-06 07:00:00+10:00,price,3.6583333,$/MWh
2266,TAS1,2025-10-06 08:00:00+10:00,price,1.4275,$/MWh
2267,TAS1,2025-10-06 09:00:00+10:00,price,0.11,$/MWh
2268,TAS1,2025-10-06 10:00:00+10:00,price,-3.625,$/MWh
2269,TAS1,2025-10-06 11:00:00+10:00,price,-5.4891667,$/MWh
2270,TAS1,2025-10-06 12:00:00+10:00,price,-4.9908333,$/MWh
2271,TAS1,2025-10-06 13:00:00+10:00,price,-0.44166667,$/MWh
2272,TAS1,2025-10-06 14:00:00+10:00,price,2.5533333,$/MWh
2273,TAS1,2025-10-06 15:00:00+10:00,price,1.9375,$/MWh
2274,TAS1,2025-10-06 16:00:00+10:00,price,12.584167,$/MWh
2275,TAS1,2025-10-06 17:00:00+10:00,price,15.313333,$/MWh
2276,TAS1,2025-10-06 18:00:00+10:00,price,19.928333,$/MWh
2277,TAS1,2025-10-06 19:00:00+10:00,price,19.99,$/MWh
2278,TAS1,2025-10-06 20:00:00+10:00,price,39.788333,$/MWh
2279,TAS1,2025-10-06 21:00:00+10:00,price,41.076667,$/MWh
2280,TAS1,2025-10-06 22:00:00+10:00,price,54.9375,$/MWh
2281,TAS1,2025-10-06 23:00:00+10:00,price,38.7125,$/MWh
2282,TAS1,2025-10-07 00:00:00+10:00,price,26.264167,$/MWh
2283,TAS1,2025-10-07 01:00:00+10:00,price,26.06,$/MWh
2284,TAS1,2025-10-07 02:00:00+10:00,price,18.599167,$/MWh
2285,TAS1,2025-10-07 03:00:00+10:00,price,36.535833,$/MWh
2286,TAS1,2025-10-07 04:00:00+10:00,price,58.145833,$/MWh
2287,TAS1,2025-10-07 05:00:00+10:00,price,98.288333,$/MWh
2288,TAS1,2025-10-07 06:00:00+10:00,price,102.8225,$/MWh
2289,TAS1,2025-10-07 07:00:00+10:00,price,37.481667,$/MWh
2290,TAS1,2025-10-07 08:00:00+10:00,price,2.1591667,$/MWh
2291,TAS1,2025-10-07 09:00:00+10:00,price,-4.6708333,$/MWh
2292,TAS1,2025-10-07 10:00:00+10:00,price,-4.0883333,$/MWh
2293,TAS1,2025-10-07 11:00:00+10:00,price,-5.4716667,$/MWh
2294,TAS1,2025-10-07 12:00:00+10:00,price,-7.1466667,$/MWh
2295,TAS1,2025-10-07 13:00:00+10:00,price,-4.9716667,$/MWh
2296,TAS1,2025-10-07 14:00:00+10:00,price,-3.6933333,$/MWh
2297,TAS1,2025-10-07 15:00:00+10:00,price,-0.3875,$/MWh
2298,TAS1,2025-10-07 16:00:00+10:00,price,20.848333,$/MWh
2299,TAS1,2025-10-07 17:00:00+10:00,price,12.8,$/MWh
2300,TAS1,2025-10-07 18:00:00+10:00,price,13.1675,$/MWh
2301,TAS1,2025-10-07 19:00:00+10:00,price,12.165,$/MWh
2302,TAS1,2025-10-07 20:00:00+10:00,price,13.281667,$/MWh
2303,TAS1,2025-10-07 21:00:00+10:00,price,32.816667,$/MWh
2304,TAS1,2025-10-07 22:00:00+10:00,price,17.765,$/MWh
2305,TAS1,2025-10-07 23:00:00+10:00,price,12.770833,$/MWh
2306,TAS1,2025-10-08 00:00:00+10:00,price,2.7866667,$/MWh
2307,TAS1,2025-10-08 01:00:00+10:00,price,2.3616667,$/MWh
2308,TAS1,2025-10-08 02:00:00+10:00,price,21.218333,$/MWh
2309,TAS1,2025-10-08 03:00:00+10:00,price,8.1133333,$/MWh
2310,TAS1,2025-10-08 04:00:00+10:00,price,12.241667,$/MWh
2311,TAS1,2025-10-08 05:00:00+10:00,price,27.905833,$/MWh
2312,TAS1,2025-10-08 06:00:00+10:00,price,33.631667,$/MWh
2313,TAS1,2025-10-08 07:00:00+10:00,price,3.6341667,$/MWh
2314,TAS1,2025-10-08 08:00:00+10:00,price,4.2991667,$/MWh
2315,TAS1,2025-10-08 09:00:00+10:00,price,2.4941667,$/MWh
2316,TAS1,2025-10-08 10:00:00+10:00,price,0.16583333,$/MWh
2317,TAS1,2025-10-08 11:00:00+10:00,price,0.1,$/MWh
2318,TAS1,2025-10-08 12:00:00+10:00,price,1.1241667,$/MWh
2319,TAS1,2025-10-08 13:00:00+10:00,price,8.685,$/MWh
2320,TAS1,2025-10-08 14:00:00+10:00,price,-0.89166667,$/MWh
2321,TAS1,2025-10-08 15:00:00+10:00,price,-2.0333333,$/MWh
2322,TAS1,2025-10-08 16:00:00+10:00,price,-0.57833333,$/MWh
2323,TAS1,2025-10-08 17:00:00+10:00,price,-0.13083333,$/MWh
2324,TAS1,2025-10-08 18:00:00+10:00,price,3.9941667,$/MWh
2325,TAS1,2025-10-08 19:00:00+10:00,price,4.2891667,$/MWh
2326,TAS1,2025-10-08 20:00:00+10:00,price,2.6033333,$/MWh
2327,TAS1,2025-10-08 21:00:00+10:00,price,4.5283333,$/MWh
2328,TAS1,2025-10-08 22:00:00+10:00,price,2.3016667,$/MWh
2329,TAS1,2025-10-08 23:00:00+10:00,price,1.2508333,$/MWh
2330,TAS1,2025-10-09 00:00:00+10:00,price,0.305,$/MWh
2331,TAS1,2025-10-09 01:00:00+10:00,price,-1.715,$/MWh
2332,TAS1,2025-10-09 02:00:00+10:00,price,-1.6066667,$/MWh
2333,TAS1,2025-10-09 03:00:00+10:00,price,0.085,$/MWh
2334,TAS1,2025-10-09 04:00:00+10:00,price,0.2975,$/MWh
2335,TAS1,2025-10-09 05:00:00+10:00,price,1.8583333,$/MWh
2336,TAS1,2025-10-09 06:00:00+10:00,price,4.45,$/MWh
2337,TAS1,2025-10-09 07:00:00+10:00,price,21.695,$/MWh
2338,TAS1,2025-10-09 08:00:00+10:00,price,32.220833,$/MWh
2339,TAS1,2025-10-09 09:00:00+10:00,price,8.8625,$/MWh
2340,TAS1,2025-10-09 10:00:00+10:00,price,1.9291667,$/MWh
2341,TAS1,2025-10-09 11:00:00+10:00,price,0.82666667,$/MWh
2342,TAS1,2025-10-09 12:00:00+10:00,price,-11.561667,$/MWh
2343,TAS1,2025-10-09 13:00:00+10:00,price,-20.976667,$/MWh
2344,TAS1,2025-10-09 14:00:00+10:00,price,-6.9091667,$/MWh
2345,TAS1,2025-10-09 15:00:00+10:00,price,-2.9716667,$/MWh
2346,TAS1,2025-10-09 16:00:00+10:00,price,0.24416667,$/MWh
2347,TAS1,2025-10-09 17:00:00+10:00,price,-0.07,$/MWh
2348,TAS1,2025-10-09 18:00:00+10:00,price,4.5041667,$/MWh
2349,TAS1,2025-10-09 19:00:00+10:00,price,4.5591667,$/MWh
2350,TAS1,2025-10-09 20:00:00+10:00,price,4.7916667,$/MWh
2351,TAS1,2025-10-09 21:00:00+10:00,price,0.69916667,$/MWh
2352,TAS1,2025-10-09 22:00:00+10:00,price,0.15666667,$/MWh
2353,TAS1,2025-10-09 23:00:00+10:00,price,0.0975,$/MWh
2354,TAS1,2025-10-10 00:00:00+10:00,price,2.2783333,$/MWh
2355,TAS1,2025-10-10 01:00:00+10:00,price,2.64,$/MWh
2356,TAS1,2025-10-10 02:00:00+10:00,price,11.2375,$/MWh
2357,TAS1,2025-10-10 03:00:00+10:00,price,6.2291667,$/MWh
2358,TAS1,2025-10-10 04:00:00+10:00,price,2.795,$/MWh
2359,TAS1,2025-10-10 05:00:00+10:00,price,7.7191667,$/MWh
2360,TAS1,2025-10-10 06:00:00+10:00,price,55.174167,$/MWh
2361,TAS1,2025-10-10 07:00:00+10:00,price,15.519167,$/MWh
2362,TAS1,2025-10-10 08:00:00+10:00,price,6.7333333,$/MWh
2363,TAS1,2025-10-10 09:00:00+10:00,price,13.56,$/MWh
2364,TAS1,2025-10-10 10:00:00+10:00,price,23.655833,$/MWh
2365,TAS1,2025-10-10 11:00:00+10:00,price,4.9616667,$/MWh
2366,TAS1,2025-10-10 12:00:00+10:00,price,3.5958333,$/MWh
2367,TAS1,2025-10-10 13:00:00+10:00,price,-0.92,$/MWh
2368,TAS1,2025-10-10 14:00:00+10:00,price,-0.56166667,$/MWh
2369,TAS1,2025-10-10 15:00:00+10:00,price,0.75916667,$/MWh
2370,TAS1,2025-10-10 16:00:00+10:00,price,1.2966667,$/MWh
2371,TAS1,2025-10-10 17:00:00+10:00,price,6.5941667,$/MWh
2372,TAS1,2025-10-10 18:00:00+10:00,price,18.9275,$/MWh
2373,TAS1,2025-10-10 19:00:00+10:00,price,7.6458333,$/MWh
2374,TAS1,2025-10-10 20:00:00+10:00,price,0.94833333,$/MWh
2375,TAS1,2025-10-10 21:00:00+10:00,price,1.6341667,$/MWh
2376,TAS1,2025-10-10 22:00:00+10:00,price,0.285,$/MWh
2377,TAS1,2025-10-10 23:00:00+10:00,price,-1.565,$/MWh
2378,TAS1,2025-10-11 00:00:00+10:00,price,-3.72,$/MWh
2379,TAS1,2025-10-11 01:00:00+10:00,price,-0.71,$/MWh
2380,TAS1,2025-10-11 02:00:00+10:00,price,-2.26,$/MWh
2381,TAS1,2025-10-11 03:00:00+10:00,price,-1.88,$/MWh
2382,TAS1,2025-10-11 04:00:00+10:00,price,-2.6016667,$/MWh
2383,TAS1,2025-10-11 05:00:00+10:00,price,-0.73083333,$/MWh
2384,TAS1,2025-10-11 06:00:00+10:00,price,-2.3158333,$/MWh
2385,TAS1,2025-10-11 07:00:00+10:00,price,-1.9491667,$/MWh
2386,TAS1,2025-10-11 08:00:00+10:00,price,3.6291667,$/MWh
2387,TAS1,2025-10-11 09:00:00+10:00,price,-1.2508333,$/MWh
2388,TAS1,2025-10-11 10:00:00+10:00,price,-1.4508333,$/MWh
2389,TAS1,2025-10-11 11:00:00+10:00,price,-1.1375,$/MWh
2390,TAS1,2025-10-11 12:00:00+10:00,price,-3.2575,$/MWh
2391,TAS1,2025-10-11 13:00:00+10:00,price,-3.8358333,$/MWh
2392,TAS1,2025-10-11 14:00:00+10:00,price,-3.3708333,$/MWh
2393,TAS1,2025-10-11 15:00:00+10:00,price,-1.7916667,$/MWh
2394,TAS1,2025-10-11 16:00:00+10:00,price,-1.0275,$/MWh
2395,TAS1,2025-10-11 17:00:00+10:00,price,0.091666667,$/MWh
2396,TAS1,2025-10-11 18:00:00+10:00,price,5.3291667,$/MWh
2397,TAS1,2025-10-11 19:00:00+10:00,price,29.561667,$/MWh
2398,TAS1,2025-10-11 20:00:00+10:00,price,26.385833,$/MWh
2399,TAS1,2025-10-11 21:00:00+10:00,price,35.340833,$/MWh
2400,TAS1,2025-10-11 22:00:00+10:00,price,42.935833,$/MWh
2401,TAS1,2025-10-11 23:00:00+10:00,price,34.026667,$/MWh
2402,TAS1,2025-10-12 00:00:00+10:00,price,13.000833,$/MWh
2403,TAS1,2025-10-12 01:00:00+10:00,price,-0.085833333,$/MWh
2404,TAS1,2025-10-12 02:00:00+10:00,price,0.075,$/MWh
2405,TAS1,2025-10-12 03:00:00+10:00,price,0.1025,$/MWh
2406,TAS1,2025-10-12 04:00:00+10:00,price,0.23333333,$/MWh
2407,TAS1,2025-10-12 05:00:00+10:00,price,5.7381818,$/MWh
2408,TAS1,2025-10-12 06:00:00+10:00,price,5.9033333,$/MWh
2409,TAS1,2025-10-12 07:00:00+10:00,price,25.335,$/MWh
2410,TAS1,2025-10-12 08:00:00+10:00,price,0.76916667,$/MWh
2411,TAS1,2025-10-12 09:00:00+10:00,price,6.1125,$/MWh
2412,TAS1,2025-10-12 10:00:00+10:00,price,2.7825,$/MWh
2413,TAS1,2025-10-12 11:00:00+10:00,price,5.3716667,$/MWh
2414,TAS1,2025-10-12 12:00:00+10:00,price,6.5891667,$/MWh
2415,TAS1,2025-10-12 13:00:00+10:00,price,0.86166667,$/MWh
2416,TAS1,2025-10-12 14:00:00+10:00,price,0.23916667,$/MWh
2417,TAS1,2025-10-12 15:00:00+10:00,price,6.5716667,$/MWh
2418,TAS1,2025-10-12 16:00:00+10:00,price,16.306667,$/MWh
2419,TAS1,2025-10-12 17:00:00+10:00,price,23.623333,$/MWh
2420,TAS1,2025-10-12 18:00:00+10:00,price,59.464167,$/MWh
2421,TAS1,2025-10-12 19:00:00+10:00,price,54.3925,$/MWh
2422,TAS1,2025-10-12 20:00:00+10:00,price,25.959167,$/MWh
2423,TAS1,2025-10-12 21:00:00+10:00,price,7.1383333,$/MWh
2424,TAS1,2025-10-12 22:00:00+10:00,price,28.734167,$/MWh
2425,TAS1,2025-10-12 23:00:00+10:00,price,29.971667,$/MWh
2426,TAS1,2025-10-13 00:00:00+10:00,price,33.095,$/MWh
2427,TAS1,2025-10-13 01:00:00+10:00,price,42.8775,$/MWh
2428,TAS1,2025-10-13 02:00:00+10:00,price,42.384167,$/MWh
2429,TAS1,2025-10-13 03:00:00+10:00,price,58.9375,$/MWh
2430,TAS1,2025-10-13 04:00:00+10:00,price,78.609167,$/MWh
2431,TAS1,2025-10-13 05:00:00+10:00,price,101.0675,$/MWh
2432,TAS1,2025-10-13 06:00:00+10:00,price,77.438333,$/MWh
2433,TAS1,2025-10-13 07:00:00+10:00,price,47.055833,$/MWh
2434,TAS1,2025-10-13 08:00:00+10:00,price,8.515,$/MWh
2435,TAS1,2025-10-13 09:00:00+10:00,price,0.97916667,$/MWh
2436,TAS1,2025-10-13 10:00:00+10:00,price,2.485,$/MWh
2437,TAS1,2025-10-13 11:00:00+10:00,price,12.905833,$/MWh
2438,TAS1,2025-10-13 12:00:00+10:00,price,10.839167,$/MWh
2439,TAS1,2025-10-13 13:00:00+10:00,price,8.4616667,$/MWh
2440,TAS1,2025-10-13 14:00:00+10:00,price,2.9191667,$/MWh
2441,TAS1,2025-10-13 15:00:00+10:00,price,4.7033333,$/MWh
2442,TAS1,2025-10-13 16:00:00+10:00,price,2.6558333,$/MWh
2443,TAS1,2025-10-13 17:00:00+10:00,price,93.251667,$/MWh
2444,TAS1,2025-10-13 18:00:00+10:00,price,62.115,$/MWh
2445,TAS1,2025-10-13 19:00:00+10:00,price,62.3125,$/MWh
2446,TAS1,2025-10-13 20:00:00+10:00,price,50.670833,$/MWh
2447,TAS1,2025-10-13 21:00:00+10:00,price,27.6125,$/MWh
2448,TAS1,2025-10-13 22:00:00+10:00,price,21.481667,$/MWh
2449,TAS1,2025-10-13 23:00:00+10:00,price,21.93,$/MWh
2450,TAS1,2025-10-14 00:00:00+10:00,price,5.18,$/MWh
2451,TAS1,2025-10-14 01:00:00+10:00,price,2.5058333,$/MWh
2452,TAS1,2025-10-14 02:00:00+10:00,price,3.0175,$/MWh
2453,TAS1,2025-10-14 03:00:00+10:00,price,2.2033333,$/MWh
2454,TAS1,2025-10-14 04:00:00+10:00,price,11.748333,$/MWh
2455,TAS1,2025-10-14 05:00:00+10:00,price,29.025,$/MWh
2456,TAS1,2025-10-14 06:00:00+10:00,price,39.530909,$/MWh
2457,TAS1,2025-10-14 07:00:00+10:00,price,2.6741667,$/MWh
2458,TAS1,2025-10-14 08:00:00+10:00,price,4.6083333,$/MWh
2459,TAS1,2025-10-14 09:00:00+10:00,price,4.6508333,$/MWh
2460,TAS1,2025-10-14 10:00:00+10:00,price,3.8475,$/MWh
2461,TAS1,2025-10-14 11:00:00+10:00,price,0.35166667,$/MWh
2462,TAS1,2025-10-14 12:00:00+10:00,price,-0.755,$/MWh
2463,TAS1,2025-10-14 13:00:00+10:00,price,2.3916667,$/MWh
2464,TAS1,2025-10-14 14:00:00+10:00,price,3.4508333,$/MWh
2465,TAS1,2025-10-14 15:00:00+10:00,price,4.7766667,$/MWh
2466,TAS1,2025-10-14 16:00:00+10:00,price,5.2575,$/MWh
2467,TAS1,2025-10-14 17:00:00+10:00,price,34.745833,$/MWh
2468,TAS1,2025-10-14 18:00:00+10:00,price,26.761667,$/MWh
2469,TAS1,2025-10-14 19:00:00+10:00,price,37.296667,$/MWh
2470,TAS1,2025-10-14 20:00:00+10:00,price,41.6525,$/MWh
2471,TAS1,2025-10-14 21:00:00+10:00,price,34.991667,$/MWh
2472,TAS1,2025-10-14 22:00:00+10:00,price,57.094167,$/MWh
2473,TAS1,2025-10-14 23:00:00+10:00,price,57.793333,$/MWh
2474,TAS1,2025-10-15 00:00:00+10:00,price,73.3025,$/MWh
2475,TAS1,2025-10-15 01:00:00+10:00,price,70.008333,$/MWh
2476,TAS1,2025-10-15 02:00:00+10:00,price,63.2875,$/MWh
2477,TAS1,2025-10-15 03:00:00+10:00,price,46.8,$/MWh
2478,TAS1,2025-10-15 04:00:00+10:00,price,95.708333,$/MWh
2479,TAS1,2025-10-15 05:00:00+10:00,price,126.2675,$/MWh
2480,TAS1,2025-10-15 06:00:00+10:00,price,118.20182,$/MWh
2481,TAS1,2025-10-15 07:00:00+10:00,price,-0.39083333,$/MWh
2482,TAS1,2025-10-15 08:00:00+10:00,price,1.1533333,$/MWh
2483,TAS1,2025-10-15 09:00:00+10:00,price,4.5333333,$/MWh
2484,TAS1,2025-10-15 10:00:00+10:00,price,7.5036364,$/MWh
2485,TAS1,2025-10-15 11:00:00+10:00,price,5.08,$/MWh
2486,TAS1,2025-10-15 12:00:00+10:00,price,5.32,$/MWh
2487,TAS1,2025-10-15 13:00:00+10:00,price,5.2475,$/MWh
2488,TAS1,2025-10-15 14:00:00+10:00,price,18.030833,$/MWh
2489,TAS1,2025-10-15 15:00:00+10:00,price,5.0258333,$/MWh
2490,TAS1,2025-10-15 16:00:00+10:00,price,20.190833,$/MWh
2491,TAS1,2025-10-15 17:00:00+10:00,price,119.84333,$/MWh
2492,TAS1,2025-10-15 18:00:00+10:00,price,122.12917,$/MWh
2493,TAS1,2025-10-15 19:00:00+10:00,price,95.705,$/MWh
2494,TAS1,2025-10-15 20:00:00+10:00,price,80.505,$/MWh
2495,TAS1,2025-10-15 21:00:00+10:00,price,24.028333,$/MWh
2496,TAS1,2025-10-15 22:00:00+10:00,price,13.0225,$/MWh
2497,TAS1,2025-10-15 23:00:00+10:00,price,3.6083333,$/MWh
2498,TAS1,2025-10-16 00:00:00+10:00,price,1.1533333,$/MWh
2499,TAS1,2025-10-16 01:00:00+10:00,price,-0.95083333,$/MWh
2500,TAS1,2025-10-16 02:00:00+10:00,price,-0.88666667,$/MWh
2501,TAS1,2025-10-16 03:00:00+10:00,price,-0.31916667,$/MWh
2502,TAS1,2025-10-16 04:00:00+10:00,price,4.365,$/MWh
2503,TAS1,2025-10-16 05:00:00+10:00,price,11.9125,$/MWh
2504,TAS1,2025-10-16 06:00:00+10:00,price,14.13,$/MWh
2505,TAS1,2025-10-16 07:00:00+10:00,price,9.7516667,$/MWh
2506,TAS1,2025-10-16 08:00:00+10:00,price,3.6175,$/MWh
2507,TAS1,2025-10-16 09:00:00+10:00,price,1.76,$/MWh
2508,TAS1,2025-10-16 10:00:00+10:00,price,3.4891667,$/MWh
2509,TAS1,2025-10-16 11:00:00+10:00,price,4.3325,$/MWh
2510,TAS1,2025-10-16 12:00:00+10:00,price,12.148333,$/MWh
2511,TAS1,2025-10-16 13:00:00+10:00,price,0.8975,$/MWh
2512,TAS1,2025-10-16 14:00:00+10:00,price,-5.89,$/MWh
2513,TAS1,2025-10-16 15:00:00+10:00,price,-1.7591667,$/MWh
2514,TAS1,2025-10-16 16:00:00+10:00,price,14.828333,$/MWh
2515,TAS1,2025-10-16 17:00:00+10:00,price,22.1875,$/MWh
2516,TAS1,2025-10-16 18:00:00+10:00,price,61.021667,$/MWh
2517,TAS1,2025-10-16 19:00:00+10:00,price,61.764167,$/MWh
2518,TAS1,2025-10-16 20:00:00+10:00,price,73.669167,$/MWh
2519,TAS1,2025-10-16 21:00:00+10:00,price,46.266667,$/MWh
2520,TAS1,2025-10-16 22:00:00+10:00,price,28.033333,$/MWh
2521,TAS1,2025-10-16 23:00:00+10:00,price,65.415833,$/MWh
2522,TAS1,2025-10-17 00:00:00+10:00,price,8.765,$/MWh
2523,TAS1,2025-10-17 01:00:00+10:00,price,0.30666667,$/MWh
2524,TAS1,2025-10-17 02:00:00+10:00,price,0.12166667,$/MWh
2525,TAS1,2025-10-17 03:00:00+10:00,price,0.12666667,$/MWh
2526,TAS1,2025-10-17 04:00:00+10:00,price,5.0281818,$/MWh
2527,TAS1,2025-10-17 05:00:00+10:00,price,6.9183333,$/MWh
2528,TAS1,2025-10-17 06:00:00+10:00,price,11.9,$/MWh
2529,TAS1,2025-10-17 07:00:00+10:00,price,6.2716667,$/MWh
2530,TAS1,2025-10-17 08:00:00+10:00,price,2.4690909,$/MWh
2531,TAS1,2025-10-17 09:00:00+10:00,price,3.7208333,$/MWh
2532,TAS1,2025-10-17 10:00:00+10:00,price,3.6536364,$/MWh
2533,TAS1,2025-10-17 11:00:00+10:00,price,0.72625,$/MWh
2534,TAS1,2025-10-17 12:00:00+10:00,price,2.7545455,$/MWh
2535,TAS1,2025-10-17 13:00:00+10:00,price,3.416,$/MWh
2536,TAS1,2025-10-17 14:00:00+10:00,price,3.0271429,$/MWh
2537,TAS1,2025-10-17 15:00:00+10:00,price,4.98,$/MWh
2538,TAS1,2025-10-17 16:00:00+10:00,price,10.00125,$/MWh
2539,TAS1,2025-10-17 17:00:00+10:00,price,16.926667,$/MWh
2540,TAS1,2025-10-17 18:00:00+10:00,price,40.296667,$/MWh
2541,TAS1,2025-10-17 19:00:00+10:00,price,43.779167,$/MWh
2542,TAS1,2025-10-17 20:00:00+10:00,price,49.671667,$/MWh
2543,TAS1,2025-10-17 21:00:00+10:00,price,46.371111,$/MWh
2544,TAS1,2025-10-17 22:00:00+10:00,price,39.080833,$/MWh
2545,TAS1,2025-10-17 23:00:00+10:00,price,48.463333,$/MWh
2546,TAS1,2025-10-18 00:00:00+10:00,price,35.695455,$/MWh
2547,TAS1,2025-10-18 01:00:00+10:00,price,17.031667,$/MWh
2548,TAS1,2025-10-18 02:00:00+10:00,price,10.760833,$/MWh
2549,TAS1,2025-10-18 03:00:00+10:00,price,16.943333,$/MWh
2550,TAS1,2025-10-18 04:00:00+10:00,price,11.935,$/MWh
2551,TAS1,2025-10-18 05:00:00+10:00,price,13.16,$/MWh
2552,TAS1,2025-10-18 06:00:00+10:00,price,7.0709091,$/MWh
2553,TAS1,2025-10-18 07:00:00+10:00,price,12.749167,$/MWh
2554,TAS1,2025-10-18 08:00:00+10:00,price,24.8575,$/MWh
2555,TAS1,2025-10-18 09:00:00+10:00,price,4.4841667,$/MWh
2556,TAS1,2025-10-18 10:00:00+10:00,price,8.2658333,$/MWh
2557,TAS1,2025-10-18 11:00:00+10:00,price,5.1341667,$/MWh
2558,TAS1,2025-10-18 12:00:00+10:00,price,3.96,$/MWh
2559,TAS1,2025-10-18 13:00:00+10:00,price,4.3783333,$/MWh
2560,TAS1,2025-10-18 14:00:00+10:00,price,4.2618182,$/MWh
2561,TAS1,2025-10-18 15:00:00+10:00,price,7.1008333,$/MWh
2562,TAS1,2025-10-18 16:00:00+10:00,price,48.225833,$/MWh
2563,TAS1,2025-10-18 17:00:00+10:00,price,48.7725,$/MWh
2564,TAS1,2025-10-18 18:00:00+10:00,price,54.331667,$/MWh
2565,TAS1,2025-10-18 19:00:00+10:00,price,32.0275,$/MWh
2566,TAS1,2025-10-18 20:00:00+10:00,price,11.665833,$/MWh
2567,TAS1,2025-10-18 21:00:00+10:00,price,3.305,$/MWh
2568,TAS1,2025-10-18 22:00:00+10:00,price,4.1275,$/MWh
2569,TAS1,2025-10-18 23:00:00+10:00,price,4.1283333,$/MWh
2570,TAS1,2025-10-19 00:00:00+10:00,price,4.0775,$/MWh
2571,TAS1,2025-10-19 01:00:00+10:00,price,3.8475,$/MWh
2572,TAS1,2025-10-19 02:00:00+10:00,price,6.9466667,$/MWh
2573,TAS1,2025-10-19 03:00:00+10:00,price,5.7318182,$/MWh
2574,TAS1,2025-10-19 04:00:00+10:00,price,5.885,$/MWh
2575,TAS1,2025-10-19 05:00:00+10:00,price,0.13,$/MWh
2576,TAS1,2025-10-19 06:00:00+10:00,price,6.6283333,$/MWh
2577,TAS1,2025-10-19 07:00:00+10:00,price,4.3108333,$/MWh
2578,TAS1,2025-10-19 08:00:00+10:00,price,3.1041667,$/MWh
2579,TAS1,2025-10-19 09:00:00+10:00,price,2.0958333,$/MWh
2580,TAS1,2025-10-19 10:00:00+10:00,price,6.78,$/MWh
2581,TAS1,2025-10-19 11:00:00+10:00,price,-0.70916667,$/MWh
2582,TAS1,2025-10-19 12:00:00+10:00,price,0.72333333,$/MWh
2583,TAS1,2025-10-19 13:00:00+10:00,price,4.9290909,$/MWh
2584,TAS1,2025-10-19 14:00:00+10:00,price,4.8166667,$/MWh
2585,TAS1,2025-10-19 15:00:00+10:00,price,5.9291667,$/MWh
2586,TAS1,2025-10-19 16:00:00+10:00,price,31.565833,$/MWh
2587,TAS1,2025-10-19 17:00:00+10:00,price,26.475,$/MWh
2588,TAS1,2025-10-19 18:00:00+10:00,price,42.055833,$/MWh
2589,TAS1,2025-10-19 19:00:00+10:00,price,28.991667,$/MWh
2590,TAS1,2025-10-19 20:00:00+10:00,price,9.1591667,$/MWh
2591,TAS1,2025-10-19 21:00:00+10:00,price,12.638333,$/MWh
2592,TAS1,2025-10-19 22:00:00+10:00,price,14.8375,$/MWh
2593,TAS1,2025-10-19 23:00:00+10:00,price,21.919167,$/MWh
2594,TAS1,2025-10-20 00:00:00+10:00,price,24.308333,$/MWh
2595,TAS1,2025-10-20 01:00:00+10:00,price,14.385,$/MWh
2596,TAS1,2025-10-20 02:00:00+10:00,price,18.160833,$/MWh
2597,TAS1,2025-10-20 03:00:00+10:00,price,24.641667,$/MWh
2598,TAS1,2025-10-20 04:00:00+10:00,price,35.853333,$/MWh
2599,TAS1,2025-10-20 05:00:00+10:00,price,-1.2725,$/MWh
2600,TAS1,2025-10-20 06:00:00+10:00,price,1.6266667,$/MWh
2601,TAS1,2025-10-20 07:00:00+10:00,price,-0.72583333,$/MWh
2602,TAS1,2025-10-20 08:00:00+10:00,price,-0.84833333,$/MWh
2603,TAS1,2025-10-20 09:00:00+10:00,price,0.32,$/MWh
2604,TAS1,2025-10-20 10:00:00+10:00,price,5.3133333,$/MWh
2605,TAS1,2025-10-20 11:00:00+10:00,price,6.4416667,$/MWh
2606,TAS1,2025-10-20 12:00:00+10:00,price,-1.9575,$/MWh
2607,TAS1,2025-10-20 13:00:00+10:00,price,5.0575,$/MWh
2608,TAS1,2025-10-20 14:00:00+10:00,price,-10.788333,$/MWh
2609,TAS1,2025-10-20 15:00:00+10:00,price,4.8616667,$/MWh
2610,TAS1,2025-10-20 16:00:00+10:00,price,5.9458333,$/MWh
2611,TAS1,2025-10-20 17:00:00+10:00,price,3.9908333,$/MWh
2612,TAS1,2025-10-20 18:00:00+10:00,price,3.7616667,$/MWh
2613,TAS1,2025-10-20 19:00:00+10:00,price,2.0758333,$/MWh
2614,TAS1,2025-10-20 20:00:00+10:00,price,3.46,$/MWh
2615,TAS1,2025-10-20 21:00:00+10:00,price,2.2308333,$/MWh
2616,TAS1,2025-10-20 22:00:00+10:00,price,0.99666667,$/MWh
2617,TAS1,2025-10-20 23:00:00+10:00,price,-0.41916667,$/MWh
2618,TAS1,2025-10-21 00:00:00+10:00,price,-1.1733333,$/MWh
2619,TAS1,2025-10-21 01:00:00+10:00,price,-1.9566667,$/MWh
2620,TAS1,2025-10-21 02:00:00+10:00,price,-0.83181818,$/MWh
2621,TAS1,2025-10-21 03:00:00+10:00,price,-0.46333333,$/MWh
2622,TAS1,2025-10-21 04:00:00+10:00,price,0.14083333,$/MWh
2623,TAS1,2025-10-21 05:00:00+10:00,price,1.2433333,$/MWh
2624,TAS1,2025-10-21 06:00:00+10:00,price,0.22833333,$/MWh
2625,TAS1,2025-10-21 07:00:00+10:00,price,0.12333333,$/MWh
2626,TAS1,2025-10-21 08:00:00+10:00,price,0.10166667,$/MWh
2627,TAS1,2025-10-21 09:00:00+10:00,price,0.11083333,$/MWh
2628,TAS1,2025-10-21 10:00:00+10:00,price,-0.18666667,$/MWh
2629,TAS1,2025-10-21 11:00:00+10:00,price,0.10166667,$/MWh
2630,TAS1,2025-10-21 12:00:00+10:00,price,0.09,$/MWh
2631,TAS1,2025-10-21 13:00:00+10:00,price,0.095,$/MWh
2632,TAS1,2025-10-21 14:00:00+10:00,price,0.145,$/MWh
2633,TAS1,2025-10-21 15:00:00+10:00,price,1.4683333,$/MWh
2634,TAS1,2025-10-21 16:00:00+10:00,price,0.58583333,$/MWh
2635,TAS1,2025-10-21 17:00:00+10:00,price,0.66583333,$/MWh
2636,TAS1,2025-10-21 18:00:00+10:00,price,1.5518182,$/MWh
2637,TAS1,2025-10-21 19:00:00+10:00,price,1.9191667,$/MWh
2638,TAS1,2025-10-21 20:00:00+10:00,price,0.29666667,$/MWh
2639,TAS1,2025-10-21 21:00:00+10:00,price,0.17666667,$/MWh
2640,TAS1,2025-10-21 22:00:00+10:00,price,0.17833333,$/MWh
2641,TAS1,2025-10-21 23:00:00+10:00,price,1.0066667,$/MWh
2642,TAS1,2025-10-22 00:00:00+10:00,price,0.85583333,$/MWh
2643,TAS1,2025-10-22 01:00:00+10:00,price,0.64083333,$/MWh
2644,TAS1,2025-10-22 02:00:00+10:00,price,0.60083333,$/MWh
2645,TAS1,2025-10-22 03:00:00+10:00,price,0.99583333,$/MWh
2646,TAS1,2025-10-22 04:00:00+10:00,price,1.1525,$/MWh
2647,TAS1,2025-10-22 05:00:00+10:00,price,19.2125,$/MWh
2648,TAS1,2025-10-22 06:00:00+10:00,price,58.415,$/MWh
2649,TAS1,2025-10-22 07:00:00+10:00,price,3.29,$/MWh
2650,TAS1,2025-10-22 08:00:00+10:00,price,23.005833,$/MWh
2651,TAS1,2025-10-22 09:00:00+10:00,price,53.375833,$/MWh
2652,TAS1,2025-10-22 10:00:00+10:00,price,22.165455,$/MWh
2653,TAS1,2025-10-22 11:00:00+10:00,price,20.614167,$/MWh
2654,TAS1,2025-10-22 12:00:00+10:00,price,93.848,$/MWh
2655,TAS1,2025-10-22 13:00:00+10:00,price,70.955455,$/MWh
2656,TAS1,2025-10-22 14:00:00+10:00,price,23.713,$/MWh
2657,TAS1,2025-10-22 15:00:00+10:00,price,0.86727273,$/MWh
2658,TAS1,2025-10-22 16:00:00+10:00,price,1.4554545,$/MWh
2659,TAS1,2025-10-22 17:00:00+10:00,price,0.80333333,$/MWh
2660,TAS1,2025-10-22 18:00:00+10:00,price,1.094,$/MWh
2661,TAS1,2025-10-22 19:00:00+10:00,price,1.3466667,$/MWh
2662,TAS1,2025-10-22 20:00:00+10:00,price,27.075,$/MWh
2663,TAS1,2025-10-22 21:00:00+10:00,price,0.16181818,$/MWh
2664,TAS1,2025-10-22 22:00:00+10:00,price,-0.090833333,$/MWh
2665,TAS1,2025-10-22 23:00:00+10:00,price,-1.4081818,$/MWh
2666,TAS1,2025-10-23 00:00:00+10:00,price,-1.8488889,$/MWh
2667,TAS1,2025-10-23 01:00:00+10:00,price,-1.908,$/MWh
2668,TAS1,2025-10-23 02:00:00+10:00,price,-1.8972727,$/MWh
2669,TAS1,2025-10-23 03:00:00+10:00,price,-0.82363636,$/MWh
2670,TAS1,2025-10-23 04:00:00+10:00,price,-2.395,$/MWh
2671,TAS1,2025-10-23 05:00:00+10:00,price,0.4125,$/MWh
2672,TAS1,2025-10-23 06:00:00+10:00,price,16.943333,$/MWh
2673,TAS1,2025-10-23 07:00:00+10:00,price,4.16,$/MWh
2674,TAS1,2025-10-23 08:00:00+10:00,price,-1.2316667,$/MWh
2675,TAS1,2025-10-23 09:00:00+10:00,price,-3.4690909,$/MWh
2676,TAS1,2025-10-23 10:00:00+10:00,price,-0.11916667,$/MWh
2677,TAS1,2025-10-23 11:00:00+10:00,price,0.61444444,$/MWh
2678,TAS1,2025-10-23 12:00:00+10:00,price,0.25714286,$/MWh
2679,TAS1,2025-10-23 13:00:00+10:00,price,-2.5354545,$/MWh
2680,TAS1,2025-10-23 14:00:00+10:00,price,0.0875,$/MWh
2681,TAS1,2025-10-23 15:00:00+10:00,price,-1.5233333,$/MWh
2682,TAS1,2025-10-23 16:00:00+10:00,price,13.09125,$/MWh
2683,TAS1,2025-10-23 17:00:00+10:00,price,3.1414286,$/MWh
2684,TAS1,2025-10-23 18:00:00+10:00,price,19.125,$/MWh
2685,TAS1,2025-10-23 19:00:00+10:00,price,3.8945455,$/MWh
2686,TAS1,2025-10-23 20:00:00+10:00,price,0.37,$/MWh
2687,TAS1,2025-10-23 21:00:00+10:00,price,-1.3236364,$/MWh
2688,TAS1,2025-10-23 22:00:00+10:00,price,-0.06,$/MWh
2689,TAS1,2025-10-23 23:00:00+10:00,price,0.077272727,$/MWh
2690,TAS1,2025-10-24 00:00:00+10:00,price,-1.7483333,$/MWh
2691,TAS1,2025-10-24 01:00:00+10:00,price,0.241,$/MWh
2692,TAS1,2025-10-24 02:00:00+10:00,price,0.97666667,$/MWh
2693,TAS1,2025-10-24 03:00:00+10:00,price,1.9009091,$/MWh
2694,TAS1,2025-10-24 04:00:00+10:00,price,4.3233333,$/MWh
2695,TAS1,2025-10-24 05:00:00+10:00,price,8.9281818,$/MWh
2696,TAS1,2025-10-24 06:00:00+10:00,price,9.77625,$/MWh
2697,TAS1,2025-10-24 07:00:00+10:00,price,5.5025,$/MWh
2698,TAS1,2025-10-24 08:00:00+10:00,price,5.172,$/MWh
2699,TAS1,2025-10-24 09:00:00+10:00,price,4.68,$/MWh
2700,TAS1,2025-10-24 10:00:00+10:00,price,2.61875,$/MWh
2701,TAS1,2025-10-24 11:00:00+10:00,price,3.4933333,$/MWh
2702,TAS1,2025-10-24 12:00:00+10:00,price,-6.2775,$/MWh
2703,TAS1,2025-10-24 13:00:00+10:00,price,0.51,$/MWh
2704,TAS1,2025-10-24 14:00:00+10:00,price,-5.232,$/MWh
2705,TAS1,2025-10-24 15:00:00+10:00,price,-9.2566667,$/MWh
2706,TAS1,2025-10-24 16:00:00+10:00,price,7.6533333,$/MWh
2707,TAS1,2025-10-24 17:00:00+10:00,price,11.570833,$/MWh
2708,TAS1,2025-10-24 18:00:00+10:00,price,11.788571,$/MWh
2709,TAS1,2025-10-24 19:00:00+10:00,price,28.028333,$/MWh
2710,TAS1,2025-10-24 20:00:00+10:00,price,52.22375,$/MWh
2711,TAS1,2025-10-24 21:00:00+10:00,price,45.4,$/MWh
2712,TAS1,2025-10-24 22:00:00+10:00,price,44.614167,$/MWh
2713,TAS1,2025-10-24 23:00:00+10:00,price,42.7725,$/MWh
2714,TAS1,2025-10-25 00:00:00+10:00,price,47.578333,$/MWh
2715,TAS1,2025-10-25 01:00:00+10:00,price,85.777143,$/MWh
2716,TAS1,2025-10-25 02:00:00+10:00,price,81.89,$/MWh
2717,TAS1,2025-10-25 03:00:00+10:00,price,76.367778,$/MWh
2718,TAS1,2025-10-25 04:00:00+10:00,price,22.776,$/MWh
2719,TAS1,2025-10-25 05:00:00+10:00,price,19.76,$/MWh
2720,TAS1,2025-10-25 06:00:00+10:00,price,14.987143,$/MWh
2721,TAS1,2025-10-25 07:00:00+10:00,price,5.84125,$/MWh
2722,TAS1,2025-10-25 08:00:00+10:00,price,4.4125,$/MWh
2723,TAS1,2025-10-25 09:00:00+10:00,price,3.31625,$/MWh
2724,TAS1,2025-10-25 10:00:00+10:00,price,2.245,$/MWh
2725,TAS1,2025-10-25 11:00:00+10:00,price,4.425,$/MWh
2726,TAS1,2025-10-25 12:00:00+10:00,price,2.32,$/MWh
2727,TAS1,2025-10-25 13:00:00+10:00,price,4.76875,$/MWh
2728,TAS1,2025-10-25 14:00:00+10:00,price,4.2216667,$/MWh
2729,TAS1,2025-10-25 15:00:00+10:00,price,22.32,$/MWh
2730,TAS1,2025-10-25 16:00:00+10:00,price,52.606667,$/MWh
2731,TAS1,2025-10-25 17:00:00+10:00,price,48.498571,$/MWh
2732,TAS1,2025-10-25 18:00:00+10:00,price,58.603333,$/MWh
2733,TAS1,2025-10-25 19:00:00+10:00,price,82.376667,$/MWh
2734,TAS1,2025-10-25 20:00:00+10:00,price,78.157143,$/MWh
2735,TAS1,2025-10-25 21:00:00+10:00,price,79.475,$/MWh
2736,TAS1,2025-10-25 22:00:00+10:00,price,33.11,$/MWh
2737,TAS1,2025-10-25 23:00:00+10:00,price,33.323333,$/MWh
2738,TAS1,2025-10-26 00:00:00+10:00,price,32.355,$/MWh
2739,TAS1,2025-10-26 01:00:00+10:00,price,4.254,$/MWh
2740,TAS1,2025-10-26 02:00:00+10:00,price,4.1516667,$/MWh
2741,TAS1,2025-10-26 03:00:00+10:00,price,3.875,$/MWh
2742,TAS1,2025-10-26 04:00:00+10:00,price,5.54,$/MWh
2743,TAS1,2025-10-26 05:00:00+10:00,price,6.905,$/MWh
2744,TAS1,2025-10-26 06:00:00+10:00,price,,$/MWh
2745,TAS1,2025-10-26 07:00:00+10:00,price,,$/MWh
2746,TAS1,2025-10-26 08:00:00+10:00,price,5.21,$/MWh
2747,TAS1,2025-10-26 09:00:00+10:00,price,3.9475,$/MWh
2748,TAS1,2025-10-26 10:00:00+10:00,price,0.35333333,$/MWh
2749,TAS1,2025-10-26 11:00:00+10:00,price,12.845,$/MWh
2750,TAS1,2025-10-26 12:00:00+10:00,price,-2.1666667,$/MWh
2751,TAS1,2025-10-26 13:00:00+10:00,price,0.82,$/MWh
2752,TAS1,2025-10-26 14:00:00+10:00,price,1.185,$/MWh
2753,TAS1,2025-10-26 15:00:00+10:00,price,5.6733333,$/MWh
2754,TAS1,2025-10-26 16:00:00+10:00,price,6.7,$/MWh
2755,TAS1,2025-10-26 17:00:00+10:00,price,26.79,$/MWh
2756,TAS1,2025-10-26 18:00:00+10:00,price,11.5225,$/MWh
2757,TAS1,2025-10-26 19:00:00+10:00,price,4.81,$/MWh
2758,TAS1,2025-10-26 20:00:00+10:00,price,,$/MWh
2759,TAS1,2025-10-26 21:00:00+10:00,price,1.61,$/MWh
2760,TAS1,2025-10-26 22:00:00+10:00,price,0.18666667,$/MWh
2761,TAS1,2025-10-26 23:00:00+10:00,price,0.305,$/MWh
2762,TAS1,2025-10-27 00:00:00+10:00,price,1.08,$/MWh
2763,TAS1,2025-10-27 01:00:00+10:00,price,5.41,$/MWh
2764,TAS1,2025-10-27 02:00:00+10:00,price,24.63,$/MWh
2765,TAS1,2025-10-27 03:00:00+10:00,price,5.4375,$/MWh
2766,TAS1,2025-10-27 04:00:00+10:00,price,28.74,$/MWh
2767,TAS1,2025-10-27 05:00:00+10:00,price,112.14,$/MWh
2768,TAS1,2025-10-27 06:00:00+10:00,price,72.84,$/MWh
2769,TAS1,2025-10-27 07:00:00+10:00,price,69.335,$/MWh
2770,TAS1,2025-10-27 08:00:00+10:00,price,75.42,$/MWh
2771,TAS1,2025-10-27 09:00:00+10:00,price,54.203333,$/MWh
2772,TAS1,2025-10-27 10:00:00+10:00,price,54.605,$/MWh
2773,TAS1,2025-10-27 11:00:00+10:00,price,62.798,$/MWh
2774,TAS1,2025-10-27 12:00:00+10:00,price,61.04,$/MWh
2775,TAS1,2025-10-27 13:00:00+10:00,price,67.99,$/MWh
2776,TAS1,2025-10-27 14:00:00+10:00,price,57.823333,$/MWh
2777,TAS1,2025-10-27 15:00:00+10:00,price,39.38,$/MWh
2778,TAS1,2025-10-27 16:00:00+10:00,price,44.66,$/MWh
2779,TAS1,2025-10-27 17:00:00+10:00,price,8.23,$/MWh
2780,TAS1,2025-10-27 18:00:00+10:00,price,108.13333,$/MWh
2781,TAS1,2025-10-27 19:00:00+10:00,price,128.57,$/MWh
2782,TAS1,2025-10-27 20:00:00+10:00,price,99.676667,$/MWh
2783,TAS1,2025-10-27 21:00:00+10:00,price,86.585,$/MWh
2784,TAS1,2025-10-27 22:00:00+10:00,price,120.9825,$/MWh
2785,TAS1,2025-10-27 23:00:00+10:00,price,104.37333,$/MWh
2786,TAS1,2025-10-28 00:00:00+10:00,price,94.62,$/MWh
2787,TAS1,2025-10-28 01:00:00+10:00,price,,$/MWh
2788,TAS1,2025-10-28 02:00:00+10:00,price,,$/MWh
2789,TAS1,2025-10-28 03:00:00+10:00,price,,$/MWh
2790,TAS1,2025-10-28 04:00:00+10:00,price,,$/MWh
2791,TAS1,2025-10-28 05:00:00+10:00,price,,$/MWh
2792,TAS1,2025-10-28 06:00:00+10:00,price,,$/MWh
2793,TAS1,2025-10-28 07:00:00+10:00,price,,$/MWh
2794,TAS1,2025-10-28 08:00:00+10:00,price,55.326,$/MWh
2795,TAS1,2025-10-28 09:00:00+10:00,price,49.645833,$/MWh
2796,TAS1,2025-10-28 10:00:00+10:00,price,48.654167,$/MWh
2797,TAS1,2025-10-28 11:00:00+10:00,price,48.040833,$/MWh
2798,TAS1,2025-10-28 12:00:00+10:00,price,44.088182,$/MWh
2799,TAS1,2025-10-28 13:00:00+10:00,price,24.2,$/MWh
2800,TAS1,2025-10-28 14:00:00+10:00,price,37.6,$/MWh
2801,TAS1,2025-10-28 15:00:00+10:00,price,40.009167,$/MWh
2802,TAS1,2025-10-28 16:00:00+10:00,price,26.700833,$/MWh
2803,TAS1,2025-10-28 17:00:00+10:00,price,95.633333,$/MWh
2804,TAS1,2025-10-28 18:00:00+10:00,price,105.61167,$/MWh
2805,TAS1,2025-10-28 19:00:00+10:00,price,109.17583,$/MWh
2806,TAS1,2025-10-28 20:00:00+10:00,price,109.015,$/MWh
2807,TAS1,2025-10-28 21:00:00+10:00,price,107.59917,$/MWh
2808,TAS1,2025-10-28 22:00:00+10:00,price,102.12917,$/MWh
2809,TAS1,2025-10-28 23:00:00+10:00,price,108.52667,$/MWh
2810,TAS1,2025-10-29 00:00:00+10:00,price,104.90083,$/MWh
2811,TAS1,2025-10-29 01:00:00+10:00,price,108.035,$/MWh
2812,TAS1,2025-10-29 02:00:00+10:00,price,109.62083,$/MWh
2813,TAS1,2025-10-29 03:00:00+10:00,price,113.14583,$/MWh
2814,TAS1,2025-10-29 04:00:00+10:00,price,90.883333,$/MWh
2815,TAS1,2025-10-29 05:00:00+10:00,price,134.3,$/MWh
2816,TAS1,2025-10-29 06:00:00+10:00,price,137.92455,$/MWh
2817,TAS1,2025-10-29 07:00:00+10:00,price,100.16417,$/MWh
2818,TAS1,2025-10-29 08:00:00+10:00,price,98.580833,$/MWh
2819,TAS1,2025-10-29 09:00:00+10:00,price,60.869091,$/MWh
2820,TAS1,2025-10-29 10:00:00+10:00,price,84.1825,$/MWh
2821,TAS1,2025-10-29 11:00:00+10:00,price,92.966667,$/MWh
2822,TAS1,2025-10-29 12:00:00+10:00,price,76.539167,$/MWh
2823,TAS1,2025-10-29 13:00:00+10:00,price,72.205,$/MWh
2824,TAS1,2025-10-29 14:00:00+10:00,price,69.543333,$/MWh
2825,TAS1,2025-10-29 15:00:00+10:00,price,90.970833,$/MWh
2826,TAS1,2025-10-29 16:00:00+10:00,price,75.3325,$/MWh
2827,TAS1,2025-10-29 17:00:00+10:00,price,122.52,$/MWh
2828,TAS1,2025-10-29 18:00:00+10:00,price,141.77273,$/MWh
2829,TAS1,2025-10-29 19:00:00+10:00,price,129.1425,$/MWh
2830,TAS1,2025-10-29 20:00:00+10:00,price,132.61333,$/MWh
2831,TAS1,2025-10-29 21:00:00+10:00,price,118.80333,$/MWh
2832,TAS1,2025-10-29 22:00:00+10:00,price,125.46583,$/MWh
2833,TAS1,2025-10-29 23:00:00+10:00,price,126.265,$/MWh
2834,TAS1,2025-10-30 00:00:00+10:00,price,118.235,$/MWh
2835,TAS1,2025-10-30 01:00:00+10:00,price,115.80167,$/MWh
2836,TAS1,2025-10-30 02:00:00+10:00,price,115.21,$/MWh
2837,TAS1,2025-10-30 03:00:00+10:00,price,119.285,$/MWh
2838,TAS1,2025-10-30 04:00:00+10:00,price,127.1625,$/MWh
2839,TAS1,2025-10-30 05:00:00+10:00,price,137.405,$/MWh
2840,TAS1,2025-10-30 06:00:00+10:00,price,106.69667,$/MWh
2841,TAS1,2025-10-30 07:00:00+10:00,price,61.293333,$/MWh
2842,TAS1,2025-10-30 08:00:00+10:00,price,63.97,$/MWh
2843,TAS1,2025-10-30 09:00:00+10:00,price,57.3275,$/MWh
2844,TAS1,2025-10-30 10:00:00+10:00,price,56.3275,$/MWh
2845,TAS1,2025-10-30 11:00:00+10:00,price,52.572727,$/MWh
2846,TAS1,2025-10-30 12:00:00+10:00,price,59.889167,$/MWh
2847,TAS1,2025-10-30 13:00:00+10:00,price,64.59,$/MWh
2848,TAS1,2025-10-30 14:00:00+10:00,price,65.4625,$/MWh
2849,TAS1,2025-10-30 15:00:00+10:00,price,71.814167,$/MWh
2850,TAS1,2025-10-30 16:00:00+10:00,price,107.32167,$/MWh
2851,TAS1,2025-10-30 17:00:00+10:00,price,163.42417,$/MWh
2852,TAS1,2025-10-30 18:00:00+10:00,price,157.69667,$/MWh
2853,TAS1,2025-10-30 19:00:00+10:00,price,132.56,$/MWh
2854,TAS1,2025-10-30 20:00:00+10:00,price,86.0525,$/MWh
2855,TAS1,2025-10-30 21:00:00+10:00,price,76.804167,$/MWh
2856,TAS1,2025-10-30 22:00:00+10:00,price,44.956667,$/MWh
2857,TAS1,2025-10-30 23:00:00+10:00,price,40.564167,$/MWh
2858,TAS1,2025-10-31 00:00:00+10:00,price,39.463333,$/MWh
2859,TAS1,2025-10-31 01:00:00+10:00,price,29.510833,$/MWh
2860,TAS1,2025-10-31 02:00:00+10:00,price,29.1375,$/MWh
2861,TAS1,2025-10-31 03:00:00+10:00,price,40.870833,$/MWh
2862,TAS1,2025-10-31 04:00:00+10:00,price,92.8175,$/MWh
2863,TAS1,2025-10-31 05:00:00+10:00,price,119.93417,$/MWh
2864,TAS1,2025-10-31 06:00:00+10:00,price,88.755833,$/MWh
2865,TAS1,2025-10-31 07:00:00+10:00,price,112.8225,$/MWh
2866,TAS1,2025-10-31 08:00:00+10:00,price,91.281667,$/MWh
2867,TAS1,2025-10-31 09:00:00+10:00,price,80.715,$/MWh
2868,TAS1,2025-10-31 10:00:00+10:00,price,48.588333,$/MWh
2869,TAS1,2025-10-31 11:00:00+10:00,price,38.290833,$/MWh
2870,TAS1,2025-10-31 12:00:00+10:00,price,80.169167,$/MWh
2871,TAS1,2025-10-31 13:00:00+10:00,price,43.88,$/MWh
2872,TAS1,2025-10-31 14:00:00+10:00,price,83.3275,$/MWh
2873,TAS1,2025-10-31 15:00:00+10:00,price,103.68083,$/MWh
2874,TAS1,2025-10-31 16:00:00+10:00,price,118.195,$/MWh
2875,TAS1,2025-10-31 17:00:00+10:00,price,114.66917,$/MWh
2876,TAS1,2025-10-31 18:00:00+10:00,price,107.70583,$/MWh
2877,TAS1,2025-10-31 19:00:00+10:00,price,84.765833,$/MWh
2878,TAS1,2025-10-31 20:00:00+10:00,price,82.424167,$/MWh
2879,TAS1,2025-10-31 21:00:00+10:00,price,92.955,$/MWh
2880,TAS1,2025-10-31 22:00:00+10:00,price,107.75333,$/MWh
2881,TAS1,2025-10-31 23:00:00+10:00,price,99.289167,$/MWh
2882,TAS1,2025-11-01 00:00:00+10:00,price,91.166667,$/MWh
2883,TAS1,2025-11-01 01:00:00+10:00,price,85.751667,$/MWh
2884,TAS1,2025-11-01 02:00:00+10:00,price,81.99,$/MWh
2885,TAS1,2025-11-01 03:00:00+10:00,price,104.66833,$/MWh
2886,TAS1,2025-11-01 04:00:00+10:00,price,108.82083,$/MWh
2887,TAS1,2025-11-01 05:00:00+10:00,price,109.85667,$/MWh
2888,TAS1,2025-11-01 06:00:00+10:00,price,94.009167,$/MWh
2889,TAS1,2025-11-01 07:00:00+10:00,price,72.414545,$/MWh
2890,TAS1,2025-11-01 08:00:00+10:00,price,60.729167,$/MWh
2891,TAS1,2025-11-01 09:00:00+10:00,price,52.923333,$/MWh
2892,TAS1,2025-11-01 10:00:00+10:00,price,46.709167,$/MWh
2893,TAS1,2025-11-01 11:00:00+10:00,price,34.9925,$/MWh
2894,TAS1,2025-11-01 12:00:00+10:00,price,19.738333,$/MWh
2895,TAS1,2025-11-01 13:00:00+10:00,price,12.038333,$/MWh
2896,TAS1,2025-11-01 14:00:00+10:00,price,19.081667,$/MWh
2897,TAS1,2025-11-01 15:00:00+10:00,price,41.818333,$/MWh
2898,TAS1,2025-11-01 16:00:00+10:00,price,66.915,$/MWh
2899,TAS1,2025-11-01 17:00:00+10:00,price,97.69,$/MWh
2900,TAS1,2025-11-01 18:00:00+10:00,price,97.49,$/MWh
2901,TAS1,2025-11-01 19:00:00+10:00,price,110.18083,$/MWh
2902,TAS1,2025-11-01 20:00:00+10:00,price,81.789167,$/MWh
2903,TAS1,2025-11-01 21:00:00+10:00,price,64.794167,$/MWh
2904,TAS1,2025-11-01 22:00:00+10:00,price,65.343333,$/MWh
2905,TAS1,2025-11-01 23:00:00+10:00,price,43.4175,$/MWh
2906,TAS1,2025-11-02 00:00:00+10:00,price,34.614167,$/MWh
2907,TAS1,2025-11-02 01:00:00+10:00,price,18.946667,$/MWh
2908,TAS1,2025-11-02 02:00:00+10:00,price,25.776667,$/MWh
2909,TAS1,2025-11-02 03:00:00+10:00,price,39.775,$/MWh
2910,TAS1,2025-11-02 04:00:00+10:00,price,43.426667,$/MWh
2911,TAS1,2025-11-02 05:00:00+10:00,price,44.659167,$/MWh
2912,TAS1,2025-11-02 06:00:00+10:00,price,43.2925,$/MWh
2913,TAS1,2025-11-02 07:00:00+10:00,price,25.2175,$/MWh
2914,TAS1,2025-11-02 08:00:00+10:00,price,10.601818,$/MWh
2915,TAS1,2025-11-02 09:00:00+10:00,price,3.1916667,$/MWh
2916,TAS1,2025-11-02 10:00:00+10:00,price,7.7416667,$/MWh
2917,TAS1,2025-11-02 11:00:00+10:00,price,-3.5166667,$/MWh
2918,TAS1,2025-11-02 12:00:00+10:00,price,6.8558333,$/MWh
2919,TAS1,2025-11-02 13:00:00+10:00,price,11.875,$/MWh
2920,TAS1,2025-11-02 14:00:00+10:00,price,10.836667,$/MWh
2921,TAS1,2025-11-02 15:00:00+10:00,price,10.310833,$/MWh
2922,TAS1,2025-11-02 16:00:00+10:00,price,19.333333,$/MWh
2923,TAS1,2025-11-02 17:00:00+10:00,price,35.723333,$/MWh
2924,TAS1,2025-11-02 18:00:00+10:00,price,43.326667,$/MWh
2925,TAS1,2025-11-02 19:00:00+10:00,price,53.845833,$/MWh
2926,TAS1,2025-11-02 20:00:00+10:00,price,47.81,$/MWh
2927,TAS1,2025-11-02 21:00:00+10:00,price,51.015,$/MWh
2928,TAS1,2025-11-02 22:00:00+10:00,price,66.714167,$/MWh
2929,TAS1,2025-11-02 23:00:00+10:00,price,109.94,$/MWh
2930,TAS1,2025-11-03 00:00:00+10:00,price,90.450833,$/MWh
2931,TAS1,2025-11-03 01:00:00+10:00,price,104.73,$/MWh
2932,TAS1,2025-11-03 02:00:00+10:00,price,54.731667,$/MWh
2933,TAS1,2025-11-03 03:00:00+10:00,price,62.700833,$/MWh
2934,TAS1,2025-11-03 04:00:00+10:00,price,89.0775,$/MWh
2935,TAS1,2025-11-03 05:00:00+10:00,price,103.69417,$/MWh
2936,TAS1,2025-11-03 06:00:00+10:00,price,108.3475,$/MWh
2937,TAS1,2025-11-03 07:00:00+10:00,price,112.4525,$/MWh
2938,TAS1,2025-11-03 08:00:00+10:00,price,108.95333,$/MWh
2939,TAS1,2025-11-03 09:00:00+10:00,price,86.144167,$/MWh
2940,TAS1,2025-11-03 10:00:00+10:00,price,102.4825,$/MWh
2941,TAS1,2025-11-03 11:00:00+10:00,price,91.115,$/MWh
2942,TAS1,2025-11-03 12:00:00+10:00,price,85.859167,$/MWh
2943,TAS1,2025-11-03 13:00:00+10:00,price,77.736667,$/MWh
2944,TAS1,2025-11-03 14:00:00+10:00,price,68.21,$/MWh
2945,TAS1,2025-11-03 15:00:00+10:00,price,94.9375,$/MWh
2946,TAS1,2025-11-03 16:00:00+10:00,price,112.44833,$/MWh
2947,TAS1,2025-11-03 17:00:00+10:00,price,79.831667,$/MWh
2948,TAS1,2025-11-03 18:00:00+10:00,price,98.1525,$/MWh
2949,TAS1,2025-11-03 19:00:00+10:00,price,69.305833,$/MWh
2950,TAS1,2025-11-03 20:00:00+10:00,price,111.34583,$/MWh
2951,TAS1,2025-11-03 21:00:00+10:00,price,91.58,$/MWh
2952,TAS1,2025-11-03 22:00:00+10:00,price,89.825,$/MWh
2953,TAS1,2025-11-03 23:00:00+10:00,price,103.92167,$/MWh
2954,TAS1,2025-11-04 00:00:00+10:00,price,107.54167,$/MWh
2955,TAS1,2025-11-04 01:00:00+10:00,price,105.77,$/MWh
2956,TAS1,2025-11-04 02:00:00+10:00,price,100.95667,$/MWh
2957,TAS1,2025-11-04 03:00:00+10:00,price,102.93167,$/MWh
2958,TAS1,2025-11-04 04:00:00+10:00,price,105.57167,$/MWh
2959,TAS1,2025-11-04 05:00:00+10:00,price,133.63333,$/MWh
2960,TAS1,2025-11-04 06:00:00+10:00,price,115.21417,$/MWh
2961,TAS1,2025-11-04 07:00:00+10:00,price,56.4225,$/MWh
2962,TAS1,2025-11-04 08:00:00+10:00,price,50.8475,$/MWh
2963,TAS1,2025-11-04 09:00:00+10:00,price,56.383333,$/MWh
2964,TAS1,2025-11-04 10:00:00+10:00,price,51.814167,$/MWh
2965,TAS1,2025-11-04 11:00:00+10:00,price,42.129167,$/MWh
2966,TAS1,2025-11-04 12:00:00+10:00,price,35.37,$/MWh
2967,TAS1,2025-11-04 13:00:00+10:00,price,33.690833,$/MWh
2968,TAS1,2025-11-04 14:00:00+10:00,price,42.484167,$/MWh
2969,TAS1,2025-11-04 15:00:00+10:00,price,48.5675,$/MWh
2970,TAS1,2025-11-04 16:00:00+10:00,price,53.400833,$/MWh
2971,TAS1,2025-11-04 17:00:00+10:00,price,52.972,$/MWh
2972,VIC1,2025-10-04 19:00:00+10:00,price,91.97,$/MWh
2973,VIC1,2025-10-04 20:00:00+10:00,price,45.7225,$/MWh
2974,VIC1,2025-10-04 21:00:00+10:00,price,1.5516667,$/MWh
2975,VIC1,2025-10-04 22:00:00+10:00,price,-5.395,$/MWh
2976,VIC1,2025-10-04 23:00:00+10:00,price,-6.5,$/MWh
2977,VIC1,2025-10-05 00:00:00+10:00,price,-6.5,$/MWh
2978,VIC1,2025-10-05 01:00:00+10:00,price,-9.4441667,$/MWh
2979,VIC1,2025-10-05 02:00:00+10:00,price,-16.16,$/MWh
2980,VIC1,2025-10-05 03:00:00+10:00,price,-11.335833,$/MWh
2981,VIC1,2025-10-05 04:00:00+10:00,price,-12.035455,$/MWh
2982,VIC1,2025-10-05 05:00:00+10:00,price,-12.352727,$/MWh
2983,VIC1,2025-10-05 06:00:00+10:00,price,-11.994,$/MWh
2984,VIC1,2025-10-05 07:00:00+10:00,price,-20.550833,$/MWh
2985,VIC1,2025-10-05 08:00:00+10:00,price,-30.614545,$/MWh
2986,VIC1,2025-10-05 09:00:00+10:00,price,-30.859091,$/MWh
2987,VIC1,2025-10-05 10:00:00+10:00,price,-31.869091,$/MWh
2988,VIC1,2025-10-05 11:00:00+10:00,price,-30.585455,$/MWh
2989,VIC1,2025-10-05 12:00:00+10:00,price,-36.879,$/MWh
2990,VIC1,2025-10-05 13:00:00+10:00,price,-33.914,$/MWh
2991,VIC1,2025-10-05 14:00:00+10:00,price,-20.261667,$/MWh
2992,VIC1,2025-10-05 15:00:00+10:00,price,-9.5845455,$/MWh
2993,VIC1,2025-10-05 16:00:00+10:00,price,-6.1108333,$/MWh
2994,VIC1,2025-10-05 17:00:00+10:00,price,7.4636364,$/MWh
2995,VIC1,2025-10-05 18:00:00+10:00,price,-6.26,$/MWh
2996,VIC1,2025-10-05 19:00:00+10:00,price,-6.795,$/MWh
2997,VIC1,2025-10-05 20:00:00+10:00,price,-10.115,$/MWh
2998,VIC1,2025-10-05 21:00:00+10:00,price,-6.5,$/MWh
2999,VIC1,2025-10-05 22:00:00+10:00,price,-6.5,$/MWh
3000,VIC1,2025-10-05 23:00:00+10:00,price,-6.5,$/MWh
3001,VIC1,2025-10-06 00:00:00+10:00,price,-6.5,$/MWh
3002,VIC1,2025-10-06 01:00:00+10:00,price,-6.5,$/MWh
3003,VIC1,2025-10-06 02:00:00+10:00,price,-6.5,$/MWh
3004,VIC1,2025-10-06 03:00:00+10:00,price,-6.5,$/MWh
3005,VIC1,2025-10-06 04:00:00+10:00,price,-1.7591667,$/MWh
3006,VIC1,2025-10-06 05:00:00+10:00,price,21.625833,$/MWh
3007,VIC1,2025-10-06 06:00:00+10:00,price,26.5775,$/MWh
3008,VIC1,2025-10-06 07:00:00+10:00,price,51.560833,$/MWh
3009,VIC1,2025-10-06 08:00:00+10:00,price,60.635,$/MWh
3010,VIC1,2025-10-06 09:00:00+10:00,price,5.8983333,$/MWh
3011,VIC1,2025-10-06 10:00:00+10:00,price,-4.7541667,$/MWh
3012,VIC1,2025-10-06 11:00:00+10:00,price,-2.265,$/MWh
3013,VIC1,2025-10-06 12:00:00+10:00,price,-9.3041667,$/MWh
3014,VIC1,2025-10-06 13:00:00+10:00,price,-10.381667,$/MWh
3015,VIC1,2025-10-06 14:00:00+10:00,price,36.9825,$/MWh
3016,VIC1,2025-10-06 15:00:00+10:00,price,48.098333,$/MWh
3017,VIC1,2025-10-06 16:00:00+10:00,price,75.333333,$/MWh
3018,VIC1,2025-10-06 17:00:00+10:00,price,99.255833,$/MWh
3019,VIC1,2025-10-06 18:00:00+10:00,price,121.00667,$/MWh
3020,VIC1,2025-10-06 19:00:00+10:00,price,116.59667,$/MWh
3021,VIC1,2025-10-06 20:00:00+10:00,price,123.09,$/MWh
3022,VIC1,2025-10-06 21:00:00+10:00,price,136.42667,$/MWh
3023,VIC1,2025-10-06 22:00:00+10:00,price,139.46083,$/MWh
3024,VIC1,2025-10-06 23:00:00+10:00,price,145.42667,$/MWh
3025,VIC1,2025-10-07 00:00:00+10:00,price,149.15083,$/MWh
3026,VIC1,2025-10-07 01:00:00+10:00,price,138.47667,$/MWh
3027,VIC1,2025-10-07 02:00:00+10:00,price,113.44167,$/MWh
3028,VIC1,2025-10-07 03:00:00+10:00,price,123.24667,$/MWh
3029,VIC1,2025-10-07 04:00:00+10:00,price,148.37667,$/MWh
3030,VIC1,2025-10-07 05:00:00+10:00,price,185.465,$/MWh
3031,VIC1,2025-10-07 06:00:00+10:00,price,201.91333,$/MWh
3032,VIC1,2025-10-07 07:00:00+10:00,price,104.61833,$/MWh
3033,VIC1,2025-10-07 08:00:00+10:00,price,37.654167,$/MWh
3034,VIC1,2025-10-07 09:00:00+10:00,price,-18.074167,$/MWh
3035,VIC1,2025-10-07 10:00:00+10:00,price,-30.894167,$/MWh
3036,VIC1,2025-10-07 11:00:00+10:00,price,-43.300833,$/MWh
3037,VIC1,2025-10-07 12:00:00+10:00,price,-43.048333,$/MWh
3038,VIC1,2025-10-07 13:00:00+10:00,price,-53.056667,$/MWh
3039,VIC1,2025-10-07 14:00:00+10:00,price,-53.575833,$/MWh
3040,VIC1,2025-10-07 15:00:00+10:00,price,-35.759167,$/MWh
3041,VIC1,2025-10-07 16:00:00+10:00,price,-19.544167,$/MWh
3042,VIC1,2025-10-07 17:00:00+10:00,price,49.918333,$/MWh
3043,VIC1,2025-10-07 18:00:00+10:00,price,115.10833,$/MWh
3044,VIC1,2025-10-07 19:00:00+10:00,price,120.45583,$/MWh
3045,VIC1,2025-10-07 20:00:00+10:00,price,116.015,$/MWh
3046,VIC1,2025-10-07 21:00:00+10:00,price,138.03583,$/MWh
3047,VIC1,2025-10-07 22:00:00+10:00,price,121.1075,$/MWh
3048,VIC1,2025-10-07 23:00:00+10:00,price,100.36333,$/MWh
3049,VIC1,2025-10-08 00:00:00+10:00,price,84.853333,$/MWh
3050,VIC1,2025-10-08 01:00:00+10:00,price,78.246667,$/MWh
3051,VIC1,2025-10-08 02:00:00+10:00,price,61.565,$/MWh
3052,VIC1,2025-10-08 03:00:00+10:00,price,22.7175,$/MWh
3053,VIC1,2025-10-08 04:00:00+10:00,price,42.743333,$/MWh
3054,VIC1,2025-10-08 05:00:00+10:00,price,100.565,$/MWh
3055,VIC1,2025-10-08 06:00:00+10:00,price,95.8325,$/MWh
3056,VIC1,2025-10-08 07:00:00+10:00,price,15.439167,$/MWh
3057,VIC1,2025-10-08 08:00:00+10:00,price,-2.3958333,$/MWh
3058,VIC1,2025-10-08 09:00:00+10:00,price,-8.5308333,$/MWh
3059,VIC1,2025-10-08 10:00:00+10:00,price,-14.279167,$/MWh
3060,VIC1,2025-10-08 11:00:00+10:00,price,-16.6125,$/MWh
3061,VIC1,2025-10-08 12:00:00+10:00,price,-13.455833,$/MWh
3062,VIC1,2025-10-08 13:00:00+10:00,price,-18.545833,$/MWh
3063,VIC1,2025-10-08 14:00:00+10:00,price,-21.600833,$/MWh
3064,VIC1,2025-10-08 15:00:00+10:00,price,-15.015,$/MWh
3065,VIC1,2025-10-08 16:00:00+10:00,price,-15.9225,$/MWh
3066,VIC1,2025-10-08 17:00:00+10:00,price,-11.914167,$/MWh
3067,VIC1,2025-10-08 18:00:00+10:00,price,60.033333,$/MWh
3068,VIC1,2025-10-08 19:00:00+10:00,price,78.715,$/MWh
3069,VIC1,2025-10-08 20:00:00+10:00,price,71.825833,$/MWh
3070,VIC1,2025-10-08 21:00:00+10:00,price,52.2125,$/MWh
3071,VIC1,2025-10-08 22:00:00+10:00,price,46.356667,$/MWh
3072,VIC1,2025-10-08 23:00:00+10:00,price,38.260833,$/MWh
3073,VIC1,2025-10-09 00:00:00+10:00,price,26.58,$/MWh
3074,VIC1,2025-10-09 01:00:00+10:00,price,8.2841667,$/MWh
3075,VIC1,2025-10-09 02:00:00+10:00,price,9.1008333,$/MWh
3076,VIC1,2025-10-09 03:00:00+10:00,price,3.1975,$/MWh
3077,VIC1,2025-10-09 04:00:00+10:00,price,-4.2966667,$/MWh
3078,VIC1,2025-10-09 05:00:00+10:00,price,31.038333,$/MWh
3079,VIC1,2025-10-09 06:00:00+10:00,price,18.029167,$/MWh
3080,VIC1,2025-10-09 07:00:00+10:00,price,-7.7183333,$/MWh
3081,VIC1,2025-10-09 08:00:00+10:00,price,-17.835,$/MWh
3082,VIC1,2025-10-09 09:00:00+10:00,price,-26.2925,$/MWh
3083,VIC1,2025-10-09 10:00:00+10:00,price,-28.98,$/MWh
3084,VIC1,2025-10-09 11:00:00+10:00,price,-23.585833,$/MWh
3085,VIC1,2025-10-09 12:00:00+10:00,price,-41.310833,$/MWh
3086,VIC1,2025-10-09 13:00:00+10:00,price,-45.980833,$/MWh
3087,VIC1,2025-10-09 14:00:00+10:00,price,-45.100833,$/MWh
3088,VIC1,2025-10-09 15:00:00+10:00,price,-46.1525,$/MWh
3089,VIC1,2025-10-09 16:00:00+10:00,price,-17.604167,$/MWh
3090,VIC1,2025-10-09 17:00:00+10:00,price,-9.2816667,$/MWh
3091,VIC1,2025-10-09 18:00:00+10:00,price,58.245,$/MWh
3092,VIC1,2025-10-09 19:00:00+10:00,price,64.401667,$/MWh
3093,VIC1,2025-10-09 20:00:00+10:00,price,44.286667,$/MWh
3094,VIC1,2025-10-09 21:00:00+10:00,price,26.484167,$/MWh
3095,VIC1,2025-10-09 22:00:00+10:00,price,-0.63833333,$/MWh
3096,VIC1,2025-10-09 23:00:00+10:00,price,0.33166667,$/MWh
3097,VIC1,2025-10-10 00:00:00+10:00,price,-6.0566667,$/MWh
3098,VIC1,2025-10-10 01:00:00+10:00,price,-6.5,$/MWh
3099,VIC1,2025-10-10 02:00:00+10:00,price,-6.5,$/MWh
3100,VIC1,2025-10-10 03:00:00+10:00,price,-6.5,$/MWh
3101,VIC1,2025-10-10 04:00:00+10:00,price,-7.6191667,$/MWh
3102,VIC1,2025-10-10 05:00:00+10:00,price,-4.2166667,$/MWh
3103,VIC1,2025-10-10 06:00:00+10:00,price,-7.5075,$/MWh
3104,VIC1,2025-10-10 07:00:00+10:00,price,-41.3375,$/MWh
3105,VIC1,2025-10-10 08:00:00+10:00,price,-47.938333,$/MWh
3106,VIC1,2025-10-10 09:00:00+10:00,price,-49.321667,$/MWh
3107,VIC1,2025-10-10 10:00:00+10:00,price,-44.416667,$/MWh
3108,VIC1,2025-10-10 11:00:00+10:00,price,-52.575833,$/MWh
3109,VIC1,2025-10-10 12:00:00+10:00,price,-62.373333,$/MWh
3110,VIC1,2025-10-10 13:00:00+10:00,price,-68.971667,$/MWh
3111,VIC1,2025-10-10 14:00:00+10:00,price,-61.424167,$/MWh
3112,VIC1,2025-10-10 15:00:00+10:00,price,-37.8175,$/MWh
3113,VIC1,2025-10-10 16:00:00+10:00,price,-21.953333,$/MWh
3114,VIC1,2025-10-10 17:00:00+10:00,price,-31.846667,$/MWh
3115,VIC1,2025-10-10 18:00:00+10:00,price,-12.67,$/MWh
3116,VIC1,2025-10-10 19:00:00+10:00,price,-6.5,$/MWh
3117,VIC1,2025-10-10 20:00:00+10:00,price,-5.2425,$/MWh
3118,VIC1,2025-10-10 21:00:00+10:00,price,-6.5,$/MWh
3119,VIC1,2025-10-10 22:00:00+10:00,price,-6.5,$/MWh
3120,VIC1,2025-10-10 23:00:00+10:00,price,-1.475,$/MWh
3121,VIC1,2025-10-11 00:00:00+10:00,price,-2.9083333,$/MWh
3122,VIC1,2025-10-11 01:00:00+10:00,price,-5.3983333,$/MWh
3123,VIC1,2025-10-11 02:00:00+10:00,price,-5.8383333,$/MWh
3124,VIC1,2025-10-11 03:00:00+10:00,price,0.47583333,$/MWh
3125,VIC1,2025-10-11 04:00:00+10:00,price,2.9583333,$/MWh
3126,VIC1,2025-10-11 05:00:00+10:00,price,29.888333,$/MWh
3127,VIC1,2025-10-11 06:00:00+10:00,price,2.7233333,$/MWh
3128,VIC1,2025-10-11 07:00:00+10:00,price,-9.1233333,$/MWh
3129,VIC1,2025-10-11 08:00:00+10:00,price,-10.936667,$/MWh
3130,VIC1,2025-10-11 09:00:00+10:00,price,-21.5775,$/MWh
3131,VIC1,2025-10-11 10:00:00+10:00,price,-26.538333,$/MWh
3132,VIC1,2025-10-11 11:00:00+10:00,price,-30.576667,$/MWh
3133,VIC1,2025-10-11 12:00:00+10:00,price,-36.743333,$/MWh
3134,VIC1,2025-10-11 13:00:00+10:00,price,-31.665833,$/MWh
3135,VIC1,2025-10-11 14:00:00+10:00,price,-20.941667,$/MWh
3136,VIC1,2025-10-11 15:00:00+10:00,price,-16.096667,$/MWh
3137,VIC1,2025-10-11 16:00:00+10:00,price,-10.738333,$/MWh
3138,VIC1,2025-10-11 17:00:00+10:00,price,-3.5866667,$/MWh
3139,VIC1,2025-10-11 18:00:00+10:00,price,6.5966667,$/MWh
3140,VIC1,2025-10-11 19:00:00+10:00,price,63.374167,$/MWh
3141,VIC1,2025-10-11 20:00:00+10:00,price,58.904167,$/MWh
3142,VIC1,2025-10-11 21:00:00+10:00,price,72.083333,$/MWh
3143,VIC1,2025-10-11 22:00:00+10:00,price,81.680833,$/MWh
3144,VIC1,2025-10-11 23:00:00+10:00,price,77.8325,$/MWh
3145,VIC1,2025-10-12 00:00:00+10:00,price,44.048333,$/MWh
3146,VIC1,2025-10-12 01:00:00+10:00,price,9.7233333,$/MWh
3147,VIC1,2025-10-12 02:00:00+10:00,price,33.286667,$/MWh
3148,VIC1,2025-10-12 03:00:00+10:00,price,22.521667,$/MWh
3149,VIC1,2025-10-12 04:00:00+10:00,price,30.99,$/MWh
3150,VIC1,2025-10-12 05:00:00+10:00,price,72.002727,$/MWh
3151,VIC1,2025-10-12 06:00:00+10:00,price,26.1275,$/MWh
3152,VIC1,2025-10-12 07:00:00+10:00,price,72.079167,$/MWh
3153,VIC1,2025-10-12 08:00:00+10:00,price,15.755,$/MWh
3154,VIC1,2025-10-12 09:00:00+10:00,price,-8.28,$/MWh
3155,VIC1,2025-10-12 10:00:00+10:00,price,-10.053333,$/MWh
3156,VIC1,2025-10-12 11:00:00+10:00,price,-13.51,$/MWh
3157,VIC1,2025-10-12 12:00:00+10:00,price,-18.651667,$/MWh
3158,VIC1,2025-10-12 13:00:00+10:00,price,-24.280833,$/MWh
3159,VIC1,2025-10-12 14:00:00+10:00,price,-29.233333,$/MWh
3160,VIC1,2025-10-12 15:00:00+10:00,price,-27.369167,$/MWh
3161,VIC1,2025-10-12 16:00:00+10:00,price,-19.231667,$/MWh
3162,VIC1,2025-10-12 17:00:00+10:00,price,21.31,$/MWh
3163,VIC1,2025-10-12 18:00:00+10:00,price,97.8225,$/MWh
3164,VIC1,2025-10-12 19:00:00+10:00,price,96.859167,$/MWh
3165,VIC1,2025-10-12 20:00:00+10:00,price,99.333333,$/MWh
3166,VIC1,2025-10-12 21:00:00+10:00,price,79.401667,$/MWh
3167,VIC1,2025-10-12 22:00:00+10:00,price,86.9,$/MWh
3168,VIC1,2025-10-12 23:00:00+10:00,price,94.035833,$/MWh
3169,VIC1,2025-10-13 00:00:00+10:00,price,96.523333,$/MWh
3170,VIC1,2025-10-13 01:00:00+10:00,price,104.8075,$/MWh
3171,VIC1,2025-10-13 02:00:00+10:00,price,106.335,$/MWh
3172,VIC1,2025-10-13 03:00:00+10:00,price,123.29167,$/MWh
3173,VIC1,2025-10-13 04:00:00+10:00,price,176.34417,$/MWh
3174,VIC1,2025-10-13 05:00:00+10:00,price,218.015,$/MWh
3175,VIC1,2025-10-13 06:00:00+10:00,price,182.835,$/MWh
3176,VIC1,2025-10-13 07:00:00+10:00,price,119.1,$/MWh
3177,VIC1,2025-10-13 08:00:00+10:00,price,67.205,$/MWh
3178,VIC1,2025-10-13 09:00:00+10:00,price,30.9675,$/MWh
3179,VIC1,2025-10-13 10:00:00+10:00,price,31.6925,$/MWh
3180,VIC1,2025-10-13 11:00:00+10:00,price,-5.355,$/MWh
3181,VIC1,2025-10-13 12:00:00+10:00,price,-12.41,$/MWh
3182,VIC1,2025-10-13 13:00:00+10:00,price,-16.5175,$/MWh
3183,VIC1,2025-10-13 14:00:00+10:00,price,-14.615,$/MWh
3184,VIC1,2025-10-13 15:00:00+10:00,price,-11.020833,$/MWh
3185,VIC1,2025-10-13 16:00:00+10:00,price,-12.175,$/MWh
3186,VIC1,2025-10-13 17:00:00+10:00,price,132.235,$/MWh
3187,VIC1,2025-10-13 18:00:00+10:00,price,166.99333,$/MWh
3188,VIC1,2025-10-13 19:00:00+10:00,price,157.18583,$/MWh
3189,VIC1,2025-10-13 20:00:00+10:00,price,145.04583,$/MWh
3190,VIC1,2025-10-13 21:00:00+10:00,price,115.87333,$/MWh
3191,VIC1,2025-10-13 22:00:00+10:00,price,114.88333,$/MWh
3192,VIC1,2025-10-13 23:00:00+10:00,price,99.268333,$/MWh
3193,VIC1,2025-10-14 00:00:00+10:00,price,79.003333,$/MWh
3194,VIC1,2025-10-14 01:00:00+10:00,price,61.405,$/MWh
3195,VIC1,2025-10-14 02:00:00+10:00,price,50.220833,$/MWh
3196,VIC1,2025-10-14 03:00:00+10:00,price,53.380833,$/MWh
3197,VIC1,2025-10-14 04:00:00+10:00,price,74.265,$/MWh
3198,VIC1,2025-10-14 05:00:00+10:00,price,103.3225,$/MWh
3199,VIC1,2025-10-14 06:00:00+10:00,price,114.29,$/MWh
3200,VIC1,2025-10-14 07:00:00+10:00,price,44.788333,$/MWh
3201,VIC1,2025-10-14 08:00:00+10:00,price,-0.89833333,$/MWh
3202,VIC1,2025-10-14 09:00:00+10:00,price,-10.6825,$/MWh
3203,VIC1,2025-10-14 10:00:00+10:00,price,-17.205,$/MWh
3204,VIC1,2025-10-14 11:00:00+10:00,price,-20.401667,$/MWh
3205,VIC1,2025-10-14 12:00:00+10:00,price,-24.991667,$/MWh
3206,VIC1,2025-10-14 13:00:00+10:00,price,-22.856667,$/MWh
3207,VIC1,2025-10-14 14:00:00+10:00,price,-15.143333,$/MWh
3208,VIC1,2025-10-14 15:00:00+10:00,price,-13.59,$/MWh
3209,VIC1,2025-10-14 16:00:00+10:00,price,-9.4333333,$/MWh
3210,VIC1,2025-10-14 17:00:00+10:00,price,97.166667,$/MWh
3211,VIC1,2025-10-14 18:00:00+10:00,price,151.75833,$/MWh
3212,VIC1,2025-10-14 19:00:00+10:00,price,145.18583,$/MWh
3213,VIC1,2025-10-14 20:00:00+10:00,price,146.74667,$/MWh
3214,VIC1,2025-10-14 21:00:00+10:00,price,152.76417,$/MWh
3215,VIC1,2025-10-14 22:00:00+10:00,price,150.95417,$/MWh
3216,VIC1,2025-10-14 23:00:00+10:00,price,169.5525,$/MWh
3217,VIC1,2025-10-15 00:00:00+10:00,price,168.245,$/MWh
3218,VIC1,2025-10-15 01:00:00+10:00,price,158.2125,$/MWh
3219,VIC1,2025-10-15 02:00:00+10:00,price,149.06667,$/MWh
3220,VIC1,2025-10-15 03:00:00+10:00,price,131.7875,$/MWh
3221,VIC1,2025-10-15 04:00:00+10:00,price,178.01917,$/MWh
3222,VIC1,2025-10-15 05:00:00+10:00,price,228.51,$/MWh
3223,VIC1,2025-10-15 06:00:00+10:00,price,158.70636,$/MWh
3224,VIC1,2025-10-15 07:00:00+10:00,price,12.704167,$/MWh
3225,VIC1,2025-10-15 08:00:00+10:00,price,-5.2333333,$/MWh
3226,VIC1,2025-10-15 09:00:00+10:00,price,-9.5075,$/MWh
3227,VIC1,2025-10-15 10:00:00+10:00,price,-10.102727,$/MWh
3228,VIC1,2025-10-15 11:00:00+10:00,price,-12.704167,$/MWh
3229,VIC1,2025-10-15 12:00:00+10:00,price,-10.513333,$/MWh
3230,VIC1,2025-10-15 13:00:00+10:00,price,-10.905,$/MWh
3231,VIC1,2025-10-15 14:00:00+10:00,price,-10.964167,$/MWh
3232,VIC1,2025-10-15 15:00:00+10:00,price,11.924167,$/MWh
3233,VIC1,2025-10-15 16:00:00+10:00,price,78.585,$/MWh
3234,VIC1,2025-10-15 17:00:00+10:00,price,218.29417,$/MWh
3235,VIC1,2025-10-15 18:00:00+10:00,price,234.50333,$/MWh
3236,VIC1,2025-10-15 19:00:00+10:00,price,206.16,$/MWh
3237,VIC1,2025-10-15 20:00:00+10:00,price,195.14417,$/MWh
3238,VIC1,2025-10-15 21:00:00+10:00,price,141.38,$/MWh
3239,VIC1,2025-10-15 22:00:00+10:00,price,118.585,$/MWh
3240,VIC1,2025-10-15 23:00:00+10:00,price,93.723333,$/MWh
3241,VIC1,2025-10-16 00:00:00+10:00,price,60.1375,$/MWh
3242,VIC1,2025-10-16 01:00:00+10:00,price,6.2175,$/MWh
3243,VIC1,2025-10-16 02:00:00+10:00,price,-6.5,$/MWh
3244,VIC1,2025-10-16 03:00:00+10:00,price,-6.5,$/MWh
3245,VIC1,2025-10-16 04:00:00+10:00,price,-4.6333333,$/MWh
3246,VIC1,2025-10-16 05:00:00+10:00,price,14.391667,$/MWh
3247,VIC1,2025-10-16 06:00:00+10:00,price,3.8475,$/MWh
3248,VIC1,2025-10-16 07:00:00+10:00,price,-12.959167,$/MWh
3249,VIC1,2025-10-16 08:00:00+10:00,price,-13.629167,$/MWh
3250,VIC1,2025-10-16 09:00:00+10:00,price,-20.089167,$/MWh
3251,VIC1,2025-10-16 10:00:00+10:00,price,-20.525,$/MWh
3252,VIC1,2025-10-16 11:00:00+10:00,price,-20.423333,$/MWh
3253,VIC1,2025-10-16 12:00:00+10:00,price,-17.21,$/MWh
3254,VIC1,2025-10-16 13:00:00+10:00,price,-11.0525,$/MWh
3255,VIC1,2025-10-16 14:00:00+10:00,price,-5.3433333,$/MWh
3256,VIC1,2025-10-16 15:00:00+10:00,price,41.68,$/MWh
3257,VIC1,2025-10-16 16:00:00+10:00,price,-2.1358333,$/MWh
3258,VIC1,2025-10-16 17:00:00+10:00,price,90.571667,$/MWh
3259,VIC1,2025-10-16 18:00:00+10:00,price,114.48,$/MWh
3260,VIC1,2025-10-16 19:00:00+10:00,price,143.47417,$/MWh
3261,VIC1,2025-10-16 20:00:00+10:00,price,153.72167,$/MWh
3262,VIC1,2025-10-16 21:00:00+10:00,price,106.61333,$/MWh
3263,VIC1,2025-10-16 22:00:00+10:00,price,103.69,$/MWh
3264,VIC1,2025-10-16 23:00:00+10:00,price,131.72417,$/MWh
3265,VIC1,2025-10-17 00:00:00+10:00,price,92.565833,$/MWh
3266,VIC1,2025-10-17 01:00:00+10:00,price,68.369167,$/MWh
3267,VIC1,2025-10-17 02:00:00+10:00,price,55.8175,$/MWh
3268,VIC1,2025-10-17 03:00:00+10:00,price,54.156667,$/MWh
3269,VIC1,2025-10-17 04:00:00+10:00,price,59.627273,$/MWh
3270,VIC1,2025-10-17 05:00:00+10:00,price,70.2125,$/MWh
3271,VIC1,2025-10-17 06:00:00+10:00,price,84.373333,$/MWh
3272,VIC1,2025-10-17 07:00:00+10:00,price,42.19,$/MWh
3273,VIC1,2025-10-17 08:00:00+10:00,price,-14.776364,$/MWh
3274,VIC1,2025-10-17 09:00:00+10:00,price,-11.0375,$/MWh
3275,VIC1,2025-10-17 10:00:00+10:00,price,-1.2709091,$/MWh
3276,VIC1,2025-10-17 11:00:00+10:00,price,-20.98125,$/MWh
3277,VIC1,2025-10-17 12:00:00+10:00,price,-28.022727,$/MWh
3278,VIC1,2025-10-17 13:00:00+10:00,price,-25.984,$/MWh
3279,VIC1,2025-10-17 14:00:00+10:00,price,-41.93,$/MWh
3280,VIC1,2025-10-17 15:00:00+10:00,price,-3.6442857,$/MWh
3281,VIC1,2025-10-17 16:00:00+10:00,price,10.18125,$/MWh
3282,VIC1,2025-10-17 17:00:00+10:00,price,61.660833,$/MWh
3283,VIC1,2025-10-17 18:00:00+10:00,price,109.26583,$/MWh
3284,VIC1,2025-10-17 19:00:00+10:00,price,106.93,$/MWh
3285,VIC1,2025-10-17 20:00:00+10:00,price,113.36083,$/MWh
3286,VIC1,2025-10-17 21:00:00+10:00,price,109.90889,$/MWh
3287,VIC1,2025-10-17 22:00:00+10:00,price,112.02833,$/MWh
3288,VIC1,2025-10-17 23:00:00+10:00,price,112.2,$/MWh
3289,VIC1,2025-10-18 00:00:00+10:00,price,98.405455,$/MWh
3290,VIC1,2025-10-18 01:00:00+10:00,price,78.685,$/MWh
3291,VIC1,2025-10-18 02:00:00+10:00,price,71.955,$/MWh
3292,VIC1,2025-10-18 03:00:00+10:00,price,78.51,$/MWh
3293,VIC1,2025-10-18 04:00:00+10:00,price,79.624167,$/MWh
3294,VIC1,2025-10-18 05:00:00+10:00,price,78.983636,$/MWh
3295,VIC1,2025-10-18 06:00:00+10:00,price,56.579091,$/MWh
3296,VIC1,2025-10-18 07:00:00+10:00,price,21.215833,$/MWh
3297,VIC1,2025-10-18 08:00:00+10:00,price,22.759167,$/MWh
3298,VIC1,2025-10-18 09:00:00+10:00,price,13.836667,$/MWh
3299,VIC1,2025-10-18 10:00:00+10:00,price,-14.3725,$/MWh
3300,VIC1,2025-10-18 11:00:00+10:00,price,-20.535833,$/MWh
3301,VIC1,2025-10-18 12:00:00+10:00,price,-24.181,$/MWh
3302,VIC1,2025-10-18 13:00:00+10:00,price,-26.601667,$/MWh
3303,VIC1,2025-10-18 14:00:00+10:00,price,-36.666364,$/MWh
3304,VIC1,2025-10-18 15:00:00+10:00,price,-0.335,$/MWh
3305,VIC1,2025-10-18 16:00:00+10:00,price,31.926667,$/MWh
3306,VIC1,2025-10-18 17:00:00+10:00,price,122.25417,$/MWh
3307,VIC1,2025-10-18 18:00:00+10:00,price,134.22667,$/MWh
3308,VIC1,2025-10-18 19:00:00+10:00,price,104.83417,$/MWh
3309,VIC1,2025-10-18 20:00:00+10:00,price,71.988333,$/MWh
3310,VIC1,2025-10-18 21:00:00+10:00,price,50.646667,$/MWh
3311,VIC1,2025-10-18 22:00:00+10:00,price,4.9266667,$/MWh
3312,VIC1,2025-10-18 23:00:00+10:00,price,-3.5058333,$/MWh
3313,VIC1,2025-10-19 00:00:00+10:00,price,-6.5,$/MWh
3314,VIC1,2025-10-19 01:00:00+10:00,price,-7.7108333,$/MWh
3315,VIC1,2025-10-19 02:00:00+10:00,price,-12.986667,$/MWh
3316,VIC1,2025-10-19 03:00:00+10:00,price,-12.877273,$/MWh
3317,VIC1,2025-10-19 04:00:00+10:00,price,-12.740833,$/MWh
3318,VIC1,2025-10-19 05:00:00+10:00,price,-12.684167,$/MWh
3319,VIC1,2025-10-19 06:00:00+10:00,price,-13.283333,$/MWh
3320,VIC1,2025-10-19 07:00:00+10:00,price,-24.444167,$/MWh
3321,VIC1,2025-10-19 08:00:00+10:00,price,-40.6925,$/MWh
3322,VIC1,2025-10-19 09:00:00+10:00,price,-26.305,$/MWh
3323,VIC1,2025-10-19 10:00:00+10:00,price,-27.284167,$/MWh
3324,VIC1,2025-10-19 11:00:00+10:00,price,-31.2675,$/MWh
3325,VIC1,2025-10-19 12:00:00+10:00,price,-28.494167,$/MWh
3326,VIC1,2025-10-19 13:00:00+10:00,price,-19.109091,$/MWh
3327,VIC1,2025-10-19 14:00:00+10:00,price,-13.35,$/MWh
3328,VIC1,2025-10-19 15:00:00+10:00,price,8.7416667,$/MWh
3329,VIC1,2025-10-19 16:00:00+10:00,price,86.761667,$/MWh
3330,VIC1,2025-10-19 17:00:00+10:00,price,104.6575,$/MWh
3331,VIC1,2025-10-19 18:00:00+10:00,price,129.035,$/MWh
3332,VIC1,2025-10-19 19:00:00+10:00,price,112.745,$/MWh
3333,VIC1,2025-10-19 20:00:00+10:00,price,80.263333,$/MWh
3334,VIC1,2025-10-19 21:00:00+10:00,price,93.789167,$/MWh
3335,VIC1,2025-10-19 22:00:00+10:00,price,104.2125,$/MWh
3336,VIC1,2025-10-19 23:00:00+10:00,price,103.22333,$/MWh
3337,VIC1,2025-10-20 00:00:00+10:00,price,95.133333,$/MWh
3338,VIC1,2025-10-20 01:00:00+10:00,price,88.706667,$/MWh
3339,VIC1,2025-10-20 02:00:00+10:00,price,87.0625,$/MWh
3340,VIC1,2025-10-20 03:00:00+10:00,price,90.956667,$/MWh
3341,VIC1,2025-10-20 04:00:00+10:00,price,124.70583,$/MWh
3342,VIC1,2025-10-20 05:00:00+10:00,price,105.705,$/MWh
3343,VIC1,2025-10-20 06:00:00+10:00,price,141.97333,$/MWh
3344,VIC1,2025-10-20 07:00:00+10:00,price,68.875,$/MWh
3345,VIC1,2025-10-20 08:00:00+10:00,price,110.75833,$/MWh
3346,VIC1,2025-10-20 09:00:00+10:00,price,92.901667,$/MWh
3347,VIC1,2025-10-20 10:00:00+10:00,price,208.04167,$/MWh
3348,VIC1,2025-10-20 11:00:00+10:00,price,108.45833,$/MWh
3349,VIC1,2025-10-20 12:00:00+10:00,price,266.34833,$/MWh
3350,VIC1,2025-10-20 13:00:00+10:00,price,168.615,$/MWh
3351,VIC1,2025-10-20 14:00:00+10:00,price,103.42167,$/MWh
3352,VIC1,2025-10-20 15:00:00+10:00,price,75.950833,$/MWh
3353,VIC1,2025-10-20 16:00:00+10:00,price,88.394167,$/MWh
3354,VIC1,2025-10-20 17:00:00+10:00,price,178.89833,$/MWh
3355,VIC1,2025-10-20 18:00:00+10:00,price,149.52917,$/MWh
3356,VIC1,2025-10-20 19:00:00+10:00,price,139.94667,$/MWh
3357,VIC1,2025-10-20 20:00:00+10:00,price,141.99,$/MWh
3358,VIC1,2025-10-20 21:00:00+10:00,price,133.19167,$/MWh
3359,VIC1,2025-10-20 22:00:00+10:00,price,134.99583,$/MWh
3360,VIC1,2025-10-20 23:00:00+10:00,price,178.5975,$/MWh
3361,VIC1,2025-10-21 00:00:00+10:00,price,211.9475,$/MWh
3362,VIC1,2025-10-21 01:00:00+10:00,price,222.67917,$/MWh
3363,VIC1,2025-10-21 02:00:00+10:00,price,226.68455,$/MWh
3364,VIC1,2025-10-21 03:00:00+10:00,price,211.39,$/MWh
3365,VIC1,2025-10-21 04:00:00+10:00,price,227.425,$/MWh
3366,VIC1,2025-10-21 05:00:00+10:00,price,223.2625,$/MWh
3367,VIC1,2025-10-21 06:00:00+10:00,price,239.60417,$/MWh
3368,VIC1,2025-10-21 07:00:00+10:00,price,220.50417,$/MWh
3369,VIC1,2025-10-21 08:00:00+10:00,price,117.9225,$/MWh
3370,VIC1,2025-10-21 09:00:00+10:00,price,75.436667,$/MWh
3371,VIC1,2025-10-21 10:00:00+10:00,price,57.263333,$/MWh
3372,VIC1,2025-10-21 11:00:00+10:00,price,70.553333,$/MWh
3373,VIC1,2025-10-21 12:00:00+10:00,price,104.23333,$/MWh
3374,VIC1,2025-10-21 13:00:00+10:00,price,107.02833,$/MWh
3375,VIC1,2025-10-21 14:00:00+10:00,price,164.49,$/MWh
3376,VIC1,2025-10-21 15:00:00+10:00,price,184.26667,$/MWh
3377,VIC1,2025-10-21 16:00:00+10:00,price,165.71,$/MWh
3378,VIC1,2025-10-21 17:00:00+10:00,price,187.72667,$/MWh
3379,VIC1,2025-10-21 18:00:00+10:00,price,202.58182,$/MWh
3380,VIC1,2025-10-21 19:00:00+10:00,price,148.27833,$/MWh
3381,VIC1,2025-10-21 20:00:00+10:00,price,86.564167,$/MWh
3382,VIC1,2025-10-21 21:00:00+10:00,price,32.12,$/MWh
3383,VIC1,2025-10-21 22:00:00+10:00,price,-6.5,$/MWh
3384,VIC1,2025-10-21 23:00:00+10:00,price,-6.5,$/MWh
3385,VIC1,2025-10-22 00:00:00+10:00,price,-5.62,$/MWh
3386,VIC1,2025-10-22 01:00:00+10:00,price,-5.6166667,$/MWh
3387,VIC1,2025-10-22 02:00:00+10:00,price,-4.955,$/MWh
3388,VIC1,2025-10-22 03:00:00+10:00,price,-5.075,$/MWh
3389,VIC1,2025-10-22 04:00:00+10:00,price,-4.195,$/MWh
3390,VIC1,2025-10-22 05:00:00+10:00,price,12.396667,$/MWh
3391,VIC1,2025-10-22 06:00:00+10:00,price,10.695833,$/MWh
3392,VIC1,2025-10-22 07:00:00+10:00,price,4.4258333,$/MWh
3393,VIC1,2025-10-22 08:00:00+10:00,price,0.22,$/MWh
3394,VIC1,2025-10-22 09:00:00+10:00,price,-5.81,$/MWh
3395,VIC1,2025-10-22 10:00:00+10:00,price,-3.6663636,$/MWh
3396,VIC1,2025-10-22 11:00:00+10:00,price,-12.361667,$/MWh
3397,VIC1,2025-10-22 12:00:00+10:00,price,-21.6,$/MWh
3398,VIC1,2025-10-22 13:00:00+10:00,price,-49.962727,$/MWh
3399,VIC1,2025-10-22 14:00:00+10:00,price,-19.192,$/MWh
3400,VIC1,2025-10-22 15:00:00+10:00,price,-11.381818,$/MWh
3401,VIC1,2025-10-22 16:00:00+10:00,price,-9.2654545,$/MWh
3402,VIC1,2025-10-22 17:00:00+10:00,price,-20.275833,$/MWh
3403,VIC1,2025-10-22 18:00:00+10:00,price,41.843,$/MWh
3404,VIC1,2025-10-22 19:00:00+10:00,price,67.379167,$/MWh
3405,VIC1,2025-10-22 20:00:00+10:00,price,65.65,$/MWh
3406,VIC1,2025-10-22 21:00:00+10:00,price,57.748182,$/MWh
3407,VIC1,2025-10-22 22:00:00+10:00,price,75.851667,$/MWh
3408,VIC1,2025-10-22 23:00:00+10:00,price,93.213636,$/MWh
3409,VIC1,2025-10-23 00:00:00+10:00,price,128.23333,$/MWh
3410,VIC1,2025-10-23 01:00:00+10:00,price,137.777,$/MWh
3411,VIC1,2025-10-23 02:00:00+10:00,price,153.34455,$/MWh
3412,VIC1,2025-10-23 03:00:00+10:00,price,147.19364,$/MWh
3413,VIC1,2025-10-23 04:00:00+10:00,price,163.0775,$/MWh
3414,VIC1,2025-10-23 05:00:00+10:00,price,162.75,$/MWh
3415,VIC1,2025-10-23 06:00:00+10:00,price,124.30917,$/MWh
3416,VIC1,2025-10-23 07:00:00+10:00,price,96.130909,$/MWh
3417,VIC1,2025-10-23 08:00:00+10:00,price,92.570833,$/MWh
3418,VIC1,2025-10-23 09:00:00+10:00,price,38.255455,$/MWh
3419,VIC1,2025-10-23 10:00:00+10:00,price,16.993333,$/MWh
3420,VIC1,2025-10-23 11:00:00+10:00,price,20.365556,$/MWh
3421,VIC1,2025-10-23 12:00:00+10:00,price,15.54,$/MWh
3422,VIC1,2025-10-23 13:00:00+10:00,price,2.8690909,$/MWh
3423,VIC1,2025-10-23 14:00:00+10:00,price,9.785,$/MWh
3424,VIC1,2025-10-23 15:00:00+10:00,price,100.13444,$/MWh
3425,VIC1,2025-10-23 16:00:00+10:00,price,137.58625,$/MWh
3426,VIC1,2025-10-23 17:00:00+10:00,price,167.46429,$/MWh
3427,VIC1,2025-10-23 18:00:00+10:00,price,158.26125,$/MWh
3428,VIC1,2025-10-23 19:00:00+10:00,price,148.59636,$/MWh
3429,VIC1,2025-10-23 20:00:00+10:00,price,134.397,$/MWh
3430,VIC1,2025-10-23 21:00:00+10:00,price,108.16364,$/MWh
3431,VIC1,2025-10-23 22:00:00+10:00,price,117.55111,$/MWh
3432,VIC1,2025-10-23 23:00:00+10:00,price,134.38091,$/MWh
3433,VIC1,2025-10-24 00:00:00+10:00,price,137.94333,$/MWh
3434,VIC1,2025-10-24 01:00:00+10:00,price,128.534,$/MWh
3435,VIC1,2025-10-24 02:00:00+10:00,price,124.45556,$/MWh
3436,VIC1,2025-10-24 03:00:00+10:00,price,137.61364,$/MWh
3437,VIC1,2025-10-24 04:00:00+10:00,price,171.09444,$/MWh
3438,VIC1,2025-10-24 05:00:00+10:00,price,184.26818,$/MWh
3439,VIC1,2025-10-24 06:00:00+10:00,price,155.24125,$/MWh
3440,VIC1,2025-10-24 07:00:00+10:00,price,67.6175,$/MWh
3441,VIC1,2025-10-24 08:00:00+10:00,price,69.08,$/MWh
3442,VIC1,2025-10-24 09:00:00+10:00,price,29.302,$/MWh
3443,VIC1,2025-10-24 10:00:00+10:00,price,6.975,$/MWh
3444,VIC1,2025-10-24 11:00:00+10:00,price,-7.3888889,$/MWh
3445,VIC1,2025-10-24 12:00:00+10:00,price,-10.9575,$/MWh
3446,VIC1,2025-10-24 13:00:00+10:00,price,-11.347,$/MWh
3447,VIC1,2025-10-24 14:00:00+10:00,price,-10.074,$/MWh
3448,VIC1,2025-10-24 15:00:00+10:00,price,-0.74444444,$/MWh
3449,VIC1,2025-10-24 16:00:00+10:00,price,38.725556,$/MWh
3450,VIC1,2025-10-24 17:00:00+10:00,price,115.265,$/MWh
3451,VIC1,2025-10-24 18:00:00+10:00,price,139.22,$/MWh
3452,VIC1,2025-10-24 19:00:00+10:00,price,146.41167,$/MWh
3453,VIC1,2025-10-24 20:00:00+10:00,price,146.93125,$/MWh
3454,VIC1,2025-10-24 21:00:00+10:00,price,159.51545,$/MWh
3455,VIC1,2025-10-24 22:00:00+10:00,price,152.9825,$/MWh
3456,VIC1,2025-10-24 23:00:00+10:00,price,160.715,$/MWh
3457,VIC1,2025-10-25 00:00:00+10:00,price,155.94833,$/MWh
3458,VIC1,2025-10-25 01:00:00+10:00,price,196.21,$/MWh
3459,VIC1,2025-10-25 02:00:00+10:00,price,200.286,$/MWh
3460,VIC1,2025-10-25 03:00:00+10:00,price,186.28,$/MWh
3461,VIC1,2025-10-25 04:00:00+10:00,price,139.822,$/MWh
3462,VIC1,2025-10-25 05:00:00+10:00,price,111.64,$/MWh
3463,VIC1,2025-10-25 06:00:00+10:00,price,70.854286,$/MWh
3464,VIC1,2025-10-25 07:00:00+10:00,price,32.06375,$/MWh
3465,VIC1,2025-10-25 08:00:00+10:00,price,19.75,$/MWh
3466,VIC1,2025-10-25 09:00:00+10:00,price,20.51625,$/MWh
3467,VIC1,2025-10-25 10:00:00+10:00,price,35.173333,$/MWh
3468,VIC1,2025-10-25 11:00:00+10:00,price,36.701667,$/MWh
3469,VIC1,2025-10-25 12:00:00+10:00,price,37.8275,$/MWh
3470,VIC1,2025-10-25 13:00:00+10:00,price,44.51375,$/MWh
3471,VIC1,2025-10-25 14:00:00+10:00,price,51.703333,$/MWh
3472,VIC1,2025-10-25 15:00:00+10:00,price,76.665,$/MWh
3473,VIC1,2025-10-25 16:00:00+10:00,price,106.15667,$/MWh
3474,VIC1,2025-10-25 17:00:00+10:00,price,114.12143,$/MWh
3475,VIC1,2025-10-25 18:00:00+10:00,price,112.54167,$/MWh
3476,VIC1,2025-10-25 19:00:00+10:00,price,117.59667,$/MWh
3477,VIC1,2025-10-25 20:00:00+10:00,price,122.31143,$/MWh
3478,VIC1,2025-10-25 21:00:00+10:00,price,125.40333,$/MWh
3479,VIC1,2025-10-25 22:00:00+10:00,price,85.918333,$/MWh
3480,VIC1,2025-10-25 23:00:00+10:00,price,114.05833,$/MWh
3481,VIC1,2025-10-26 00:00:00+10:00,price,75.366667,$/MWh
3482,VIC1,2025-10-26 01:00:00+10:00,price,26.054,$/MWh
3483,VIC1,2025-10-26 02:00:00+10:00,price,20.993333,$/MWh
3484,VIC1,2025-10-26 03:00:00+10:00,price,17.97,$/MWh
3485,VIC1,2025-10-26 04:00:00+10:00,price,17.24,$/MWh
3486,VIC1,2025-10-26 05:00:00+10:00,price,39.29,$/MWh
3487,VIC1,2025-10-26 06:00:00+10:00,price,,$/MWh
3488,VIC1,2025-10-26 07:00:00+10:00,price,,$/MWh
3489,VIC1,2025-10-26 08:00:00+10:00,price,16.672857,$/MWh
3490,VIC1,2025-10-26 09:00:00+10:00,price,18.33,$/MWh
3491,VIC1,2025-10-26 10:00:00+10:00,price,-4.76,$/MWh
3492,VIC1,2025-10-26 11:00:00+10:00,price,64.251667,$/MWh
3493,VIC1,2025-10-26 12:00:00+10:00,price,10.188333,$/MWh
3494,VIC1,2025-10-26 13:00:00+10:00,price,-16.205,$/MWh
3495,VIC1,2025-10-26 14:00:00+10:00,price,-58.625,$/MWh
3496,VIC1,2025-10-26 15:00:00+10:00,price,-50.22,$/MWh
3497,VIC1,2025-10-26 16:00:00+10:00,price,-28.065,$/MWh
3498,VIC1,2025-10-26 17:00:00+10:00,price,8.2566667,$/MWh
3499,VIC1,2025-10-26 18:00:00+10:00,price,17.07,$/MWh
3500,VIC1,2025-10-26 19:00:00+10:00,price,11.762,$/MWh
3501,VIC1,2025-10-26 20:00:00+10:00,price,,$/MWh
3502,VIC1,2025-10-26 21:00:00+10:00,price,20.78,$/MWh
3503,VIC1,2025-10-26 22:00:00+10:00,price,20.666667,$/MWh
3504,VIC1,2025-10-26 23:00:00+10:00,price,8.61,$/MWh
3505,VIC1,2025-10-27 00:00:00+10:00,price,1.11,$/MWh
3506,VIC1,2025-10-27 01:00:00+10:00,price,-2.59,$/MWh
3507,VIC1,2025-10-27 02:00:00+10:00,price,-2.1666667,$/MWh
3508,VIC1,2025-10-27 03:00:00+10:00,price,-6.5,$/MWh
3509,VIC1,2025-10-27 04:00:00+10:00,price,-3.25,$/MWh
3510,VIC1,2025-10-27 05:00:00+10:00,price,50.59,$/MWh
3511,VIC1,2025-10-27 06:00:00+10:00,price,19.61,$/MWh
3512,VIC1,2025-10-27 07:00:00+10:00,price,4.475,$/MWh
3513,VIC1,2025-10-27 08:00:00+10:00,price,4.89,$/MWh
3514,VIC1,2025-10-27 09:00:00+10:00,price,-9.26,$/MWh
3515,VIC1,2025-10-27 10:00:00+10:00,price,-10.4,$/MWh
3516,VIC1,2025-10-27 11:00:00+10:00,price,-10.582,$/MWh
3517,VIC1,2025-10-27 12:00:00+10:00,price,-14.5,$/MWh
3518,VIC1,2025-10-27 13:00:00+10:00,price,-11.4,$/MWh
3519,VIC1,2025-10-27 14:00:00+10:00,price,-18.763333,$/MWh
3520,VIC1,2025-10-27 15:00:00+10:00,price,-19.92,$/MWh
3521,VIC1,2025-10-27 16:00:00+10:00,price,-12.6025,$/MWh
3522,VIC1,2025-10-27 17:00:00+10:00,price,-5.5,$/MWh
3523,VIC1,2025-10-27 18:00:00+10:00,price,34.996667,$/MWh
3524,VIC1,2025-10-27 19:00:00+10:00,price,35.683333,$/MWh
3525,VIC1,2025-10-27 20:00:00+10:00,price,15.933333,$/MWh
3526,VIC1,2025-10-27 21:00:00+10:00,price,21.535,$/MWh
3527,VIC1,2025-10-27 22:00:00+10:00,price,21.775,$/MWh
3528,VIC1,2025-10-27 23:00:00+10:00,price,24.303333,$/MWh
3529,VIC1,2025-10-28 00:00:00+10:00,price,-6.5,$/MWh
3530,VIC1,2025-10-28 01:00:00+10:00,price,,$/MWh
3531,VIC1,2025-10-28 02:00:00+10:00,price,,$/MWh
3532,VIC1,2025-10-28 03:00:00+10:00,price,,$/MWh
3533,VIC1,2025-10-28 04:00:00+10:00,price,,$/MWh
3534,VIC1,2025-10-28 05:00:00+10:00,price,,$/MWh
3535,VIC1,2025-10-28 06:00:00+10:00,price,,$/MWh
3536,VIC1,2025-10-28 07:00:00+10:00,price,,$/MWh
3537,VIC1,2025-10-28 08:00:00+10:00,price,-9.338,$/MWh
3538,VIC1,2025-10-28 09:00:00+10:00,price,-14.798333,$/MWh
3539,VIC1,2025-10-28 10:00:00+10:00,price,-15.830833,$/MWh
3540,VIC1,2025-10-28 11:00:00+10:00,price,-16.455,$/MWh
3541,VIC1,2025-10-28 12:00:00+10:00,price,-20.242727,$/MWh
3542,VIC1,2025-10-28 13:00:00+10:00,price,-39.594167,$/MWh
3543,VIC1,2025-10-28 14:00:00+10:00,price,-26.370833,$/MWh
3544,VIC1,2025-10-28 15:00:00+10:00,price,-24.755,$/MWh
3545,VIC1,2025-10-28 16:00:00+10:00,price,-33.78,$/MWh
3546,VIC1,2025-10-28 17:00:00+10:00,price,59.754167,$/MWh
3547,VIC1,2025-10-28 18:00:00+10:00,price,143.19833,$/MWh
3548,VIC1,2025-10-28 19:00:00+10:00,price,147.19917,$/MWh
3549,VIC1,2025-10-28 20:00:00+10:00,price,146.05917,$/MWh
3550,VIC1,2025-10-28 21:00:00+10:00,price,147.21333,$/MWh
3551,VIC1,2025-10-28 22:00:00+10:00,price,147.31083,$/MWh
3552,VIC1,2025-10-28 23:00:00+10:00,price,155.23917,$/MWh
3553,VIC1,2025-10-29 00:00:00+10:00,price,152.00917,$/MWh
3554,VIC1,2025-10-29 01:00:00+10:00,price,153.5025,$/MWh
3555,VIC1,2025-10-29 02:00:00+10:00,price,157.53917,$/MWh
3556,VIC1,2025-10-29 03:00:00+10:00,price,162.14167,$/MWh
3557,VIC1,2025-10-29 04:00:00+10:00,price,168.865,$/MWh
3558,VIC1,2025-10-29 05:00:00+10:00,price,226.63583,$/MWh
3559,VIC1,2025-10-29 06:00:00+10:00,price,218.15545,$/MWh
3560,VIC1,2025-10-29 07:00:00+10:00,price,116.235,$/MWh
3561,VIC1,2025-10-29 08:00:00+10:00,price,45.708333,$/MWh
3562,VIC1,2025-10-29 09:00:00+10:00,price,-5.1281818,$/MWh
3563,VIC1,2025-10-29 10:00:00+10:00,price,3.8766667,$/MWh
3564,VIC1,2025-10-29 11:00:00+10:00,price,10.281667,$/MWh
3565,VIC1,2025-10-29 12:00:00+10:00,price,0.9325,$/MWh
3566,VIC1,2025-10-29 13:00:00+10:00,price,6.91,$/MWh
3567,VIC1,2025-10-29 14:00:00+10:00,price,4.3083333,$/MWh
3568,VIC1,2025-10-29 15:00:00+10:00,price,25.664167,$/MWh
3569,VIC1,2025-10-29 16:00:00+10:00,price,42.459167,$/MWh
3570,VIC1,2025-10-29 17:00:00+10:00,price,187.955,$/MWh
3571,VIC1,2025-10-29 18:00:00+10:00,price,259.24182,$/MWh
3572,VIC1,2025-10-29 19:00:00+10:00,price,220.69,$/MWh
3573,VIC1,2025-10-29 20:00:00+10:00,price,229.59833,$/MWh
3574,VIC1,2025-10-29 21:00:00+10:00,price,185.31583,$/MWh
3575,VIC1,2025-10-29 22:00:00+10:00,price,164.48083,$/MWh
3576,VIC1,2025-10-29 23:00:00+10:00,price,167.91333,$/MWh
3577,VIC1,2025-10-30 00:00:00+10:00,price,157.5025,$/MWh
3578,VIC1,2025-10-30 01:00:00+10:00,price,154.58417,$/MWh
3579,VIC1,2025-10-30 02:00:00+10:00,price,149.24583,$/MWh
3580,VIC1,2025-10-30 03:00:00+10:00,price,156.545,$/MWh
3581,VIC1,2025-10-30 04:00:00+10:00,price,173.27833,$/MWh
3582,VIC1,2025-10-30 05:00:00+10:00,price,223.51583,$/MWh
3583,VIC1,2025-10-30 06:00:00+10:00,price,105.96667,$/MWh
3584,VIC1,2025-10-30 07:00:00+10:00,price,3.8075,$/MWh
3585,VIC1,2025-10-30 08:00:00+10:00,price,-0.91416667,$/MWh
3586,VIC1,2025-10-30 09:00:00+10:00,price,-7.3291667,$/MWh
3587,VIC1,2025-10-30 10:00:00+10:00,price,-9.4425,$/MWh
3588,VIC1,2025-10-30 11:00:00+10:00,price,-12.062727,$/MWh
3589,VIC1,2025-10-30 12:00:00+10:00,price,-2.5716667,$/MWh
3590,VIC1,2025-10-30 13:00:00+10:00,price,1.7625,$/MWh
3591,VIC1,2025-10-30 14:00:00+10:00,price,15.054167,$/MWh
3592,VIC1,2025-10-30 15:00:00+10:00,price,43.538333,$/MWh
3593,VIC1,2025-10-30 16:00:00+10:00,price,112.1,$/MWh
3594,VIC1,2025-10-30 17:00:00+10:00,price,235.14667,$/MWh
3595,VIC1,2025-10-30 18:00:00+10:00,price,249.53917,$/MWh
3596,VIC1,2025-10-30 19:00:00+10:00,price,211.18167,$/MWh
3597,VIC1,2025-10-30 20:00:00+10:00,price,147.68083,$/MWh
3598,VIC1,2025-10-30 21:00:00+10:00,price,137.23583,$/MWh
3599,VIC1,2025-10-30 22:00:00+10:00,price,90.058333,$/MWh
3600,VIC1,2025-10-30 23:00:00+10:00,price,89.683333,$/MWh
3601,VIC1,2025-10-31 00:00:00+10:00,price,78.935833,$/MWh
3602,VIC1,2025-10-31 01:00:00+10:00,price,53.349167,$/MWh
3603,VIC1,2025-10-31 02:00:00+10:00,price,60.409167,$/MWh
3604,VIC1,2025-10-31 03:00:00+10:00,price,92.709167,$/MWh
3605,VIC1,2025-10-31 04:00:00+10:00,price,137.19833,$/MWh
3606,VIC1,2025-10-31 05:00:00+10:00,price,198.35667,$/MWh
3607,VIC1,2025-10-31 06:00:00+10:00,price,134.47833,$/MWh
3608,VIC1,2025-10-31 07:00:00+10:00,price,79.1925,$/MWh
3609,VIC1,2025-10-31 08:00:00+10:00,price,53.146667,$/MWh
3610,VIC1,2025-10-31 09:00:00+10:00,price,39.756667,$/MWh
3611,VIC1,2025-10-31 10:00:00+10:00,price,27.291667,$/MWh
3612,VIC1,2025-10-31 11:00:00+10:00,price,10.505,$/MWh
3613,VIC1,2025-10-31 12:00:00+10:00,price,46.343333,$/MWh
3614,VIC1,2025-10-31 13:00:00+10:00,price,15.515833,$/MWh
3615,VIC1,2025-10-31 14:00:00+10:00,price,73.545,$/MWh
3616,VIC1,2025-10-31 15:00:00+10:00,price,138.39,$/MWh
3617,VIC1,2025-10-31 16:00:00+10:00,price,181.97833,$/MWh
3618,VIC1,2025-10-31 17:00:00+10:00,price,176.06333,$/MWh
3619,VIC1,2025-10-31 18:00:00+10:00,price,169.22083,$/MWh
3620,VIC1,2025-10-31 19:00:00+10:00,price,140.79167,$/MWh
3621,VIC1,2025-10-31 20:00:00+10:00,price,126.58917,$/MWh
3622,VIC1,2025-10-31 21:00:00+10:00,price,113.84667,$/MWh
3623,VIC1,2025-10-31 22:00:00+10:00,price,126.26,$/MWh
3624,VIC1,2025-10-31 23:00:00+10:00,price,127.74167,$/MWh
3625,VIC1,2025-11-01 00:00:00+10:00,price,119.94667,$/MWh
3626,VIC1,2025-11-01 01:00:00+10:00,price,103.54917,$/MWh
3627,VIC1,2025-11-01 02:00:00+10:00,price,104.3875,$/MWh
3628,VIC1,2025-11-01 03:00:00+10:00,price,92.296667,$/MWh
3629,VIC1,2025-11-01 04:00:00+10:00,price,86.991667,$/MWh
3630,VIC1,2025-11-01 05:00:00+10:00,price,95.214167,$/MWh
3631,VIC1,2025-11-01 06:00:00+10:00,price,37.193333,$/MWh
3632,VIC1,2025-11-01 07:00:00+10:00,price,7.5827273,$/MWh
3633,VIC1,2025-11-01 08:00:00+10:00,price,-0.23166667,$/MWh
3634,VIC1,2025-11-01 09:00:00+10:00,price,-5.7066667,$/MWh
3635,VIC1,2025-11-01 10:00:00+10:00,price,-16.42,$/MWh
3636,VIC1,2025-11-01 11:00:00+10:00,price,-28.96,$/MWh
3637,VIC1,2025-11-01 12:00:00+10:00,price,-42.853333,$/MWh
3638,VIC1,2025-11-01 13:00:00+10:00,price,-52.3575,$/MWh
3639,VIC1,2025-11-01 14:00:00+10:00,price,-43.8825,$/MWh
3640,VIC1,2025-11-01 15:00:00+10:00,price,-19.375833,$/MWh
3641,VIC1,2025-11-01 16:00:00+10:00,price,15.203333,$/MWh
3642,VIC1,2025-11-01 17:00:00+10:00,price,91.704167,$/MWh
3643,VIC1,2025-11-01 18:00:00+10:00,price,123.35583,$/MWh
3644,VIC1,2025-11-01 19:00:00+10:00,price,110.53083,$/MWh
3645,VIC1,2025-11-01 20:00:00+10:00,price,93.423333,$/MWh
3646,VIC1,2025-11-01 21:00:00+10:00,price,94.54,$/MWh
3647,VIC1,2025-11-01 22:00:00+10:00,price,92.023333,$/MWh
3648,VIC1,2025-11-01 23:00:00+10:00,price,71.736667,$/MWh
3649,VIC1,2025-11-02 00:00:00+10:00,price,65.160833,$/MWh
3650,VIC1,2025-11-02 01:00:00+10:00,price,25.14,$/MWh
3651,VIC1,2025-11-02 02:00:00+10:00,price,44.7675,$/MWh
3652,VIC1,2025-11-02 03:00:00+10:00,price,70.9375,$/MWh
3653,VIC1,2025-11-02 04:00:00+10:00,price,44.160833,$/MWh
3654,VIC1,2025-11-02 05:00:00+10:00,price,-4.8775,$/MWh
3655,VIC1,2025-11-02 06:00:00+10:00,price,-19.059167,$/MWh
3656,VIC1,2025-11-02 07:00:00+10:00,price,-30.1725,$/MWh
3657,VIC1,2025-11-02 08:00:00+10:00,price,-43.095455,$/MWh
3658,VIC1,2025-11-02 09:00:00+10:00,price,-49.345833,$/MWh
3659,VIC1,2025-11-02 10:00:00+10:00,price,-52.499167,$/MWh
3660,VIC1,2025-11-02 11:00:00+10:00,price,-50.078333,$/MWh
3661,VIC1,2025-11-02 12:00:00+10:00,price,-50.605833,$/MWh
3662,VIC1,2025-11-02 13:00:00+10:00,price,-44.963333,$/MWh
3663,VIC1,2025-11-02 14:00:00+10:00,price,-18.998333,$/MWh
3664,VIC1,2025-11-02 15:00:00+10:00,price,-11.128333,$/MWh
3665,VIC1,2025-11-02 16:00:00+10:00,price,28.435833,$/MWh
3666,VIC1,2025-11-02 17:00:00+10:00,price,62.574167,$/MWh
3667,VIC1,2025-11-02 18:00:00+10:00,price,6.4541667,$/MWh
3668,VIC1,2025-11-02 19:00:00+10:00,price,10.940833,$/MWh
3669,VIC1,2025-11-02 20:00:00+10:00,price,62.493333,$/MWh
3670,VIC1,2025-11-02 21:00:00+10:00,price,76.694167,$/MWh
3671,VIC1,2025-11-02 22:00:00+10:00,price,98.860833,$/MWh
3672,VIC1,2025-11-02 23:00:00+10:00,price,101.72833,$/MWh
3673,VIC1,2025-11-03 00:00:00+10:00,price,84.959167,$/MWh
3674,VIC1,2025-11-03 01:00:00+10:00,price,93.309167,$/MWh
3675,VIC1,2025-11-03 02:00:00+10:00,price,82.395,$/MWh
3676,VIC1,2025-11-03 03:00:00+10:00,price,77.771667,$/MWh
3677,VIC1,2025-11-03 04:00:00+10:00,price,58.991667,$/MWh
3678,VIC1,2025-11-03 05:00:00+10:00,price,73.768333,$/MWh
3679,VIC1,2025-11-03 06:00:00+10:00,price,55.0625,$/MWh
3680,VIC1,2025-11-03 07:00:00+10:00,price,68.306667,$/MWh
3681,VIC1,2025-11-03 08:00:00+10:00,price,51.559167,$/MWh
3682,VIC1,2025-11-03 09:00:00+10:00,price,17.089167,$/MWh
3683,VIC1,2025-11-03 10:00:00+10:00,price,38.1675,$/MWh
3684,VIC1,2025-11-03 11:00:00+10:00,price,27.148333,$/MWh
3685,VIC1,2025-11-03 12:00:00+10:00,price,24.63,$/MWh
3686,VIC1,2025-11-03 13:00:00+10:00,price,21.426667,$/MWh
3687,VIC1,2025-11-03 14:00:00+10:00,price,13.966667,$/MWh
3688,VIC1,2025-11-03 15:00:00+10:00,price,79.449167,$/MWh
3689,VIC1,2025-11-03 16:00:00+10:00,price,88.604167,$/MWh
3690,VIC1,2025-11-03 17:00:00+10:00,price,51.855833,$/MWh
3691,VIC1,2025-11-03 18:00:00+10:00,price,86.966667,$/MWh
3692,VIC1,2025-11-03 19:00:00+10:00,price,82.075833,$/MWh
3693,VIC1,2025-11-03 20:00:00+10:00,price,160.605,$/MWh
3694,VIC1,2025-11-03 21:00:00+10:00,price,152.25917,$/MWh
3695,VIC1,2025-11-03 22:00:00+10:00,price,121.595,$/MWh
3696,VIC1,2025-11-03 23:00:00+10:00,price,121.5625,$/MWh
3697,VIC1,2025-11-04 00:00:00+10:00,price,120.04417,$/MWh
3698,VIC1,2025-11-04 01:00:00+10:00,price,118.16333,$/MWh
3699,VIC1,2025-11-04 02:00:00+10:00,price,95.770833,$/MWh
3700,VIC1,2025-11-04 03:00:00+10:00,price,108.05083,$/MWh
3701,VIC1,2025-11-04 04:00:00+10:00,price,130.58583,$/MWh
3702,VIC1,2025-11-04 05:00:00+10:00,price,198.0725,$/MWh
3703,VIC1,2025-11-04 06:00:00+10:00,price,96.354167,$/MWh
3704,VIC1,2025-11-04 07:00:00+10:00,price,-0.3325,$/MWh
3705,VIC1,2025-11-04 08:00:00+10:00,price,-11.725833,$/MWh
3706,VIC1,2025-11-04 09:00:00+10:00,price,-7.9616667,$/MWh
3707,VIC1,2025-11-04 10:00:00+10:00,price,-12.655,$/MWh
3708,VIC1,2025-11-04 11:00:00+10:00,price,-16.3925,$/MWh
3709,VIC1,2025-11-04 12:00:00+10:00,price,-15.049167,$/MWh
3710,VIC1,2025-11-04 13:00:00+10:00,price,-9.3125,$/MWh
3711,VIC1,2025-11-04 14:00:00+10:00,price,-8.565,$/MWh
3712,VIC1,2025-11-04 15:00:00+10:00,price,-11.858333,$/MWh
3713,VIC1,2025-11-04 16:00:00+10:00,price,-9.4975,$/MWh
3714,VIC1,2025-11-04 17:00:00+10:00,price,-7.334,$/MWh
3715,NSW1,2025-10-04 19:00:00+10:00,demand_energy,7.8342,MWh
3716,NSW1,2025-10-04 20:00:00+10:00,demand_energy,7.6194,MWh
3717,NSW1,2025-10-04 21:00:00+10:00,demand_energy,7.3835,MWh
3718,NSW1,2025-10-04 22:00:00+10:00,demand_energy,7.2205,MWh
3719,NSW1,2025-10-04 23:00:00+10:00,demand_energy,6.9767,MWh
3720,NSW1,2025-10-05 00:00:00+10:00,demand_energy,6.7534,MWh
3721,NSW1,2025-10-05 01:00:00+10:00,demand_energy,6.4605,MWh
3722,NSW1,2025-10-05 02:00:00+10:00,demand_energy,6.2459,MWh
3723,NSW1,2025-10-05 03:00:00+10:00,demand_energy,6.1213,MWh
3724,NSW1,2025-10-05 04:00:00+10:00,demand_energy,6.0868,MWh
3725,NSW1,2025-10-05 05:00:00+10:00,demand_energy,6.1558,MWh
3726,NSW1,2025-10-05 06:00:00+10:00,demand_energy,5.9373,MWh
3727,NSW1,2025-10-05 07:00:00+10:00,demand_energy,5.2777,MWh
3728,NSW1,2025-10-05 08:00:00+10:00,demand_energy,4.4726,MWh
3729,NSW1,2025-10-05 09:00:00+10:00,demand_energy,3.8024,MWh
3730,NSW1,2025-10-05 10:00:00+10:00,demand_energy,3.2481,MWh
3731,NSW1,2025-10-05 11:00:00+10:00,demand_energy,3.0492,MWh
3732,NSW1,2025-10-05 12:00:00+10:00,demand_energy,3.0234,MWh
3733,NSW1,2025-10-05 13:00:00+10:00,demand_energy,3.402,MWh
3734,NSW1,2025-10-05 14:00:00+10:00,demand_energy,4.2978,MWh
3735,NSW1,2025-10-05 15:00:00+10:00,demand_energy,5.5348,MWh
3736,NSW1,2025-10-05 16:00:00+10:00,demand_energy,6.6436,MWh
3737,NSW1,2025-10-05 17:00:00+10:00,demand_energy,7.6461,MWh
3738,NSW1,2025-10-05 18:00:00+10:00,demand_energy,7.9776,MWh
3739,NSW1,2025-10-05 19:00:00+10:00,demand_energy,7.7731,MWh
3740,NSW1,2025-10-05 20:00:00+10:00,demand_energy,7.4161,MWh
3741,NSW1,2025-10-05 21:00:00+10:00,demand_energy,7.1985,MWh
3742,NSW1,2025-10-05 22:00:00+10:00,demand_energy,6.9695,MWh
3743,NSW1,2025-10-05 23:00:00+10:00,demand_energy,6.6758,MWh
3744,NSW1,2025-10-06 00:00:00+10:00,demand_energy,6.4005,MWh
3745,NSW1,2025-10-06 01:00:00+10:00,demand_energy,6.1312,MWh
3746,NSW1,2025-10-06 02:00:00+10:00,demand_energy,5.9623,MWh
3747,NSW1,2025-10-06 03:00:00+10:00,demand_energy,5.8866,MWh
3748,NSW1,2025-10-06 04:00:00+10:00,demand_energy,5.8505,MWh
3749,NSW1,2025-10-06 05:00:00+10:00,demand_energy,6.0386,MWh
3750,NSW1,2025-10-06 06:00:00+10:00,demand_energy,5.9226,MWh
3751,NSW1,2025-10-06 07:00:00+10:00,demand_energy,5.8672,MWh
3752,NSW1,2025-10-06 08:00:00+10:00,demand_energy,5.4135,MWh
3753,NSW1,2025-10-06 09:00:00+10:00,demand_energy,5.078,MWh
3754,NSW1,2025-10-06 10:00:00+10:00,demand_energy,4.6244,MWh
3755,NSW1,2025-10-06 11:00:00+10:00,demand_energy,4.2457,MWh
3756,NSW1,2025-10-06 12:00:00+10:00,demand_energy,4.4168,MWh
3757,NSW1,2025-10-06 13:00:00+10:00,demand_energy,5.1773,MWh
3758,NSW1,2025-10-06 14:00:00+10:00,demand_energy,6.3001,MWh
3759,NSW1,2025-10-06 15:00:00+10:00,demand_energy,7.1043,MWh
3760,NSW1,2025-10-06 16:00:00+10:00,demand_energy,7.7579,MWh
3761,NSW1,2025-10-06 17:00:00+10:00,demand_energy,8.1579,MWh
3762,NSW1,2025-10-06 18:00:00+10:00,demand_energy,8.1109,MWh
3763,NSW1,2025-10-06 19:00:00+10:00,demand_energy,7.8761,MWh
3764,NSW1,2025-10-06 20:00:00+10:00,demand_energy,7.5615,MWh
3765,NSW1,2025-10-06 21:00:00+10:00,demand_energy,7.2952,MWh
3766,NSW1,2025-10-06 22:00:00+10:00,demand_energy,7.1006,MWh
3767,NSW1,2025-10-06 23:00:00+10:00,demand_energy,6.8862,MWh
3768,NSW1,2025-10-07 00:00:00+10:00,demand_energy,6.654,MWh
3769,NSW1,2025-10-07 01:00:00+10:00,demand_energy,6.3815,MWh
3770,NSW1,2025-10-07 02:00:00+10:00,demand_energy,6.2614,MWh
3771,NSW1,2025-10-07 03:00:00+10:00,demand_energy,6.3219,MWh
3772,NSW1,2025-10-07 04:00:00+10:00,demand_energy,6.5203,MWh
3773,NSW1,2025-10-07 05:00:00+10:00,demand_energy,7.0465,MWh
3774,NSW1,2025-10-07 06:00:00+10:00,demand_energy,7.3835,MWh
3775,NSW1,2025-10-07 07:00:00+10:00,demand_energy,7.4209,MWh
3776,NSW1,2025-10-07 08:00:00+10:00,demand_energy,7.1359,MWh
3777,NSW1,2025-10-07 09:00:00+10:00,demand_energy,6.6265,MWh
3778,NSW1,2025-10-07 10:00:00+10:00,demand_energy,6.2982,MWh
3779,NSW1,2025-10-07 11:00:00+10:00,demand_energy,6.2456,MWh
3780,NSW1,2025-10-07 12:00:00+10:00,demand_energy,6.062,MWh
3781,NSW1,2025-10-07 13:00:00+10:00,demand_energy,6.1746,MWh
3782,NSW1,2025-10-07 14:00:00+10:00,demand_energy,6.4531,MWh
3783,NSW1,2025-10-07 15:00:00+10:00,demand_energy,6.8315,MWh
3784,NSW1,2025-10-07 16:00:00+10:00,demand_energy,7.3897,MWh
3785,NSW1,2025-10-07 17:00:00+10:00,demand_energy,8.19,MWh
3786,NSW1,2025-10-07 18:00:00+10:00,demand_energy,8.4554,MWh
3787,NSW1,2025-10-07 19:00:00+10:00,demand_energy,8.2211,MWh
3788,NSW1,2025-10-07 20:00:00+10:00,demand_energy,7.897,MWh
3789,NSW1,2025-10-07 21:00:00+10:00,demand_energy,7.6188,MWh
3790,NSW1,2025-10-07 22:00:00+10:00,demand_energy,7.4016,MWh
3791,NSW1,2025-10-07 23:00:00+10:00,demand_energy,7.1115,MWh
3792,NSW1,2025-10-08 00:00:00+10:00,demand_energy,6.8033,MWh
3793,NSW1,2025-10-08 01:00:00+10:00,demand_energy,6.4623,MWh
3794,NSW1,2025-10-08 02:00:00+10:00,demand_energy,6.3038,MWh
3795,NSW1,2025-10-08 03:00:00+10:00,demand_energy,6.2606,MWh
3796,NSW1,2025-10-08 04:00:00+10:00,demand_energy,6.4668,MWh
3797,NSW1,2025-10-08 05:00:00+10:00,demand_energy,7.0276,MWh
3798,NSW1,2025-10-08 06:00:00+10:00,demand_energy,7.2302,MWh
3799,NSW1,2025-10-08 07:00:00+10:00,demand_energy,6.7114,MWh
3800,NSW1,2025-10-08 08:00:00+10:00,demand_energy,5.842,MWh
3801,NSW1,2025-10-08 09:00:00+10:00,demand_energy,5.2615,MWh
3802,NSW1,2025-10-08 10:00:00+10:00,demand_energy,5.2372,MWh
3803,NSW1,2025-10-08 11:00:00+10:00,demand_energy,4.6665,MWh
3804,NSW1,2025-10-08 12:00:00+10:00,demand_energy,4.7447,MWh
3805,NSW1,2025-10-08 13:00:00+10:00,demand_energy,5.4118,MWh
3806,NSW1,2025-10-08 14:00:00+10:00,demand_energy,6.7574,MWh
3807,NSW1,2025-10-08 15:00:00+10:00,demand_energy,7.5103,MWh
3808,NSW1,2025-10-08 16:00:00+10:00,demand_energy,8.4406,MWh
3809,NSW1,2025-10-08 17:00:00+10:00,demand_energy,8.9258,MWh
3810,NSW1,2025-10-08 18:00:00+10:00,demand_energy,9.0217,MWh
3811,NSW1,2025-10-08 19:00:00+10:00,demand_energy,8.6182,MWh
3812,NSW1,2025-10-08 20:00:00+10:00,demand_energy,8.1557,MWh
3813,NSW1,2025-10-08 21:00:00+10:00,demand_energy,7.7259,MWh
3814,NSW1,2025-10-08 22:00:00+10:00,demand_energy,7.4725,MWh
3815,NSW1,2025-10-08 23:00:00+10:00,demand_energy,7.1511,MWh
3816,NSW1,2025-10-09 00:00:00+10:00,demand_energy,6.8311,MWh
3817,NSW1,2025-10-09 01:00:00+10:00,demand_energy,6.5037,MWh
3818,NSW1,2025-10-09 02:00:00+10:00,demand_energy,6.353,MWh
3819,NSW1,2025-10-09 03:00:00+10:00,demand_energy,6.328,MWh
3820,NSW1,2025-10-09 04:00:00+10:00,demand_energy,6.5565,MWh
3821,NSW1,2025-10-09 05:00:00+10:00,demand_energy,7.0406,MWh
3822,NSW1,2025-10-09 06:00:00+10:00,demand_energy,7.4682,MWh
3823,NSW1,2025-10-09 07:00:00+10:00,demand_energy,7.5929,MWh
3824,NSW1,2025-10-09 08:00:00+10:00,demand_energy,7.3523,MWh
3825,NSW1,2025-10-09 09:00:00+10:00,demand_energy,7.2553,MWh
3826,NSW1,2025-10-09 10:00:00+10:00,demand_energy,7.2821,MWh
3827,NSW1,2025-10-09 11:00:00+10:00,demand_energy,7.4421,MWh
3828,NSW1,2025-10-09 12:00:00+10:00,demand_energy,7.3194,MWh
3829,NSW1,2025-10-09 13:00:00+10:00,demand_energy,7.3586,MWh
3830,NSW1,2025-10-09 14:00:00+10:00,demand_energy,7.5015,MWh
3831,NSW1,2025-10-09 15:00:00+10:00,demand_energy,7.6082,MWh
3832,NSW1,2025-10-09 16:00:00+10:00,demand_energy,8.0582,MWh
3833,NSW1,2025-10-09 17:00:00+10:00,demand_energy,8.4744,MWh
3834,NSW1,2025-10-09 18:00:00+10:00,demand_energy,8.7036,MWh
3835,NSW1,2025-10-09 19:00:00+10:00,demand_energy,8.513,MWh
3836,NSW1,2025-10-09 20:00:00+10:00,demand_energy,8.0858,MWh
3837,NSW1,2025-10-09 21:00:00+10:00,demand_energy,7.7626,MWh
3838,NSW1,2025-10-09 22:00:00+10:00,demand_energy,7.5093,MWh
3839,NSW1,2025-10-09 23:00:00+10:00,demand_energy,7.1669,MWh
3840,NSW1,2025-10-10 00:00:00+10:00,demand_energy,6.8243,MWh
3841,NSW1,2025-10-10 01:00:00+10:00,demand_energy,6.4538,MWh
3842,NSW1,2025-10-10 02:00:00+10:00,demand_energy,6.2422,MWh
3843,NSW1,2025-10-10 03:00:00+10:00,demand_energy,6.2208,MWh
3844,NSW1,2025-10-10 04:00:00+10:00,demand_energy,6.4733,MWh
3845,NSW1,2025-10-10 05:00:00+10:00,demand_energy,6.9192,MWh
3846,NSW1,2025-10-10 06:00:00+10:00,demand_energy,7.0256,MWh
3847,NSW1,2025-10-10 07:00:00+10:00,demand_energy,6.5401,MWh
3848,NSW1,2025-10-10 08:00:00+10:00,demand_energy,5.7531,MWh
3849,NSW1,2025-10-10 09:00:00+10:00,demand_energy,4.9794,MWh
3850,NSW1,2025-10-10 10:00:00+10:00,demand_energy,4.4484,MWh
3851,NSW1,2025-10-10 11:00:00+10:00,demand_energy,4.2841,MWh
3852,NSW1,2025-10-10 12:00:00+10:00,demand_energy,4.2335,MWh
3853,NSW1,2025-10-10 13:00:00+10:00,demand_energy,4.5536,MWh
3854,NSW1,2025-10-10 14:00:00+10:00,demand_energy,5.3219,MWh
3855,NSW1,2025-10-10 15:00:00+10:00,demand_energy,6.5279,MWh
3856,NSW1,2025-10-10 16:00:00+10:00,demand_energy,7.7108,MWh
3857,NSW1,2025-10-10 17:00:00+10:00,demand_energy,8.4999,MWh
3858,NSW1,2025-10-10 18:00:00+10:00,demand_energy,8.6869,MWh
3859,NSW1,2025-10-10 19:00:00+10:00,demand_energy,8.3955,MWh
3860,NSW1,2025-10-10 20:00:00+10:00,demand_energy,7.9326,MWh
3861,NSW1,2025-10-10 21:00:00+10:00,demand_energy,7.5086,MWh
3862,NSW1,2025-10-10 22:00:00+10:00,demand_energy,7.3617,MWh
3863,NSW1,2025-10-10 23:00:00+10:00,demand_energy,7.0941,MWh
3864,NSW1,2025-10-11 00:00:00+10:00,demand_energy,6.7944,MWh
3865,NSW1,2025-10-11 01:00:00+10:00,demand_energy,6.519,MWh
3866,NSW1,2025-10-11 02:00:00+10:00,demand_energy,6.2454,MWh
3867,NSW1,2025-10-11 03:00:00+10:00,demand_energy,6.1281,MWh
3868,NSW1,2025-10-11 04:00:00+10:00,demand_energy,6.1295,MWh
3869,NSW1,2025-10-11 05:00:00+10:00,demand_energy,6.2689,MWh
3870,NSW1,2025-10-11 06:00:00+10:00,demand_energy,6.1148,MWh
3871,NSW1,2025-10-11 07:00:00+10:00,demand_energy,5.5142,MWh
3872,NSW1,2025-10-11 08:00:00+10:00,demand_energy,4.8182,MWh
3873,NSW1,2025-10-11 09:00:00+10:00,demand_energy,4.1131,MWh
3874,NSW1,2025-10-11 10:00:00+10:00,demand_energy,3.8754,MWh
3875,NSW1,2025-10-11 11:00:00+10:00,demand_energy,3.6303,MWh
3876,NSW1,2025-10-11 12:00:00+10:00,demand_energy,3.6541,MWh
3877,NSW1,2025-10-11 13:00:00+10:00,demand_energy,3.9529,MWh
3878,NSW1,2025-10-11 14:00:00+10:00,demand_energy,4.6829,MWh
3879,NSW1,2025-10-11 15:00:00+10:00,demand_energy,5.9124,MWh
3880,NSW1,2025-10-11 16:00:00+10:00,demand_energy,7.1451,MWh
3881,NSW1,2025-10-11 17:00:00+10:00,demand_energy,8.1294,MWh
3882,NSW1,2025-10-11 18:00:00+10:00,demand_energy,8.275,MWh
3883,NSW1,2025-10-11 19:00:00+10:00,demand_energy,8.0258,MWh
3884,NSW1,2025-10-11 20:00:00+10:00,demand_energy,7.6713,MWh
3885,NSW1,2025-10-11 21:00:00+10:00,demand_energy,7.3702,MWh
3886,NSW1,2025-10-11 22:00:00+10:00,demand_energy,7.0878,MWh
3887,NSW1,2025-10-11 23:00:00+10:00,demand_energy,6.7691,MWh
3888,NSW1,2025-10-12 00:00:00+10:00,demand_energy,6.5282,MWh
3889,NSW1,2025-10-12 01:00:00+10:00,demand_energy,6.2644,MWh
3890,NSW1,2025-10-12 02:00:00+10:00,demand_energy,6.0327,MWh
3891,NSW1,2025-10-12 03:00:00+10:00,demand_energy,5.9363,MWh
3892,NSW1,2025-10-12 04:00:00+10:00,demand_energy,5.9491,MWh
3893,NSW1,2025-10-12 05:00:00+10:00,demand_energy,5.5035,MWh
3894,NSW1,2025-10-12 06:00:00+10:00,demand_energy,5.62,MWh
3895,NSW1,2025-10-12 07:00:00+10:00,demand_energy,4.9044,MWh
3896,NSW1,2025-10-12 08:00:00+10:00,demand_energy,4.5025,MWh
3897,NSW1,2025-10-12 09:00:00+10:00,demand_energy,4.0803,MWh
3898,NSW1,2025-10-12 10:00:00+10:00,demand_energy,4.0203,MWh
3899,NSW1,2025-10-12 11:00:00+10:00,demand_energy,4.1071,MWh
3900,NSW1,2025-10-12 12:00:00+10:00,demand_energy,5.2888,MWh
3901,NSW1,2025-10-12 13:00:00+10:00,demand_energy,6.6397,MWh
3902,NSW1,2025-10-12 14:00:00+10:00,demand_energy,7.0296,MWh
3903,NSW1,2025-10-12 15:00:00+10:00,demand_energy,7.2944,MWh
3904,NSW1,2025-10-12 16:00:00+10:00,demand_energy,7.7176,MWh
3905,NSW1,2025-10-12 17:00:00+10:00,demand_energy,8.0017,MWh
3906,NSW1,2025-10-12 18:00:00+10:00,demand_energy,7.9805,MWh
3907,NSW1,2025-10-12 19:00:00+10:00,demand_energy,7.7649,MWh
3908,NSW1,2025-10-12 20:00:00+10:00,demand_energy,7.4067,MWh
3909,NSW1,2025-10-12 21:00:00+10:00,demand_energy,7.1052,MWh
3910,NSW1,2025-10-12 22:00:00+10:00,demand_energy,6.8692,MWh
3911,NSW1,2025-10-12 23:00:00+10:00,demand_energy,6.5857,MWh
3912,NSW1,2025-10-13 00:00:00+10:00,demand_energy,6.3823,MWh
3913,NSW1,2025-10-13 01:00:00+10:00,demand_energy,6.1676,MWh
3914,NSW1,2025-10-13 02:00:00+10:00,demand_energy,5.9956,MWh
3915,NSW1,2025-10-13 03:00:00+10:00,demand_energy,6.007,MWh
3916,NSW1,2025-10-13 04:00:00+10:00,demand_energy,6.2953,MWh
3917,NSW1,2025-10-13 05:00:00+10:00,demand_energy,6.8709,MWh
3918,NSW1,2025-10-13 06:00:00+10:00,demand_energy,7.0468,MWh
3919,NSW1,2025-10-13 07:00:00+10:00,demand_energy,6.2856,MWh
3920,NSW1,2025-10-13 08:00:00+10:00,demand_energy,5.3359,MWh
3921,NSW1,2025-10-13 09:00:00+10:00,demand_energy,4.852,MWh
3922,NSW1,2025-10-13 10:00:00+10:00,demand_energy,4.3797,MWh
3923,NSW1,2025-10-13 11:00:00+10:00,demand_energy,4.1991,MWh
3924,NSW1,2025-10-13 12:00:00+10:00,demand_energy,4.0383,MWh
3925,NSW1,2025-10-13 13:00:00+10:00,demand_energy,4.0966,MWh
3926,NSW1,2025-10-13 14:00:00+10:00,demand_energy,4.568,MWh
3927,NSW1,2025-10-13 15:00:00+10:00,demand_energy,5.5596,MWh
3928,NSW1,2025-10-13 16:00:00+10:00,demand_energy,6.9057,MWh
3929,NSW1,2025-10-13 17:00:00+10:00,demand_energy,8.0098,MWh
3930,NSW1,2025-10-13 18:00:00+10:00,demand_energy,8.3474,MWh
3931,NSW1,2025-10-13 19:00:00+10:00,demand_energy,8.2082,MWh
3932,NSW1,2025-10-13 20:00:00+10:00,demand_energy,7.8203,MWh
3933,NSW1,2025-10-13 21:00:00+10:00,demand_energy,7.4423,MWh
3934,NSW1,2025-10-13 22:00:00+10:00,demand_energy,7.2239,MWh
3935,NSW1,2025-10-13 23:00:00+10:00,demand_energy,7.0068,MWh
3936,NSW1,2025-10-14 00:00:00+10:00,demand_energy,6.7032,MWh
3937,NSW1,2025-10-14 01:00:00+10:00,demand_energy,6.4877,MWh
3938,NSW1,2025-10-14 02:00:00+10:00,demand_energy,6.3024,MWh
3939,NSW1,2025-10-14 03:00:00+10:00,demand_energy,6.232,MWh
3940,NSW1,2025-10-14 04:00:00+10:00,demand_energy,6.4838,MWh
3941,NSW1,2025-10-14 05:00:00+10:00,demand_energy,7.0838,MWh
3942,NSW1,2025-10-14 06:00:00+10:00,demand_energy,7.2338,MWh
3943,NSW1,2025-10-14 07:00:00+10:00,demand_energy,6.4084,MWh
3944,NSW1,2025-10-14 08:00:00+10:00,demand_energy,5.3001,MWh
3945,NSW1,2025-10-14 09:00:00+10:00,demand_energy,4.4014,MWh
3946,NSW1,2025-10-14 10:00:00+10:00,demand_energy,3.9903,MWh
3947,NSW1,2025-10-14 11:00:00+10:00,demand_energy,3.8478,MWh
3948,NSW1,2025-10-14 12:00:00+10:00,demand_energy,3.7039,MWh
3949,NSW1,2025-10-14 13:00:00+10:00,demand_energy,3.9586,MWh
3950,NSW1,2025-10-14 14:00:00+10:00,demand_energy,4.692,MWh
3951,NSW1,2025-10-14 15:00:00+10:00,demand_energy,5.8291,MWh
3952,NSW1,2025-10-14 16:00:00+10:00,demand_energy,7.1141,MWh
3953,NSW1,2025-10-14 17:00:00+10:00,demand_energy,8.1915,MWh
3954,NSW1,2025-10-14 18:00:00+10:00,demand_energy,8.4131,MWh
3955,NSW1,2025-10-14 19:00:00+10:00,demand_energy,8.2736,MWh
3956,NSW1,2025-10-14 20:00:00+10:00,demand_energy,7.9534,MWh
3957,NSW1,2025-10-14 21:00:00+10:00,demand_energy,7.6147,MWh
3958,NSW1,2025-10-14 22:00:00+10:00,demand_energy,7.3752,MWh
3959,NSW1,2025-10-14 23:00:00+10:00,demand_energy,7.1147,MWh
3960,NSW1,2025-10-15 00:00:00+10:00,demand_energy,6.8552,MWh
3961,NSW1,2025-10-15 01:00:00+10:00,demand_energy,6.6141,MWh
3962,NSW1,2025-10-15 02:00:00+10:00,demand_energy,6.3892,MWh
3963,NSW1,2025-10-15 03:00:00+10:00,demand_energy,6.352,MWh
3964,NSW1,2025-10-15 04:00:00+10:00,demand_energy,6.6528,MWh
3965,NSW1,2025-10-15 05:00:00+10:00,demand_energy,7.1511,MWh
3966,NSW1,2025-10-15 06:00:00+10:00,demand_energy,7.2021,MWh
3967,NSW1,2025-10-15 07:00:00+10:00,demand_energy,6.421,MWh
3968,NSW1,2025-10-15 08:00:00+10:00,demand_energy,5.4238,MWh
3969,NSW1,2025-10-15 09:00:00+10:00,demand_energy,4.686,MWh
3970,NSW1,2025-10-15 10:00:00+10:00,demand_energy,3.996,MWh
3971,NSW1,2025-10-15 11:00:00+10:00,demand_energy,4.1905,MWh
3972,NSW1,2025-10-15 12:00:00+10:00,demand_energy,4.1798,MWh
3973,NSW1,2025-10-15 13:00:00+10:00,demand_energy,4.4667,MWh
3974,NSW1,2025-10-15 14:00:00+10:00,demand_energy,5.1766,MWh
3975,NSW1,2025-10-15 15:00:00+10:00,demand_energy,6.292,MWh
3976,NSW1,2025-10-15 16:00:00+10:00,demand_energy,7.6558,MWh
3977,NSW1,2025-10-15 17:00:00+10:00,demand_energy,8.5406,MWh
3978,NSW1,2025-10-15 18:00:00+10:00,demand_energy,8.709,MWh
3979,NSW1,2025-10-15 19:00:00+10:00,demand_energy,8.5555,MWh
3980,NSW1,2025-10-15 20:00:00+10:00,demand_energy,8.1538,MWh
3981,NSW1,2025-10-15 21:00:00+10:00,demand_energy,7.8138,MWh
3982,NSW1,2025-10-15 22:00:00+10:00,demand_energy,7.432,MWh
3983,NSW1,2025-10-15 23:00:00+10:00,demand_energy,7.131,MWh
3984,NSW1,2025-10-16 00:00:00+10:00,demand_energy,6.7961,MWh
3985,NSW1,2025-10-16 01:00:00+10:00,demand_energy,6.4801,MWh
3986,NSW1,2025-10-16 02:00:00+10:00,demand_energy,6.2884,MWh
3987,NSW1,2025-10-16 03:00:00+10:00,demand_energy,6.2592,MWh
3988,NSW1,2025-10-16 04:00:00+10:00,demand_energy,6.5072,MWh
3989,NSW1,2025-10-16 05:00:00+10:00,demand_energy,7.1057,MWh
3990,NSW1,2025-10-16 06:00:00+10:00,demand_energy,7.2098,MWh
3991,NSW1,2025-10-16 07:00:00+10:00,demand_energy,6.6831,MWh
3992,NSW1,2025-10-16 08:00:00+10:00,demand_energy,5.7345,MWh
3993,NSW1,2025-10-16 09:00:00+10:00,demand_energy,4.8921,MWh
3994,NSW1,2025-10-16 10:00:00+10:00,demand_energy,4.4497,MWh
3995,NSW1,2025-10-16 11:00:00+10:00,demand_energy,4.5125,MWh
3996,NSW1,2025-10-16 12:00:00+10:00,demand_energy,4.5901,MWh
3997,NSW1,2025-10-16 13:00:00+10:00,demand_energy,5.1193,MWh
3998,NSW1,2025-10-16 14:00:00+10:00,demand_energy,5.8502,MWh
3999,NSW1,2025-10-16 15:00:00+10:00,demand_energy,7.1175,MWh
4000,NSW1,2025-10-16 16:00:00+10:00,demand_energy,8.2438,MWh
4001,NSW1,2025-10-16 17:00:00+10:00,demand_energy,9.1796,MWh
4002,NSW1,2025-10-16 18:00:00+10:00,demand_energy,9.1775,MWh
4003,NSW1,2025-10-16 19:00:00+10:00,demand_energy,8.8894,MWh
4004,NSW1,2025-10-16 20:00:00+10:00,demand_energy,8.313,MWh
4005,NSW1,2025-10-16 21:00:00+10:00,demand_energy,7.9268,MWh
4006,NSW1,2025-10-16 22:00:00+10:00,demand_energy,7.5401,MWh
4007,NSW1,2025-10-16 23:00:00+10:00,demand_energy,7.2054,MWh
4008,NSW1,2025-10-17 00:00:00+10:00,demand_energy,6.8813,MWh
4009,NSW1,2025-10-17 01:00:00+10:00,demand_energy,6.5665,MWh
4010,NSW1,2025-10-17 02:00:00+10:00,demand_energy,6.3357,MWh
4011,NSW1,2025-10-17 03:00:00+10:00,demand_energy,6.2729,MWh
4012,NSW1,2025-10-17 04:00:00+10:00,demand_energy,5.9652,MWh
4013,NSW1,2025-10-17 05:00:00+10:00,demand_energy,6.9904,MWh
4014,NSW1,2025-10-17 06:00:00+10:00,demand_energy,7.1962,MWh
4015,NSW1,2025-10-17 07:00:00+10:00,demand_energy,7.1109,MWh
4016,NSW1,2025-10-17 08:00:00+10:00,demand_energy,6.359,MWh
4017,NSW1,2025-10-17 09:00:00+10:00,demand_energy,6.7456,MWh
4018,NSW1,2025-10-17 10:00:00+10:00,demand_energy,7.0263,MWh
4019,NSW1,2025-10-17 11:00:00+10:00,demand_energy,5.9561,MWh
4020,NSW1,2025-10-17 12:00:00+10:00,demand_energy,6.5471,MWh
4021,NSW1,2025-10-17 13:00:00+10:00,demand_energy,6.84,MWh
4022,NSW1,2025-10-17 14:00:00+10:00,demand_energy,6.5473,MWh
4023,NSW1,2025-10-17 15:00:00+10:00,demand_energy,7.9199,MWh
4024,NSW1,2025-10-17 16:00:00+10:00,demand_energy,4.5652,MWh
4025,NSW1,2025-10-17 17:00:00+10:00,demand_energy,9.0202,MWh
4026,NSW1,2025-10-17 18:00:00+10:00,demand_energy,8.5842,MWh
4027,NSW1,2025-10-17 19:00:00+10:00,demand_energy,8.2217,MWh
4028,NSW1,2025-10-17 20:00:00+10:00,demand_energy,7.819,MWh
4029,NSW1,2025-10-17 21:00:00+10:00,demand_energy,4.3861,MWh
4030,NSW1,2025-10-17 22:00:00+10:00,demand_energy,7.3137,MWh
4031,NSW1,2025-10-17 23:00:00+10:00,demand_energy,7.0771,MWh
4032,NSW1,2025-10-18 00:00:00+10:00,demand_energy,6.804,MWh
4033,NSW1,2025-10-18 01:00:00+10:00,demand_energy,6.4993,MWh
4034,NSW1,2025-10-18 02:00:00+10:00,demand_energy,6.2893,MWh
4035,NSW1,2025-10-18 03:00:00+10:00,demand_energy,6.2195,MWh
4036,NSW1,2025-10-18 04:00:00+10:00,demand_energy,6.2506,MWh
4037,NSW1,2025-10-18 05:00:00+10:00,demand_energy,6.3676,MWh
4038,NSW1,2025-10-18 06:00:00+10:00,demand_energy,6.1804,MWh
4039,NSW1,2025-10-18 07:00:00+10:00,demand_energy,5.7869,MWh
4040,NSW1,2025-10-18 08:00:00+10:00,demand_energy,5.2441,MWh
4041,NSW1,2025-10-18 09:00:00+10:00,demand_energy,4.8978,MWh
4042,NSW1,2025-10-18 10:00:00+10:00,demand_energy,4.658,MWh
4043,NSW1,2025-10-18 11:00:00+10:00,demand_energy,4.2177,MWh
4044,NSW1,2025-10-18 12:00:00+10:00,demand_energy,3.8875,MWh
4045,NSW1,2025-10-18 13:00:00+10:00,demand_energy,4.009,MWh
4046,NSW1,2025-10-18 14:00:00+10:00,demand_energy,4.6383,MWh
4047,NSW1,2025-10-18 15:00:00+10:00,demand_energy,5.4826,MWh
4048,NSW1,2025-10-18 16:00:00+10:00,demand_energy,6.6945,MWh
4049,NSW1,2025-10-18 17:00:00+10:00,demand_energy,7.5701,MWh
4050,NSW1,2025-10-18 18:00:00+10:00,demand_energy,7.7352,MWh
4051,NSW1,2025-10-18 19:00:00+10:00,demand_energy,7.615,MWh
4052,NSW1,2025-10-18 20:00:00+10:00,demand_energy,7.359,MWh
4053,NSW1,2025-10-18 21:00:00+10:00,demand_energy,7.1938,MWh
4054,NSW1,2025-10-18 22:00:00+10:00,demand_energy,7.0379,MWh
4055,NSW1,2025-10-18 23:00:00+10:00,demand_energy,6.7395,MWh
4056,NSW1,2025-10-19 00:00:00+10:00,demand_energy,6.4158,MWh
4057,NSW1,2025-10-19 01:00:00+10:00,demand_energy,6.151,MWh
4058,NSW1,2025-10-19 02:00:00+10:00,demand_energy,5.9593,MWh
4059,NSW1,2025-10-19 03:00:00+10:00,demand_energy,5.8923,MWh
4060,NSW1,2025-10-19 04:00:00+10:00,demand_energy,5.9358,MWh
4061,NSW1,2025-10-19 05:00:00+10:00,demand_energy,5.9978,MWh
4062,NSW1,2025-10-19 06:00:00+10:00,demand_energy,5.7559,MWh
4063,NSW1,2025-10-19 07:00:00+10:00,demand_energy,5.2976,MWh
4064,NSW1,2025-10-19 08:00:00+10:00,demand_energy,4.6205,MWh
4065,NSW1,2025-10-19 09:00:00+10:00,demand_energy,4.0775,MWh
4066,NSW1,2025-10-19 10:00:00+10:00,demand_energy,3.4332,MWh
4067,NSW1,2025-10-19 11:00:00+10:00,demand_energy,3.2389,MWh
4068,NSW1,2025-10-19 12:00:00+10:00,demand_energy,3.2205,MWh
4069,NSW1,2025-10-19 13:00:00+10:00,demand_energy,3.3178,MWh
4070,NSW1,2025-10-19 14:00:00+10:00,demand_energy,4.4153,MWh
4071,NSW1,2025-10-19 15:00:00+10:00,demand_energy,5.7924,MWh
4072,NSW1,2025-10-19 16:00:00+10:00,demand_energy,7.0998,MWh
4073,NSW1,2025-10-19 17:00:00+10:00,demand_energy,8.0211,MWh
4074,NSW1,2025-10-19 18:00:00+10:00,demand_energy,8.2192,MWh
4075,NSW1,2025-10-19 19:00:00+10:00,demand_energy,8.0752,MWh
4076,NSW1,2025-10-19 20:00:00+10:00,demand_energy,7.7487,MWh
4077,NSW1,2025-10-19 21:00:00+10:00,demand_energy,7.41,MWh
4078,NSW1,2025-10-19 22:00:00+10:00,demand_energy,7.1282,MWh
4079,NSW1,2025-10-19 23:00:00+10:00,demand_energy,6.843,MWh
4080,NSW1,2025-10-20 00:00:00+10:00,demand_energy,6.5447,MWh
4081,NSW1,2025-10-20 01:00:00+10:00,demand_energy,6.2596,MWh
4082,NSW1,2025-10-20 02:00:00+10:00,demand_energy,6.086,MWh
4083,NSW1,2025-10-20 03:00:00+10:00,demand_energy,6.0418,MWh
4084,NSW1,2025-10-20 04:00:00+10:00,demand_energy,6.3369,MWh
4085,NSW1,2025-10-20 05:00:00+10:00,demand_energy,6.9009,MWh
4086,NSW1,2025-10-20 06:00:00+10:00,demand_energy,6.9549,MWh
4087,NSW1,2025-10-20 07:00:00+10:00,demand_energy,6.6277,MWh
4088,NSW1,2025-10-20 08:00:00+10:00,demand_energy,6.0852,MWh
4089,NSW1,2025-10-20 09:00:00+10:00,demand_energy,5.7706,MWh
4090,NSW1,2025-10-20 10:00:00+10:00,demand_energy,5.8156,MWh
4091,NSW1,2025-10-20 11:00:00+10:00,demand_energy,6.0545,MWh
4092,NSW1,2025-10-20 12:00:00+10:00,demand_energy,6.1471,MWh
4093,NSW1,2025-10-20 13:00:00+10:00,demand_energy,6.8441,MWh
4094,NSW1,2025-10-20 14:00:00+10:00,demand_energy,7.9293,MWh
4095,NSW1,2025-10-20 15:00:00+10:00,demand_energy,8.9904,MWh
4096,NSW1,2025-10-20 16:00:00+10:00,demand_energy,10.0976,MWh
4097,NSW1,2025-10-20 17:00:00+10:00,demand_energy,10.7034,MWh
4098,NSW1,2025-10-20 18:00:00+10:00,demand_energy,10.5795,MWh
4099,NSW1,2025-10-20 19:00:00+10:00,demand_energy,10.1048,MWh
4100,NSW1,2025-10-20 20:00:00+10:00,demand_energy,9.3584,MWh
4101,NSW1,2025-10-20 21:00:00+10:00,demand_energy,8.5269,MWh
4102,NSW1,2025-10-20 22:00:00+10:00,demand_energy,7.9396,MWh
4103,NSW1,2025-10-20 23:00:00+10:00,demand_energy,7.4438,MWh
4104,NSW1,2025-10-21 00:00:00+10:00,demand_energy,7.0463,MWh
4105,NSW1,2025-10-21 01:00:00+10:00,demand_energy,6.7316,MWh
4106,NSW1,2025-10-21 02:00:00+10:00,demand_energy,6.5641,MWh
4107,NSW1,2025-10-21 03:00:00+10:00,demand_energy,6.5097,MWh
4108,NSW1,2025-10-21 04:00:00+10:00,demand_energy,6.6853,MWh
4109,NSW1,2025-10-21 05:00:00+10:00,demand_energy,7.204,MWh
4110,NSW1,2025-10-21 06:00:00+10:00,demand_energy,7.3284,MWh
4111,NSW1,2025-10-21 07:00:00+10:00,demand_energy,6.9372,MWh
4112,NSW1,2025-10-21 08:00:00+10:00,demand_energy,6.3032,MWh
4113,NSW1,2025-10-21 09:00:00+10:00,demand_energy,5.7392,MWh
4114,NSW1,2025-10-21 10:00:00+10:00,demand_energy,5.3059,MWh
4115,NSW1,2025-10-21 11:00:00+10:00,demand_energy,5.2738,MWh
4116,NSW1,2025-10-21 12:00:00+10:00,demand_energy,5.6287,MWh
4117,NSW1,2025-10-21 13:00:00+10:00,demand_energy,6.1756,MWh
4118,NSW1,2025-10-21 14:00:00+10:00,demand_energy,6.753,MWh
4119,NSW1,2025-10-21 15:00:00+10:00,demand_energy,7.8813,MWh
4120,NSW1,2025-10-21 16:00:00+10:00,demand_energy,8.5075,MWh
4121,NSW1,2025-10-21 17:00:00+10:00,demand_energy,8.7881,MWh
4122,NSW1,2025-10-21 18:00:00+10:00,demand_energy,8.0366,MWh
4123,NSW1,2025-10-21 19:00:00+10:00,demand_energy,8.5321,MWh
4124,NSW1,2025-10-21 20:00:00+10:00,demand_energy,8.1252,MWh
4125,NSW1,2025-10-21 21:00:00+10:00,demand_energy,7.7405,MWh
4126,NSW1,2025-10-21 22:00:00+10:00,demand_energy,7.4685,MWh
4127,NSW1,2025-10-21 23:00:00+10:00,demand_energy,7.1728,MWh
4128,NSW1,2025-10-22 00:00:00+10:00,demand_energy,6.9343,MWh
4129,NSW1,2025-10-22 01:00:00+10:00,demand_energy,6.5744,MWh
4130,NSW1,2025-10-22 02:00:00+10:00,demand_energy,6.4015,MWh
4131,NSW1,2025-10-22 03:00:00+10:00,demand_energy,6.3035,MWh
4132,NSW1,2025-10-22 04:00:00+10:00,demand_energy,6.5006,MWh
4133,NSW1,2025-10-22 05:00:00+10:00,demand_energy,7.0425,MWh
4134,NSW1,2025-10-22 06:00:00+10:00,demand_energy,7.4383,MWh
4135,NSW1,2025-10-22 07:00:00+10:00,demand_energy,7.1119,MWh
4136,NSW1,2025-10-22 08:00:00+10:00,demand_energy,6.3907,MWh
4137,NSW1,2025-10-22 09:00:00+10:00,demand_energy,6.0102,MWh
4138,NSW1,2025-10-22 10:00:00+10:00,demand_energy,6.5617,MWh
4139,NSW1,2025-10-22 11:00:00+10:00,demand_energy,6.9587,MWh
4140,NSW1,2025-10-22 12:00:00+10:00,demand_energy,7.6449,MWh
4141,NSW1,2025-10-22 13:00:00+10:00,demand_energy,9.0547,MWh
4142,NSW1,2025-10-22 14:00:00+10:00,demand_energy,9.6275,MWh
4143,NSW1,2025-10-22 15:00:00+10:00,demand_energy,10.1543,MWh
4144,NSW1,2025-10-22 16:00:00+10:00,demand_energy,10.8713,MWh
4145,NSW1,2025-10-22 17:00:00+10:00,demand_energy,10.81,MWh
4146,NSW1,2025-10-22 18:00:00+10:00,demand_energy,10.3735,MWh
4147,NSW1,2025-10-22 19:00:00+10:00,demand_energy,9.8301,MWh
4148,NSW1,2025-10-22 20:00:00+10:00,demand_energy,9.0961,MWh
4149,NSW1,2025-10-22 21:00:00+10:00,demand_energy,8.3355,MWh
4150,NSW1,2025-10-22 22:00:00+10:00,demand_energy,7.81,MWh
4151,NSW1,2025-10-22 23:00:00+10:00,demand_energy,7.3932,MWh
4152,NSW1,2025-10-23 00:00:00+10:00,demand_energy,7.0203,MWh
4153,NSW1,2025-10-23 01:00:00+10:00,demand_energy,6.6823,MWh
4154,NSW1,2025-10-23 02:00:00+10:00,demand_energy,6.4936,MWh
4155,NSW1,2025-10-23 03:00:00+10:00,demand_energy,6.4826,MWh
4156,NSW1,2025-10-23 04:00:00+10:00,demand_energy,6.674,MWh
4157,NSW1,2025-10-23 05:00:00+10:00,demand_energy,7.0712,MWh
4158,NSW1,2025-10-23 06:00:00+10:00,demand_energy,7.0887,MWh
4159,NSW1,2025-10-23 07:00:00+10:00,demand_energy,6.4929,MWh
4160,NSW1,2025-10-23 08:00:00+10:00,demand_energy,5.6412,MWh
4161,NSW1,2025-10-23 09:00:00+10:00,demand_energy,5.26,MWh
4162,NSW1,2025-10-23 10:00:00+10:00,demand_energy,5.2471,MWh
4163,NSW1,2025-10-23 11:00:00+10:00,demand_energy,5.043,MWh
4164,NSW1,2025-10-23 12:00:00+10:00,demand_energy,4.7948,MWh
4165,NSW1,2025-10-23 13:00:00+10:00,demand_energy,5.0264,MWh
4166,NSW1,2025-10-23 14:00:00+10:00,demand_energy,5.5715,MWh
4167,NSW1,2025-10-23 15:00:00+10:00,demand_energy,6.6789,MWh
4168,NSW1,2025-10-23 16:00:00+10:00,demand_energy,7.562,MWh
4169,NSW1,2025-10-23 17:00:00+10:00,demand_energy,8.3716,MWh
4170,NSW1,2025-10-23 18:00:00+10:00,demand_energy,8.485,MWh
4171,NSW1,2025-10-23 19:00:00+10:00,demand_energy,8.324,MWh
4172,NSW1,2025-10-23 20:00:00+10:00,demand_energy,7.999,MWh
4173,NSW1,2025-10-23 21:00:00+10:00,demand_energy,7.6517,MWh
4174,NSW1,2025-10-23 22:00:00+10:00,demand_energy,7.3791,MWh
4175,NSW1,2025-10-23 23:00:00+10:00,demand_energy,7.0936,MWh
4176,NSW1,2025-10-24 00:00:00+10:00,demand_energy,6.8118,MWh
4177,NSW1,2025-10-24 01:00:00+10:00,demand_energy,6.5491,MWh
4178,NSW1,2025-10-24 02:00:00+10:00,demand_energy,6.3786,MWh
4179,NSW1,2025-10-24 03:00:00+10:00,demand_energy,6.3548,MWh
4180,NSW1,2025-10-24 04:00:00+10:00,demand_energy,6.6118,MWh
4181,NSW1,2025-10-24 05:00:00+10:00,demand_energy,7.014,MWh
4182,NSW1,2025-10-24 06:00:00+10:00,demand_energy,7.071,MWh
4183,NSW1,2025-10-24 07:00:00+10:00,demand_energy,6.4196,MWh
4184,NSW1,2025-10-24 08:00:00+10:00,demand_energy,5.5677,MWh
4185,NSW1,2025-10-24 09:00:00+10:00,demand_energy,4.8938,MWh
4186,NSW1,2025-10-24 10:00:00+10:00,demand_energy,4.6332,MWh
4187,NSW1,2025-10-24 11:00:00+10:00,demand_energy,4.3756,MWh
4188,NSW1,2025-10-24 12:00:00+10:00,demand_energy,4.2711,MWh
4189,NSW1,2025-10-24 13:00:00+10:00,demand_energy,4.3985,MWh
4190,NSW1,2025-10-24 14:00:00+10:00,demand_energy,4.935,MWh
4191,NSW1,2025-10-24 15:00:00+10:00,demand_energy,5.8765,MWh
4192,NSW1,2025-10-24 16:00:00+10:00,demand_energy,7.0066,MWh
4193,NSW1,2025-10-24 17:00:00+10:00,demand_energy,7.7764,MWh
4194,NSW1,2025-10-24 18:00:00+10:00,demand_energy,8.0572,MWh
4195,NSW1,2025-10-24 19:00:00+10:00,demand_energy,7.9955,MWh
4196,NSW1,2025-10-24 20:00:00+10:00,demand_energy,7.6806,MWh
4197,NSW1,2025-10-24 21:00:00+10:00,demand_energy,7.4608,MWh
4198,NSW1,2025-10-24 22:00:00+10:00,demand_energy,7.252,MWh
4199,NSW1,2025-10-24 23:00:00+10:00,demand_energy,6.9645,MWh
4200,NSW1,2025-10-25 00:00:00+10:00,demand_energy,6.6911,MWh
4201,NSW1,2025-10-25 01:00:00+10:00,demand_energy,6.3708,MWh
4202,NSW1,2025-10-25 02:00:00+10:00,demand_energy,6.1304,MWh
4203,NSW1,2025-10-25 03:00:00+10:00,demand_energy,6.1308,MWh
4204,NSW1,2025-10-25 04:00:00+10:00,demand_energy,6.1875,MWh
4205,NSW1,2025-10-25 05:00:00+10:00,demand_energy,6.3087,MWh
4206,NSW1,2025-10-25 06:00:00+10:00,demand_energy,6.1625,MWh
4207,NSW1,2025-10-25 07:00:00+10:00,demand_energy,5.9578,MWh
4208,NSW1,2025-10-25 08:00:00+10:00,demand_energy,5.581,MWh
4209,NSW1,2025-10-25 09:00:00+10:00,demand_energy,5.1887,MWh
4210,NSW1,2025-10-25 10:00:00+10:00,demand_energy,4.4914,MWh
4211,NSW1,2025-10-25 11:00:00+10:00,demand_energy,4.3874,MWh
4212,NSW1,2025-10-25 12:00:00+10:00,demand_energy,4.4339,MWh
4213,NSW1,2025-10-25 13:00:00+10:00,demand_energy,4.832,MWh
4214,NSW1,2025-10-25 14:00:00+10:00,demand_energy,5.7213,MWh
4215,NSW1,2025-10-25 15:00:00+10:00,demand_energy,6.1442,MWh
4216,NSW1,2025-10-25 16:00:00+10:00,demand_energy,6.7116,MWh
4217,NSW1,2025-10-25 17:00:00+10:00,demand_energy,7.3995,MWh
4218,NSW1,2025-10-25 18:00:00+10:00,demand_energy,7.7965,MWh
4219,NSW1,2025-10-25 19:00:00+10:00,demand_energy,7.6523,MWh
4220,NSW1,2025-10-25 20:00:00+10:00,demand_energy,7.3786,MWh
4221,NSW1,2025-10-25 21:00:00+10:00,demand_energy,7.156,MWh
4222,NSW1,2025-10-25 22:00:00+10:00,demand_energy,7.0103,MWh
4223,NSW1,2025-10-25 23:00:00+10:00,demand_energy,6.7687,MWh
4224,NSW1,2025-10-26 00:00:00+10:00,demand_energy,6.4816,MWh
4225,NSW1,2025-10-26 01:00:00+10:00,demand_energy,6.1605,MWh
4226,NSW1,2025-10-26 02:00:00+10:00,demand_energy,6.0216,MWh
4227,NSW1,2025-10-26 03:00:00+10:00,demand_energy,5.9181,MWh
4228,NSW1,2025-10-26 04:00:00+10:00,demand_energy,5.9718,MWh
4229,NSW1,2025-10-26 05:00:00+10:00,demand_energy,5.9579,MWh
4230,NSW1,2025-10-26 06:00:00+10:00,demand_energy,5.7494,MWh
4231,NSW1,2025-10-26 07:00:00+10:00,demand_energy,5.6832,MWh
4232,NSW1,2025-10-26 08:00:00+10:00,demand_energy,5.5998,MWh
4233,NSW1,2025-10-26 09:00:00+10:00,demand_energy,5.5553,MWh
4234,NSW1,2025-10-26 10:00:00+10:00,demand_energy,6.4281,MWh
4235,NSW1,2025-10-26 11:00:00+10:00,demand_energy,6.6883,MWh
4236,NSW1,2025-10-26 12:00:00+10:00,demand_energy,6.8793,MWh
4237,NSW1,2025-10-26 13:00:00+10:00,demand_energy,6.5089,MWh
4238,NSW1,2025-10-26 14:00:00+10:00,demand_energy,6.829,MWh
4239,NSW1,2025-10-26 15:00:00+10:00,demand_energy,6.7398,MWh
4240,NSW1,2025-10-26 16:00:00+10:00,demand_energy,7.2141,MWh
4241,NSW1,2025-10-26 17:00:00+10:00,demand_energy,7.6656,MWh
4242,NSW1,2025-10-26 18:00:00+10:00,demand_energy,8.0559,MWh
4243,NSW1,2025-10-26 19:00:00+10:00,demand_energy,7.9288,MWh
4244,NSW1,2025-10-26 20:00:00+10:00,demand_energy,7.5786,MWh
4245,NSW1,2025-10-26 21:00:00+10:00,demand_energy,7.2973,MWh
4246,NSW1,2025-10-26 22:00:00+10:00,demand_energy,7.0458,MWh
4247,NSW1,2025-10-26 23:00:00+10:00,demand_energy,6.7187,MWh
4248,NSW1,2025-10-27 00:00:00+10:00,demand_energy,6.4207,MWh
4249,NSW1,2025-10-27 01:00:00+10:00,demand_energy,6.1737,MWh
4250,NSW1,2025-10-27 02:00:00+10:00,demand_energy,6.0431,MWh
4251,NSW1,2025-10-27 03:00:00+10:00,demand_energy,6.1112,MWh
4252,NSW1,2025-10-27 04:00:00+10:00,demand_energy,6.3395,MWh
4253,NSW1,2025-10-27 05:00:00+10:00,demand_energy,6.8745,MWh
4254,NSW1,2025-10-27 06:00:00+10:00,demand_energy,6.9706,MWh
4255,NSW1,2025-10-27 07:00:00+10:00,demand_energy,6.4663,MWh
4256,NSW1,2025-10-27 08:00:00+10:00,demand_energy,5.5436,MWh
4257,NSW1,2025-10-27 09:00:00+10:00,demand_energy,5.3655,MWh
4258,NSW1,2025-10-27 10:00:00+10:00,demand_energy,5.5982,MWh
4259,NSW1,2025-10-27 11:00:00+10:00,demand_energy,5.7723,MWh
4260,NSW1,2025-10-27 12:00:00+10:00,demand_energy,5.8586,MWh
4261,NSW1,2025-10-27 13:00:00+10:00,demand_energy,5.7424,MWh
4262,NSW1,2025-10-27 14:00:00+10:00,demand_energy,5.6201,MWh
4263,NSW1,2025-10-27 15:00:00+10:00,demand_energy,6.8045,MWh
4264,NSW1,2025-10-27 16:00:00+10:00,demand_energy,7.8932,MWh
4265,NSW1,2025-10-27 17:00:00+10:00,demand_energy,8.4542,MWh
4266,NSW1,2025-10-27 18:00:00+10:00,demand_energy,8.436,MWh
4267,NSW1,2025-10-27 19:00:00+10:00,demand_energy,8.1962,MWh
4268,NSW1,2025-10-27 20:00:00+10:00,demand_energy,7.8601,MWh
4269,NSW1,2025-10-27 21:00:00+10:00,demand_energy,7.5506,MWh
4270,NSW1,2025-10-27 22:00:00+10:00,demand_energy,7.222,MWh
4271,NSW1,2025-10-27 23:00:00+10:00,demand_energy,6.9907,MWh
4272,NSW1,2025-10-28 00:00:00+10:00,demand_energy,6.7192,MWh
4273,NSW1,2025-10-28 01:00:00+10:00,demand_energy,6.4374,MWh
4274,NSW1,2025-10-28 02:00:00+10:00,demand_energy,6.2172,MWh
4275,NSW1,2025-10-28 03:00:00+10:00,demand_energy,6.2309,MWh
4276,NSW1,2025-10-28 04:00:00+10:00,demand_energy,5.3927,MWh
4277,NSW1,2025-10-28 05:00:00+10:00,demand_energy,7.1252,MWh
4278,NSW1,2025-10-28 06:00:00+10:00,demand_energy,7.0747,MWh
4279,NSW1,2025-10-28 07:00:00+10:00,demand_energy,1.9687,MWh
4280,NSW1,2025-10-28 08:00:00+10:00,demand_energy,6.1786,MWh
4281,NSW1,2025-10-28 09:00:00+10:00,demand_energy,7.3961,MWh
4282,NSW1,2025-10-28 10:00:00+10:00,demand_energy,7.4342,MWh
4283,NSW1,2025-10-28 11:00:00+10:00,demand_energy,7.7414,MWh
4284,NSW1,2025-10-28 12:00:00+10:00,demand_energy,7.08,MWh
4285,NSW1,2025-10-28 13:00:00+10:00,demand_energy,7.7615,MWh
4286,NSW1,2025-10-28 14:00:00+10:00,demand_energy,7.946,MWh
4287,NSW1,2025-10-28 15:00:00+10:00,demand_energy,8.3257,MWh
4288,NSW1,2025-10-28 16:00:00+10:00,demand_energy,8.7773,MWh
4289,NSW1,2025-10-28 17:00:00+10:00,demand_energy,9.0436,MWh
4290,NSW1,2025-10-28 18:00:00+10:00,demand_energy,8.9666,MWh
4291,NSW1,2025-10-28 19:00:00+10:00,demand_energy,8.7665,MWh
4292,NSW1,2025-10-28 20:00:00+10:00,demand_energy,8.2401,MWh
4293,NSW1,2025-10-28 21:00:00+10:00,demand_energy,7.8014,MWh
4294,NSW1,2025-10-28 22:00:00+10:00,demand_energy,7.4391,MWh
4295,NSW1,2025-10-28 23:00:00+10:00,demand_energy,7.2161,MWh
4296,NSW1,2025-10-29 00:00:00+10:00,demand_energy,6.943,MWh
4297,NSW1,2025-10-29 01:00:00+10:00,demand_energy,6.6207,MWh
4298,NSW1,2025-10-29 02:00:00+10:00,demand_energy,6.4452,MWh
4299,NSW1,2025-10-29 03:00:00+10:00,demand_energy,6.3804,MWh
4300,NSW1,2025-10-29 04:00:00+10:00,demand_energy,6.5986,MWh
4301,NSW1,2025-10-29 05:00:00+10:00,demand_energy,7.2582,MWh
4302,NSW1,2025-10-29 06:00:00+10:00,demand_energy,7.2158,MWh
4303,NSW1,2025-10-29 07:00:00+10:00,demand_energy,7.9161,MWh
4304,NSW1,2025-10-29 08:00:00+10:00,demand_energy,7.6653,MWh
4305,NSW1,2025-10-29 09:00:00+10:00,demand_energy,7.5877,MWh
4306,NSW1,2025-10-29 10:00:00+10:00,demand_energy,7.515,MWh
4307,NSW1,2025-10-29 11:00:00+10:00,demand_energy,7.2789,MWh
4308,NSW1,2025-10-29 12:00:00+10:00,demand_energy,7.0094,MWh
4309,NSW1,2025-10-29 13:00:00+10:00,demand_energy,6.9034,MWh
4310,NSW1,2025-10-29 14:00:00+10:00,demand_energy,6.9264,MWh
4311,NSW1,2025-10-29 15:00:00+10:00,demand_energy,7.2359,MWh
4312,NSW1,2025-10-29 16:00:00+10:00,demand_energy,7.8605,MWh
4313,NSW1,2025-10-29 17:00:00+10:00,demand_energy,8.5148,MWh
4314,NSW1,2025-10-29 18:00:00+10:00,demand_energy,7.964,MWh
4315,NSW1,2025-10-29 19:00:00+10:00,demand_energy,8.6302,MWh
4316,NSW1,2025-10-29 20:00:00+10:00,demand_energy,8.1533,MWh
4317,NSW1,2025-10-29 21:00:00+10:00,demand_energy,7.7817,MWh
4318,NSW1,2025-10-29 22:00:00+10:00,demand_energy,7.4259,MWh
4319,NSW1,2025-10-29 23:00:00+10:00,demand_energy,7.1076,MWh
4320,NSW1,2025-10-30 00:00:00+10:00,demand_energy,6.8811,MWh
4321,NSW1,2025-10-30 01:00:00+10:00,demand_energy,6.5747,MWh
4322,NSW1,2025-10-30 02:00:00+10:00,demand_energy,6.4269,MWh
4323,NSW1,2025-10-30 03:00:00+10:00,demand_energy,6.3777,MWh
4324,NSW1,2025-10-30 04:00:00+10:00,demand_energy,6.6302,MWh
4325,NSW1,2025-10-30 05:00:00+10:00,demand_energy,7.1522,MWh
4326,NSW1,2025-10-30 06:00:00+10:00,demand_energy,7.2546,MWh
4327,NSW1,2025-10-30 07:00:00+10:00,demand_energy,6.603,MWh
4328,NSW1,2025-10-30 08:00:00+10:00,demand_energy,5.6562,MWh
4329,NSW1,2025-10-30 09:00:00+10:00,demand_energy,5.3448,MWh
4330,NSW1,2025-10-30 10:00:00+10:00,demand_energy,5.3905,MWh
4331,NSW1,2025-10-30 11:00:00+10:00,demand_energy,4.7936,MWh
4332,NSW1,2025-10-30 12:00:00+10:00,demand_energy,5.0897,MWh
4333,NSW1,2025-10-30 13:00:00+10:00,demand_energy,5.0114,MWh
4334,NSW1,2025-10-30 14:00:00+10:00,demand_energy,5.2553,MWh
4335,NSW1,2025-10-30 15:00:00+10:00,demand_energy,6.2736,MWh
4336,NSW1,2025-10-30 16:00:00+10:00,demand_energy,7.1614,MWh
4337,NSW1,2025-10-30 17:00:00+10:00,demand_energy,7.8717,MWh
4338,NSW1,2025-10-30 18:00:00+10:00,demand_energy,8.2434,MWh
4339,NSW1,2025-10-30 19:00:00+10:00,demand_energy,8.2195,MWh
4340,NSW1,2025-10-30 20:00:00+10:00,demand_energy,7.9442,MWh
4341,NSW1,2025-10-30 21:00:00+10:00,demand_energy,7.6377,MWh
4342,NSW1,2025-10-30 22:00:00+10:00,demand_energy,7.3666,MWh
4343,NSW1,2025-10-30 23:00:00+10:00,demand_energy,7.1192,MWh
4344,NSW1,2025-10-31 00:00:00+10:00,demand_energy,6.8028,MWh
4345,NSW1,2025-10-31 01:00:00+10:00,demand_energy,6.5301,MWh
4346,NSW1,2025-10-31 02:00:00+10:00,demand_energy,6.3166,MWh
4347,NSW1,2025-10-31 03:00:00+10:00,demand_energy,6.3494,MWh
4348,NSW1,2025-10-31 04:00:00+10:00,demand_energy,6.6022,MWh
4349,NSW1,2025-10-31 05:00:00+10:00,demand_energy,7.1033,MWh
4350,NSW1,2025-10-31 06:00:00+10:00,demand_energy,7.0524,MWh
4351,NSW1,2025-10-31 07:00:00+10:00,demand_energy,6.4748,MWh
4352,NSW1,2025-10-31 08:00:00+10:00,demand_energy,5.7457,MWh
4353,NSW1,2025-10-31 09:00:00+10:00,demand_energy,5.1194,MWh
4354,NSW1,2025-10-31 10:00:00+10:00,demand_energy,4.8119,MWh
4355,NSW1,2025-10-31 11:00:00+10:00,demand_energy,4.7695,MWh
4356,NSW1,2025-10-31 12:00:00+10:00,demand_energy,4.7364,MWh
4357,NSW1,2025-10-31 13:00:00+10:00,demand_energy,5.0973,MWh
4358,NSW1,2025-10-31 14:00:00+10:00,demand_energy,6.2554,MWh
4359,NSW1,2025-10-31 15:00:00+10:00,demand_energy,7.215,MWh
4360,NSW1,2025-10-31 16:00:00+10:00,demand_energy,7.9514,MWh
4361,NSW1,2025-10-31 17:00:00+10:00,demand_energy,8.4066,MWh
4362,NSW1,2025-10-31 18:00:00+10:00,demand_energy,8.3032,MWh
4363,NSW1,2025-10-31 19:00:00+10:00,demand_energy,8.0954,MWh
4364,NSW1,2025-10-31 20:00:00+10:00,demand_energy,7.7142,MWh
4365,NSW1,2025-10-31 21:00:00+10:00,demand_energy,7.5107,MWh
4366,NSW1,2025-10-31 22:00:00+10:00,demand_energy,7.3343,MWh
4367,NSW1,2025-10-31 23:00:00+10:00,demand_energy,7.0008,MWh
4368,NSW1,2025-11-01 00:00:00+10:00,demand_energy,6.7833,MWh
4369,NSW1,2025-11-01 01:00:00+10:00,demand_energy,6.4907,MWh
4370,NSW1,2025-11-01 02:00:00+10:00,demand_energy,6.2945,MWh
4371,NSW1,2025-11-01 03:00:00+10:00,demand_energy,6.1279,MWh
4372,NSW1,2025-11-01 04:00:00+10:00,demand_energy,6.1978,MWh
4373,NSW1,2025-11-01 05:00:00+10:00,demand_energy,6.3335,MWh
4374,NSW1,2025-11-01 06:00:00+10:00,demand_energy,6.2129,MWh
4375,NSW1,2025-11-01 07:00:00+10:00,demand_energy,5.8864,MWh
4376,NSW1,2025-11-01 08:00:00+10:00,demand_energy,6.642,MWh
4377,NSW1,2025-11-01 09:00:00+10:00,demand_energy,6.2844,MWh
4378,NSW1,2025-11-01 10:00:00+10:00,demand_energy,6.2536,MWh
4379,NSW1,2025-11-01 11:00:00+10:00,demand_energy,5.959,MWh
4380,NSW1,2025-11-01 12:00:00+10:00,demand_energy,5.6481,MWh
4381,NSW1,2025-11-01 13:00:00+10:00,demand_energy,5.9678,MWh
4382,NSW1,2025-11-01 14:00:00+10:00,demand_energy,6.2671,MWh
4383,NSW1,2025-11-01 15:00:00+10:00,demand_energy,6.2431,MWh
4384,NSW1,2025-11-01 16:00:00+10:00,demand_energy,6.7733,MWh
4385,NSW1,2025-11-01 17:00:00+10:00,demand_energy,7.5795,MWh
4386,NSW1,2025-11-01 18:00:00+10:00,demand_energy,7.8133,MWh
4387,NSW1,2025-11-01 19:00:00+10:00,demand_energy,7.7495,MWh
4388,NSW1,2025-11-01 20:00:00+10:00,demand_energy,7.4956,MWh
4389,NSW1,2025-11-01 21:00:00+10:00,demand_energy,7.2826,MWh
4390,NSW1,2025-11-01 22:00:00+10:00,demand_energy,7.1123,MWh
4391,NSW1,2025-11-01 23:00:00+10:00,demand_energy,6.8049,MWh
4392,NSW1,2025-11-02 00:00:00+10:00,demand_energy,6.5536,MWh
4393,NSW1,2025-11-02 01:00:00+10:00,demand_energy,6.2825,MWh
4394,NSW1,2025-11-02 02:00:00+10:00,demand_energy,6.1076,MWh
4395,NSW1,2025-11-02 03:00:00+10:00,demand_energy,5.9941,MWh
4396,NSW1,2025-11-02 04:00:00+10:00,demand_energy,6.0252,MWh
4397,NSW1,2025-11-02 05:00:00+10:00,demand_energy,6.0419,MWh
4398,NSW1,2025-11-02 06:00:00+10:00,demand_energy,6.0091,MWh
4399,NSW1,2025-11-02 07:00:00+10:00,demand_energy,5.9328,MWh
4400,NSW1,2025-11-02 08:00:00+10:00,demand_energy,5.3196,MWh
4401,NSW1,2025-11-02 09:00:00+10:00,demand_energy,5.8418,MWh
4402,NSW1,2025-11-02 10:00:00+10:00,demand_energy,5.6865,MWh
4403,NSW1,2025-11-02 11:00:00+10:00,demand_energy,5.3206,MWh
4404,NSW1,2025-11-02 12:00:00+10:00,demand_energy,4.677,MWh
4405,NSW1,2025-11-02 13:00:00+10:00,demand_energy,4.6429,MWh
4406,NSW1,2025-11-02 14:00:00+10:00,demand_energy,5.3305,MWh
4407,NSW1,2025-11-02 15:00:00+10:00,demand_energy,6.1614,MWh
4408,NSW1,2025-11-02 16:00:00+10:00,demand_energy,7.1587,MWh
4409,NSW1,2025-11-02 17:00:00+10:00,demand_energy,8.1293,MWh
4410,NSW1,2025-11-02 18:00:00+10:00,demand_energy,8.3788,MWh
4411,NSW1,2025-11-02 19:00:00+10:00,demand_energy,8.2392,MWh
4412,NSW1,2025-11-02 20:00:00+10:00,demand_energy,7.8822,MWh
4413,NSW1,2025-11-02 21:00:00+10:00,demand_energy,7.5081,MWh
4414,NSW1,2025-11-02 22:00:00+10:00,demand_energy,7.2312,MWh
4415,NSW1,2025-11-02 23:00:00+10:00,demand_energy,6.9349,MWh
4416,NSW1,2025-11-03 00:00:00+10:00,demand_energy,6.6447,MWh
4417,NSW1,2025-11-03 01:00:00+10:00,demand_energy,6.369,MWh
4418,NSW1,2025-11-03 02:00:00+10:00,demand_energy,6.1709,MWh
4419,NSW1,2025-11-03 03:00:00+10:00,demand_energy,6.2262,MWh
4420,NSW1,2025-11-03 04:00:00+10:00,demand_energy,6.4928,MWh
4421,NSW1,2025-11-03 05:00:00+10:00,demand_energy,6.9852,MWh
4422,NSW1,2025-11-03 06:00:00+10:00,demand_energy,7.292,MWh
4423,NSW1,2025-11-03 07:00:00+10:00,demand_energy,7.3114,MWh
4424,NSW1,2025-11-03 08:00:00+10:00,demand_energy,6.6504,MWh
4425,NSW1,2025-11-03 09:00:00+10:00,demand_energy,5.7805,MWh
4426,NSW1,2025-11-03 10:00:00+10:00,demand_energy,5.3969,MWh
4427,NSW1,2025-11-03 11:00:00+10:00,demand_energy,5.6324,MWh
4428,NSW1,2025-11-03 12:00:00+10:00,demand_energy,6.0911,MWh
4429,NSW1,2025-11-03 13:00:00+10:00,demand_energy,6.8193,MWh
4430,NSW1,2025-11-03 14:00:00+10:00,demand_energy,8.0643,MWh
4431,NSW1,2025-11-03 15:00:00+10:00,demand_energy,9.2658,MWh
4432,NSW1,2025-11-03 16:00:00+10:00,demand_energy,9.9016,MWh
4433,NSW1,2025-11-03 17:00:00+10:00,demand_energy,9.9693,MWh
4434,NSW1,2025-11-03 18:00:00+10:00,demand_energy,9.4583,MWh
4435,NSW1,2025-11-03 19:00:00+10:00,demand_energy,9.0819,MWh
4436,NSW1,2025-11-03 20:00:00+10:00,demand_energy,8.5421,MWh
4437,NSW1,2025-11-03 21:00:00+10:00,demand_energy,8.0565,MWh
4438,NSW1,2025-11-03 22:00:00+10:00,demand_energy,7.6062,MWh
4439,NSW1,2025-11-03 23:00:00+10:00,demand_energy,7.2051,MWh
4440,NSW1,2025-11-04 00:00:00+10:00,demand_energy,6.8083,MWh
4441,NSW1,2025-11-04 01:00:00+10:00,demand_energy,6.4595,MWh
4442,NSW1,2025-11-04 02:00:00+10:00,demand_energy,6.3099,MWh
4443,NSW1,2025-11-04 03:00:00+10:00,demand_energy,6.3383,MWh
4444,NSW1,2025-11-04 04:00:00+10:00,demand_energy,6.5486,MWh
4445,NSW1,2025-11-04 05:00:00+10:00,demand_energy,7.0944,MWh
4446,NSW1,2025-11-04 06:00:00+10:00,demand_energy,7.3375,MWh
4447,NSW1,2025-11-04 07:00:00+10:00,demand_energy,6.5457,MWh
4448,NSW1,2025-11-04 08:00:00+10:00,demand_energy,5.9445,MWh
4449,NSW1,2025-11-04 09:00:00+10:00,demand_energy,5.6769,MWh
4450,NSW1,2025-11-04 10:00:00+10:00,demand_energy,5.4071,MWh
4451,NSW1,2025-11-04 11:00:00+10:00,demand_energy,5.6882,MWh
4452,NSW1,2025-11-04 12:00:00+10:00,demand_energy,5.3832,MWh
4453,NSW1,2025-11-04 13:00:00+10:00,demand_energy,5.4772,MWh
4454,NSW1,2025-11-04 14:00:00+10:00,demand_energy,5.3594,MWh
4455,NSW1,2025-11-04 15:00:00+10:00,demand_energy,5.4393,MWh
4456,NSW1,2025-11-04 16:00:00+10:00,demand_energy,6.718,MWh
4457,NSW1,2025-11-04 17:00:00+10:00,demand_energy,3.2384,MWh
4458,QLD1,2025-10-04 19:00:00+10:00,demand_energy,6.7471,MWh
4459,QLD1,2025-10-04 20:00:00+10:00,demand_energy,6.5161,MWh
4460,QLD1,2025-10-04 21:00:00+10:00,demand_energy,6.4411,MWh
4461,QLD1,2025-10-04 22:00:00+10:00,demand_energy,6.1489,MWh
4462,QLD1,2025-10-04 23:00:00+10:00,demand_energy,5.8887,MWh
4463,QLD1,2025-10-05 00:00:00+10:00,demand_energy,5.6306,MWh
4464,QLD1,2025-10-05 01:00:00+10:00,demand_energy,5.4356,MWh
4465,QLD1,2025-10-05 02:00:00+10:00,demand_energy,5.3455,MWh
4466,QLD1,2025-10-05 03:00:00+10:00,demand_energy,5.315,MWh
4467,QLD1,2025-10-05 04:00:00+10:00,demand_energy,5.3374,MWh
4468,QLD1,2025-10-05 05:00:00+10:00,demand_energy,5.3321,MWh
4469,QLD1,2025-10-05 06:00:00+10:00,demand_energy,4.9811,MWh
4470,QLD1,2025-10-05 07:00:00+10:00,demand_energy,4.3558,MWh
4471,QLD1,2025-10-05 08:00:00+10:00,demand_energy,3.7056,MWh
4472,QLD1,2025-10-05 09:00:00+10:00,demand_energy,3.2762,MWh
4473,QLD1,2025-10-05 10:00:00+10:00,demand_energy,3.0403,MWh
4474,QLD1,2025-10-05 11:00:00+10:00,demand_energy,3.0067,MWh
4475,QLD1,2025-10-05 12:00:00+10:00,demand_energy,3.0929,MWh
4476,QLD1,2025-10-05 13:00:00+10:00,demand_energy,3.2279,MWh
4477,QLD1,2025-10-05 14:00:00+10:00,demand_energy,3.8389,MWh
4478,QLD1,2025-10-05 15:00:00+10:00,demand_energy,4.7743,MWh
4479,QLD1,2025-10-05 16:00:00+10:00,demand_energy,5.9185,MWh
4480,QLD1,2025-10-05 17:00:00+10:00,demand_energy,6.8049,MWh
4481,QLD1,2025-10-05 18:00:00+10:00,demand_energy,7.0501,MWh
4482,QLD1,2025-10-05 19:00:00+10:00,demand_energy,6.7188,MWh
4483,QLD1,2025-10-05 20:00:00+10:00,demand_energy,6.442,MWh
4484,QLD1,2025-10-05 21:00:00+10:00,demand_energy,6.5219,MWh
4485,QLD1,2025-10-05 22:00:00+10:00,demand_energy,6.1713,MWh
4486,QLD1,2025-10-05 23:00:00+10:00,demand_energy,5.8692,MWh
4487,QLD1,2025-10-06 00:00:00+10:00,demand_energy,5.6342,MWh
4488,QLD1,2025-10-06 01:00:00+10:00,demand_energy,5.4464,MWh
4489,QLD1,2025-10-06 02:00:00+10:00,demand_energy,5.3521,MWh
4490,QLD1,2025-10-06 03:00:00+10:00,demand_energy,5.326,MWh
4491,QLD1,2025-10-06 04:00:00+10:00,demand_energy,5.3036,MWh
4492,QLD1,2025-10-06 05:00:00+10:00,demand_energy,5.3607,MWh
4493,QLD1,2025-10-06 06:00:00+10:00,demand_energy,4.988,MWh
4494,QLD1,2025-10-06 07:00:00+10:00,demand_energy,4.3821,MWh
4495,QLD1,2025-10-06 08:00:00+10:00,demand_energy,3.7504,MWh
4496,QLD1,2025-10-06 09:00:00+10:00,demand_energy,3.2701,MWh
4497,QLD1,2025-10-06 10:00:00+10:00,demand_energy,3.0423,MWh
4498,QLD1,2025-10-06 11:00:00+10:00,demand_energy,3.1202,MWh
4499,QLD1,2025-10-06 12:00:00+10:00,demand_energy,3.3393,MWh
4500,QLD1,2025-10-06 13:00:00+10:00,demand_energy,3.6348,MWh
4501,QLD1,2025-10-06 14:00:00+10:00,demand_energy,4.311,MWh
4502,QLD1,2025-10-06 15:00:00+10:00,demand_energy,5.391,MWh
4503,QLD1,2025-10-06 16:00:00+10:00,demand_energy,6.5428,MWh
4504,QLD1,2025-10-06 17:00:00+10:00,demand_energy,7.371,MWh
4505,QLD1,2025-10-06 18:00:00+10:00,demand_energy,7.6146,MWh
4506,QLD1,2025-10-06 19:00:00+10:00,demand_energy,7.3968,MWh
4507,QLD1,2025-10-06 20:00:00+10:00,demand_energy,7.0429,MWh
4508,QLD1,2025-10-06 21:00:00+10:00,demand_energy,6.8448,MWh
4509,QLD1,2025-10-06 22:00:00+10:00,demand_energy,6.4154,MWh
4510,QLD1,2025-10-06 23:00:00+10:00,demand_energy,6.0183,MWh
4511,QLD1,2025-10-07 00:00:00+10:00,demand_energy,5.7428,MWh
4512,QLD1,2025-10-07 01:00:00+10:00,demand_energy,5.54,MWh
4513,QLD1,2025-10-07 02:00:00+10:00,demand_energy,5.431,MWh
4514,QLD1,2025-10-07 03:00:00+10:00,demand_energy,5.4187,MWh
4515,QLD1,2025-10-07 04:00:00+10:00,demand_energy,5.5541,MWh
4516,QLD1,2025-10-07 05:00:00+10:00,demand_energy,5.7751,MWh
4517,QLD1,2025-10-07 06:00:00+10:00,demand_energy,5.7841,MWh
4518,QLD1,2025-10-07 07:00:00+10:00,demand_energy,5.4187,MWh
4519,QLD1,2025-10-07 08:00:00+10:00,demand_energy,4.8212,MWh
4520,QLD1,2025-10-07 09:00:00+10:00,demand_energy,4.2098,MWh
4521,QLD1,2025-10-07 10:00:00+10:00,demand_energy,3.9623,MWh
4522,QLD1,2025-10-07 11:00:00+10:00,demand_energy,4.0816,MWh
4523,QLD1,2025-10-07 12:00:00+10:00,demand_energy,4.2997,MWh
4524,QLD1,2025-10-07 13:00:00+10:00,demand_energy,4.6644,MWh
4525,QLD1,2025-10-07 14:00:00+10:00,demand_energy,5.2246,MWh
4526,QLD1,2025-10-07 15:00:00+10:00,demand_energy,6.1892,MWh
4527,QLD1,2025-10-07 16:00:00+10:00,demand_energy,7.1874,MWh
4528,QLD1,2025-10-07 17:00:00+10:00,demand_energy,7.777,MWh
4529,QLD1,2025-10-07 18:00:00+10:00,demand_energy,7.9507,MWh
4530,QLD1,2025-10-07 19:00:00+10:00,demand_energy,7.6329,MWh
4531,QLD1,2025-10-07 20:00:00+10:00,demand_energy,7.3256,MWh
4532,QLD1,2025-10-07 21:00:00+10:00,demand_energy,7.1191,MWh
4533,QLD1,2025-10-07 22:00:00+10:00,demand_energy,6.6402,MWh
4534,QLD1,2025-10-07 23:00:00+10:00,demand_energy,6.2236,MWh
4535,QLD1,2025-10-08 00:00:00+10:00,demand_energy,6.0422,MWh
4536,QLD1,2025-10-08 01:00:00+10:00,demand_energy,5.7376,MWh
4537,QLD1,2025-10-08 02:00:00+10:00,demand_energy,5.5763,MWh
4538,QLD1,2025-10-08 03:00:00+10:00,demand_energy,5.5378,MWh
4539,QLD1,2025-10-08 04:00:00+10:00,demand_energy,5.669,MWh
4540,QLD1,2025-10-08 05:00:00+10:00,demand_energy,5.919,MWh
4541,QLD1,2025-10-08 06:00:00+10:00,demand_energy,5.9021,MWh
4542,QLD1,2025-10-08 07:00:00+10:00,demand_energy,5.5815,MWh
4543,QLD1,2025-10-08 08:00:00+10:00,demand_energy,4.9022,MWh
4544,QLD1,2025-10-08 09:00:00+10:00,demand_energy,4.2271,MWh
4545,QLD1,2025-10-08 10:00:00+10:00,demand_energy,3.9902,MWh
4546,QLD1,2025-10-08 11:00:00+10:00,demand_energy,4.0781,MWh
4547,QLD1,2025-10-08 12:00:00+10:00,demand_energy,4.3933,MWh
4548,QLD1,2025-10-08 13:00:00+10:00,demand_energy,4.5805,MWh
4549,QLD1,2025-10-08 14:00:00+10:00,demand_energy,5.1134,MWh
4550,QLD1,2025-10-08 15:00:00+10:00,demand_energy,6.0643,MWh
4551,QLD1,2025-10-08 16:00:00+10:00,demand_energy,7.1629,MWh
4552,QLD1,2025-10-08 17:00:00+10:00,demand_energy,7.8821,MWh
4553,QLD1,2025-10-08 18:00:00+10:00,demand_energy,7.9526,MWh
4554,QLD1,2025-10-08 19:00:00+10:00,demand_energy,7.6631,MWh
4555,QLD1,2025-10-08 20:00:00+10:00,demand_energy,7.459,MWh
4556,QLD1,2025-10-08 21:00:00+10:00,demand_energy,7.2516,MWh
4557,QLD1,2025-10-08 22:00:00+10:00,demand_energy,6.7499,MWh
4558,QLD1,2025-10-08 23:00:00+10:00,demand_energy,6.32,MWh
4559,QLD1,2025-10-09 00:00:00+10:00,demand_energy,5.9755,MWh
4560,QLD1,2025-10-09 01:00:00+10:00,demand_energy,5.7567,MWh
4561,QLD1,2025-10-09 02:00:00+10:00,demand_energy,5.6538,MWh
4562,QLD1,2025-10-09 03:00:00+10:00,demand_energy,5.6175,MWh
4563,QLD1,2025-10-09 04:00:00+10:00,demand_energy,5.7352,MWh
4564,QLD1,2025-10-09 05:00:00+10:00,demand_energy,5.9338,MWh
4565,QLD1,2025-10-09 06:00:00+10:00,demand_energy,5.9077,MWh
4566,QLD1,2025-10-09 07:00:00+10:00,demand_energy,5.5664,MWh
4567,QLD1,2025-10-09 08:00:00+10:00,demand_energy,4.9505,MWh
4568,QLD1,2025-10-09 09:00:00+10:00,demand_energy,4.3867,MWh
4569,QLD1,2025-10-09 10:00:00+10:00,demand_energy,4.1259,MWh
4570,QLD1,2025-10-09 11:00:00+10:00,demand_energy,4.2211,MWh
4571,QLD1,2025-10-09 12:00:00+10:00,demand_energy,4.4403,MWh
4572,QLD1,2025-10-09 13:00:00+10:00,demand_energy,4.7408,MWh
4573,QLD1,2025-10-09 14:00:00+10:00,demand_energy,5.3461,MWh
4574,QLD1,2025-10-09 15:00:00+10:00,demand_energy,6.2761,MWh
4575,QLD1,2025-10-09 16:00:00+10:00,demand_energy,7.4562,MWh
4576,QLD1,2025-10-09 17:00:00+10:00,demand_energy,8.0319,MWh
4577,QLD1,2025-10-09 18:00:00+10:00,demand_energy,8.1696,MWh
4578,QLD1,2025-10-09 19:00:00+10:00,demand_energy,7.9595,MWh
4579,QLD1,2025-10-09 20:00:00+10:00,demand_energy,7.6115,MWh
4580,QLD1,2025-10-09 21:00:00+10:00,demand_energy,7.324,MWh
4581,QLD1,2025-10-09 22:00:00+10:00,demand_energy,6.7902,MWh
4582,QLD1,2025-10-09 23:00:00+10:00,demand_energy,6.3803,MWh
4583,QLD1,2025-10-10 00:00:00+10:00,demand_energy,6.1128,MWh
4584,QLD1,2025-10-10 01:00:00+10:00,demand_energy,5.8978,MWh
4585,QLD1,2025-10-10 02:00:00+10:00,demand_energy,5.7475,MWh
4586,QLD1,2025-10-10 03:00:00+10:00,demand_energy,5.725,MWh
4587,QLD1,2025-10-10 04:00:00+10:00,demand_energy,5.8113,MWh
4588,QLD1,2025-10-10 05:00:00+10:00,demand_energy,6.0421,MWh
4589,QLD1,2025-10-10 06:00:00+10:00,demand_energy,6.0679,MWh
4590,QLD1,2025-10-10 07:00:00+10:00,demand_energy,5.8523,MWh
4591,QLD1,2025-10-10 08:00:00+10:00,demand_energy,5.3251,MWh
4592,QLD1,2025-10-10 09:00:00+10:00,demand_energy,4.9991,MWh
4593,QLD1,2025-10-10 10:00:00+10:00,demand_energy,4.7164,MWh
4594,QLD1,2025-10-10 11:00:00+10:00,demand_energy,4.5838,MWh
4595,QLD1,2025-10-10 12:00:00+10:00,demand_energy,4.5605,MWh
4596,QLD1,2025-10-10 13:00:00+10:00,demand_energy,4.7406,MWh
4597,QLD1,2025-10-10 14:00:00+10:00,demand_energy,5.3124,MWh
4598,QLD1,2025-10-10 15:00:00+10:00,demand_energy,6.2543,MWh
4599,QLD1,2025-10-10 16:00:00+10:00,demand_energy,7.317,MWh
4600,QLD1,2025-10-10 17:00:00+10:00,demand_energy,7.8921,MWh
4601,QLD1,2025-10-10 18:00:00+10:00,demand_energy,7.8184,MWh
4602,QLD1,2025-10-10 19:00:00+10:00,demand_energy,7.598,MWh
4603,QLD1,2025-10-10 20:00:00+10:00,demand_energy,7.2933,MWh
4604,QLD1,2025-10-10 21:00:00+10:00,demand_energy,7.1159,MWh
4605,QLD1,2025-10-10 22:00:00+10:00,demand_energy,6.6694,MWh
4606,QLD1,2025-10-10 23:00:00+10:00,demand_energy,6.3314,MWh
4607,QLD1,2025-10-11 00:00:00+10:00,demand_energy,5.9997,MWh
4608,QLD1,2025-10-11 01:00:00+10:00,demand_energy,5.7449,MWh
4609,QLD1,2025-10-11 02:00:00+10:00,demand_energy,5.5976,MWh
4610,QLD1,2025-10-11 03:00:00+10:00,demand_energy,5.5478,MWh
4611,QLD1,2025-10-11 04:00:00+10:00,demand_energy,5.5855,MWh
4612,QLD1,2025-10-11 05:00:00+10:00,demand_energy,5.6311,MWh
4613,QLD1,2025-10-11 06:00:00+10:00,demand_energy,5.3091,MWh
4614,QLD1,2025-10-11 07:00:00+10:00,demand_energy,4.923,MWh
4615,QLD1,2025-10-11 08:00:00+10:00,demand_energy,4.4574,MWh
4616,QLD1,2025-10-11 09:00:00+10:00,demand_energy,3.8244,MWh
4617,QLD1,2025-10-11 10:00:00+10:00,demand_energy,3.4872,MWh
4618,QLD1,2025-10-11 11:00:00+10:00,demand_energy,3.765,MWh
4619,QLD1,2025-10-11 12:00:00+10:00,demand_energy,4.0274,MWh
4620,QLD1,2025-10-11 13:00:00+10:00,demand_energy,4.4169,MWh
4621,QLD1,2025-10-11 14:00:00+10:00,demand_energy,5.1388,MWh
4622,QLD1,2025-10-11 15:00:00+10:00,demand_energy,6.1691,MWh
4623,QLD1,2025-10-11 16:00:00+10:00,demand_energy,7.1024,MWh
4624,QLD1,2025-10-11 17:00:00+10:00,demand_energy,7.7992,MWh
4625,QLD1,2025-10-11 18:00:00+10:00,demand_energy,7.9682,MWh
4626,QLD1,2025-10-11 19:00:00+10:00,demand_energy,7.7421,MWh
4627,QLD1,2025-10-11 20:00:00+10:00,demand_energy,7.3739,MWh
4628,QLD1,2025-10-11 21:00:00+10:00,demand_energy,7.0828,MWh
4629,QLD1,2025-10-11 22:00:00+10:00,demand_energy,6.6579,MWh
4630,QLD1,2025-10-11 23:00:00+10:00,demand_energy,6.3467,MWh
4631,QLD1,2025-10-12 00:00:00+10:00,demand_energy,6.0747,MWh
4632,QLD1,2025-10-12 01:00:00+10:00,demand_energy,5.8595,MWh
4633,QLD1,2025-10-12 02:00:00+10:00,demand_energy,5.6983,MWh
4634,QLD1,2025-10-12 03:00:00+10:00,demand_energy,5.6119,MWh
4635,QLD1,2025-10-12 04:00:00+10:00,demand_energy,5.6172,MWh
4636,QLD1,2025-10-12 05:00:00+10:00,demand_energy,5.1365,MWh
4637,QLD1,2025-10-12 06:00:00+10:00,demand_energy,5.3319,MWh
4638,QLD1,2025-10-12 07:00:00+10:00,demand_energy,5.0363,MWh
4639,QLD1,2025-10-12 08:00:00+10:00,demand_energy,4.4633,MWh
4640,QLD1,2025-10-12 09:00:00+10:00,demand_energy,4.6757,MWh
4641,QLD1,2025-10-12 10:00:00+10:00,demand_energy,4.6454,MWh
4642,QLD1,2025-10-12 11:00:00+10:00,demand_energy,4.377,MWh
4643,QLD1,2025-10-12 12:00:00+10:00,demand_energy,4.5108,MWh
4644,QLD1,2025-10-12 13:00:00+10:00,demand_energy,5.1232,MWh
4645,QLD1,2025-10-12 14:00:00+10:00,demand_energy,5.7385,MWh
4646,QLD1,2025-10-12 15:00:00+10:00,demand_energy,6.9401,MWh
4647,QLD1,2025-10-12 16:00:00+10:00,demand_energy,7.7774,MWh
4648,QLD1,2025-10-12 17:00:00+10:00,demand_energy,8.0883,MWh
4649,QLD1,2025-10-12 18:00:00+10:00,demand_energy,8.2277,MWh
4650,QLD1,2025-10-12 19:00:00+10:00,demand_energy,7.928,MWh
4651,QLD1,2025-10-12 20:00:00+10:00,demand_energy,7.6253,MWh
4652,QLD1,2025-10-12 21:00:00+10:00,demand_energy,7.3586,MWh
4653,QLD1,2025-10-12 22:00:00+10:00,demand_energy,6.8102,MWh
4654,QLD1,2025-10-12 23:00:00+10:00,demand_energy,6.4234,MWh
4655,QLD1,2025-10-13 00:00:00+10:00,demand_energy,6.1239,MWh
4656,QLD1,2025-10-13 01:00:00+10:00,demand_energy,5.8979,MWh
4657,QLD1,2025-10-13 02:00:00+10:00,demand_energy,5.7799,MWh
4658,QLD1,2025-10-13 03:00:00+10:00,demand_energy,5.773,MWh
4659,QLD1,2025-10-13 04:00:00+10:00,demand_energy,5.8659,MWh
4660,QLD1,2025-10-13 05:00:00+10:00,demand_energy,6.0628,MWh
4661,QLD1,2025-10-13 06:00:00+10:00,demand_energy,6.3815,MWh
4662,QLD1,2025-10-13 07:00:00+10:00,demand_energy,6.3897,MWh
4663,QLD1,2025-10-13 08:00:00+10:00,demand_energy,6.2209,MWh
4664,QLD1,2025-10-13 09:00:00+10:00,demand_energy,5.8584,MWh
4665,QLD1,2025-10-13 10:00:00+10:00,demand_energy,5.5467,MWh
4666,QLD1,2025-10-13 11:00:00+10:00,demand_energy,5.4824,MWh
4667,QLD1,2025-10-13 12:00:00+10:00,demand_energy,5.5848,MWh
4668,QLD1,2025-10-13 13:00:00+10:00,demand_energy,5.6088,MWh
4669,QLD1,2025-10-13 14:00:00+10:00,demand_energy,5.9185,MWh
4670,QLD1,2025-10-13 15:00:00+10:00,demand_energy,6.5633,MWh
4671,QLD1,2025-10-13 16:00:00+10:00,demand_energy,7.4995,MWh
4672,QLD1,2025-10-13 17:00:00+10:00,demand_energy,8.1979,MWh
4673,QLD1,2025-10-13 18:00:00+10:00,demand_energy,8.344,MWh
4674,QLD1,2025-10-13 19:00:00+10:00,demand_energy,8.0598,MWh
4675,QLD1,2025-10-13 20:00:00+10:00,demand_energy,7.7031,MWh
4676,QLD1,2025-10-13 21:00:00+10:00,demand_energy,7.4515,MWh
4677,QLD1,2025-10-13 22:00:00+10:00,demand_energy,6.9244,MWh
4678,QLD1,2025-10-13 23:00:00+10:00,demand_energy,6.3762,MWh
4679,QLD1,2025-10-14 00:00:00+10:00,demand_energy,6.0563,MWh
4680,QLD1,2025-10-14 01:00:00+10:00,demand_energy,5.8279,MWh
4681,QLD1,2025-10-14 02:00:00+10:00,demand_energy,5.7035,MWh
4682,QLD1,2025-10-14 03:00:00+10:00,demand_energy,5.6391,MWh
4683,QLD1,2025-10-14 04:00:00+10:00,demand_energy,5.7352,MWh
4684,QLD1,2025-10-14 05:00:00+10:00,demand_energy,5.9833,MWh
4685,QLD1,2025-10-14 06:00:00+10:00,demand_energy,6.0804,MWh
4686,QLD1,2025-10-14 07:00:00+10:00,demand_energy,5.8046,MWh
4687,QLD1,2025-10-14 08:00:00+10:00,demand_energy,5.1978,MWh
4688,QLD1,2025-10-14 09:00:00+10:00,demand_energy,5.083,MWh
4689,QLD1,2025-10-14 10:00:00+10:00,demand_energy,5.0004,MWh
4690,QLD1,2025-10-14 11:00:00+10:00,demand_energy,4.7494,MWh
4691,QLD1,2025-10-14 12:00:00+10:00,demand_energy,4.8229,MWh
4692,QLD1,2025-10-14 13:00:00+10:00,demand_energy,5.1756,MWh
4693,QLD1,2025-10-14 14:00:00+10:00,demand_energy,5.3821,MWh
4694,QLD1,2025-10-14 15:00:00+10:00,demand_energy,6.1225,MWh
4695,QLD1,2025-10-14 16:00:00+10:00,demand_energy,7.1228,MWh
4696,QLD1,2025-10-14 17:00:00+10:00,demand_energy,7.7919,MWh
4697,QLD1,2025-10-14 18:00:00+10:00,demand_energy,7.9278,MWh
4698,QLD1,2025-10-14 19:00:00+10:00,demand_energy,7.675,MWh
4699,QLD1,2025-10-14 20:00:00+10:00,demand_energy,7.45,MWh
4700,QLD1,2025-10-14 21:00:00+10:00,demand_energy,7.252,MWh
4701,QLD1,2025-10-14 22:00:00+10:00,demand_energy,6.7369,MWh
4702,QLD1,2025-10-14 23:00:00+10:00,demand_energy,6.3274,MWh
4703,QLD1,2025-10-15 00:00:00+10:00,demand_energy,6.0326,MWh
4704,QLD1,2025-10-15 01:00:00+10:00,demand_energy,5.8031,MWh
4705,QLD1,2025-10-15 02:00:00+10:00,demand_energy,5.6884,MWh
4706,QLD1,2025-10-15 03:00:00+10:00,demand_energy,5.7049,MWh
4707,QLD1,2025-10-15 04:00:00+10:00,demand_energy,5.7579,MWh
4708,QLD1,2025-10-15 05:00:00+10:00,demand_energy,5.9907,MWh
4709,QLD1,2025-10-15 06:00:00+10:00,demand_energy,6.1356,MWh
4710,QLD1,2025-10-15 07:00:00+10:00,demand_energy,6.0427,MWh
4711,QLD1,2025-10-15 08:00:00+10:00,demand_energy,5.4245,MWh
4712,QLD1,2025-10-15 09:00:00+10:00,demand_energy,5.0428,MWh
4713,QLD1,2025-10-15 10:00:00+10:00,demand_energy,4.384,MWh
4714,QLD1,2025-10-15 11:00:00+10:00,demand_energy,4.8447,MWh
4715,QLD1,2025-10-15 12:00:00+10:00,demand_energy,4.9153,MWh
4716,QLD1,2025-10-15 13:00:00+10:00,demand_energy,5.0816,MWh
4717,QLD1,2025-10-15 14:00:00+10:00,demand_energy,5.5425,MWh
4718,QLD1,2025-10-15 15:00:00+10:00,demand_energy,6.3068,MWh
4719,QLD1,2025-10-15 16:00:00+10:00,demand_energy,7.1848,MWh
4720,QLD1,2025-10-15 17:00:00+10:00,demand_energy,7.6983,MWh
4721,QLD1,2025-10-15 18:00:00+10:00,demand_energy,7.8275,MWh
4722,QLD1,2025-10-15 19:00:00+10:00,demand_energy,7.5881,MWh
4723,QLD1,2025-10-15 20:00:00+10:00,demand_energy,7.3237,MWh
4724,QLD1,2025-10-15 21:00:00+10:00,demand_energy,7.0923,MWh
4725,QLD1,2025-10-15 22:00:00+10:00,demand_energy,6.6156,MWh
4726,QLD1,2025-10-15 23:00:00+10:00,demand_energy,6.1794,MWh
4727,QLD1,2025-10-16 00:00:00+10:00,demand_energy,5.8684,MWh
4728,QLD1,2025-10-16 01:00:00+10:00,demand_energy,5.6942,MWh
4729,QLD1,2025-10-16 02:00:00+10:00,demand_energy,5.6198,MWh
4730,QLD1,2025-10-16 03:00:00+10:00,demand_energy,5.625,MWh
4731,QLD1,2025-10-16 04:00:00+10:00,demand_energy,5.6822,MWh
4732,QLD1,2025-10-16 05:00:00+10:00,demand_energy,5.8894,MWh
4733,QLD1,2025-10-16 06:00:00+10:00,demand_energy,5.8199,MWh
4734,QLD1,2025-10-16 07:00:00+10:00,demand_energy,5.7518,MWh
4735,QLD1,2025-10-16 08:00:00+10:00,demand_energy,5.1546,MWh
4736,QLD1,2025-10-16 09:00:00+10:00,demand_energy,4.7947,MWh
4737,QLD1,2025-10-16 10:00:00+10:00,demand_energy,4.3864,MWh
4738,QLD1,2025-10-16 11:00:00+10:00,demand_energy,4.1269,MWh
4739,QLD1,2025-10-16 12:00:00+10:00,demand_energy,4.1028,MWh
4740,QLD1,2025-10-16 13:00:00+10:00,demand_energy,4.2574,MWh
4741,QLD1,2025-10-16 14:00:00+10:00,demand_energy,4.7574,MWh
4742,QLD1,2025-10-16 15:00:00+10:00,demand_energy,5.6469,MWh
4743,QLD1,2025-10-16 16:00:00+10:00,demand_energy,6.6667,MWh
4744,QLD1,2025-10-16 17:00:00+10:00,demand_energy,7.423,MWh
4745,QLD1,2025-10-16 18:00:00+10:00,demand_energy,7.6497,MWh
4746,QLD1,2025-10-16 19:00:00+10:00,demand_energy,7.5193,MWh
4747,QLD1,2025-10-16 20:00:00+10:00,demand_energy,7.2191,MWh
4748,QLD1,2025-10-16 21:00:00+10:00,demand_energy,6.9506,MWh
4749,QLD1,2025-10-16 22:00:00+10:00,demand_energy,6.4615,MWh
4750,QLD1,2025-10-16 23:00:00+10:00,demand_energy,6.086,MWh
4751,QLD1,2025-10-17 00:00:00+10:00,demand_energy,5.7978,MWh
4752,QLD1,2025-10-17 01:00:00+10:00,demand_energy,5.5752,MWh
4753,QLD1,2025-10-17 02:00:00+10:00,demand_energy,5.4728,MWh
4754,QLD1,2025-10-17 03:00:00+10:00,demand_energy,5.5006,MWh
4755,QLD1,2025-10-17 04:00:00+10:00,demand_energy,5.1111,MWh
4756,QLD1,2025-10-17 05:00:00+10:00,demand_energy,5.7847,MWh
4757,QLD1,2025-10-17 06:00:00+10:00,demand_energy,5.6627,MWh
4758,QLD1,2025-10-17 07:00:00+10:00,demand_energy,5.2734,MWh
4759,QLD1,2025-10-17 08:00:00+10:00,demand_energy,4.2985,MWh
4760,QLD1,2025-10-17 09:00:00+10:00,demand_energy,4.2428,MWh
4761,QLD1,2025-10-17 10:00:00+10:00,demand_energy,3.8522,MWh
4762,QLD1,2025-10-17 11:00:00+10:00,demand_energy,3.5761,MWh
4763,QLD1,2025-10-17 12:00:00+10:00,demand_energy,4.1013,MWh
4764,QLD1,2025-10-17 13:00:00+10:00,demand_energy,4.3819,MWh
4765,QLD1,2025-10-17 14:00:00+10:00,demand_energy,4.1517,MWh
4766,QLD1,2025-10-17 15:00:00+10:00,demand_energy,5.3577,MWh
4767,QLD1,2025-10-17 16:00:00+10:00,demand_energy,3.5163,MWh
4768,QLD1,2025-10-17 17:00:00+10:00,demand_energy,7.5761,MWh
4769,QLD1,2025-10-17 18:00:00+10:00,demand_energy,7.7199,MWh
4770,QLD1,2025-10-17 19:00:00+10:00,demand_energy,7.4782,MWh
4771,QLD1,2025-10-17 20:00:00+10:00,demand_energy,7.2342,MWh
4772,QLD1,2025-10-17 21:00:00+10:00,demand_energy,4.1131,MWh
4773,QLD1,2025-10-17 22:00:00+10:00,demand_energy,6.647,MWh
4774,QLD1,2025-10-17 23:00:00+10:00,demand_energy,6.2764,MWh
4775,QLD1,2025-10-18 00:00:00+10:00,demand_energy,5.9741,MWh
4776,QLD1,2025-10-18 01:00:00+10:00,demand_energy,5.7405,MWh
4777,QLD1,2025-10-18 02:00:00+10:00,demand_energy,5.5965,MWh
4778,QLD1,2025-10-18 03:00:00+10:00,demand_energy,5.5345,MWh
4779,QLD1,2025-10-18 04:00:00+10:00,demand_energy,5.5969,MWh
4780,QLD1,2025-10-18 05:00:00+10:00,demand_energy,5.5838,MWh
4781,QLD1,2025-10-18 06:00:00+10:00,demand_energy,5.2473,MWh
4782,QLD1,2025-10-18 07:00:00+10:00,demand_energy,4.7029,MWh
4783,QLD1,2025-10-18 08:00:00+10:00,demand_energy,4.2805,MWh
4784,QLD1,2025-10-18 09:00:00+10:00,demand_energy,3.7374,MWh
4785,QLD1,2025-10-18 10:00:00+10:00,demand_energy,3.6035,MWh
4786,QLD1,2025-10-18 11:00:00+10:00,demand_energy,3.6991,MWh
4787,QLD1,2025-10-18 12:00:00+10:00,demand_energy,3.8886,MWh
4788,QLD1,2025-10-18 13:00:00+10:00,demand_energy,4.2778,MWh
4789,QLD1,2025-10-18 14:00:00+10:00,demand_energy,5.0845,MWh
4790,QLD1,2025-10-18 15:00:00+10:00,demand_energy,6.516,MWh
4791,QLD1,2025-10-18 16:00:00+10:00,demand_energy,7.4004,MWh
4792,QLD1,2025-10-18 17:00:00+10:00,demand_energy,7.5605,MWh
4793,QLD1,2025-10-18 18:00:00+10:00,demand_energy,7.6223,MWh
4794,QLD1,2025-10-18 19:00:00+10:00,demand_energy,7.3813,MWh
4795,QLD1,2025-10-18 20:00:00+10:00,demand_energy,7.0407,MWh
4796,QLD1,2025-10-18 21:00:00+10:00,demand_energy,6.7677,MWh
4797,QLD1,2025-10-18 22:00:00+10:00,demand_energy,6.4581,MWh
4798,QLD1,2025-10-18 23:00:00+10:00,demand_energy,6.1379,MWh
4799,QLD1,2025-10-19 00:00:00+10:00,demand_energy,5.8691,MWh
4800,QLD1,2025-10-19 01:00:00+10:00,demand_energy,5.6795,MWh
4801,QLD1,2025-10-19 02:00:00+10:00,demand_energy,5.5413,MWh
4802,QLD1,2025-10-19 03:00:00+10:00,demand_energy,5.4609,MWh
4803,QLD1,2025-10-19 04:00:00+10:00,demand_energy,5.4646,MWh
4804,QLD1,2025-10-19 05:00:00+10:00,demand_energy,5.4082,MWh
4805,QLD1,2025-10-19 06:00:00+10:00,demand_energy,5.012,MWh
4806,QLD1,2025-10-19 07:00:00+10:00,demand_energy,4.4504,MWh
4807,QLD1,2025-10-19 08:00:00+10:00,demand_energy,3.9431,MWh
4808,QLD1,2025-10-19 09:00:00+10:00,demand_energy,3.6295,MWh
4809,QLD1,2025-10-19 10:00:00+10:00,demand_energy,3.7095,MWh
4810,QLD1,2025-10-19 11:00:00+10:00,demand_energy,3.8809,MWh
4811,QLD1,2025-10-19 12:00:00+10:00,demand_energy,4.0358,MWh
4812,QLD1,2025-10-19 13:00:00+10:00,demand_energy,3.8503,MWh
4813,QLD1,2025-10-19 14:00:00+10:00,demand_energy,4.6038,MWh
4814,QLD1,2025-10-19 15:00:00+10:00,demand_energy,5.6882,MWh
4815,QLD1,2025-10-19 16:00:00+10:00,demand_energy,6.7322,MWh
4816,QLD1,2025-10-19 17:00:00+10:00,demand_energy,7.4732,MWh
4817,QLD1,2025-10-19 18:00:00+10:00,demand_energy,7.7842,MWh
4818,QLD1,2025-10-19 19:00:00+10:00,demand_energy,7.5413,MWh
4819,QLD1,2025-10-19 20:00:00+10:00,demand_energy,7.1898,MWh
4820,QLD1,2025-10-19 21:00:00+10:00,demand_energy,6.9516,MWh
4821,QLD1,2025-10-19 22:00:00+10:00,demand_energy,6.5124,MWh
4822,QLD1,2025-10-19 23:00:00+10:00,demand_energy,6.1574,MWh
4823,QLD1,2025-10-20 00:00:00+10:00,demand_energy,5.8818,MWh
4824,QLD1,2025-10-20 01:00:00+10:00,demand_energy,5.6943,MWh
4825,QLD1,2025-10-20 02:00:00+10:00,demand_energy,5.6083,MWh
4826,QLD1,2025-10-20 03:00:00+10:00,demand_energy,5.6099,MWh
4827,QLD1,2025-10-20 04:00:00+10:00,demand_energy,5.6479,MWh
4828,QLD1,2025-10-20 05:00:00+10:00,demand_energy,5.8298,MWh
4829,QLD1,2025-10-20 06:00:00+10:00,demand_energy,5.7335,MWh
4830,QLD1,2025-10-20 07:00:00+10:00,demand_energy,5.5706,MWh
4831,QLD1,2025-10-20 08:00:00+10:00,demand_energy,5.2404,MWh
4832,QLD1,2025-10-20 09:00:00+10:00,demand_energy,4.8391,MWh
4833,QLD1,2025-10-20 10:00:00+10:00,demand_energy,4.4699,MWh
4834,QLD1,2025-10-20 11:00:00+10:00,demand_energy,4.3626,MWh
4835,QLD1,2025-10-20 12:00:00+10:00,demand_energy,4.3964,MWh
4836,QLD1,2025-10-20 13:00:00+10:00,demand_energy,4.6592,MWh
4837,QLD1,2025-10-20 14:00:00+10:00,demand_energy,5.2634,MWh
4838,QLD1,2025-10-20 15:00:00+10:00,demand_energy,6.2152,MWh
4839,QLD1,2025-10-20 16:00:00+10:00,demand_energy,7.4118,MWh
4840,QLD1,2025-10-20 17:00:00+10:00,demand_energy,8.1225,MWh
4841,QLD1,2025-10-20 18:00:00+10:00,demand_energy,8.1727,MWh
4842,QLD1,2025-10-20 19:00:00+10:00,demand_energy,7.9106,MWh
4843,QLD1,2025-10-20 20:00:00+10:00,demand_energy,7.6044,MWh
4844,QLD1,2025-10-20 21:00:00+10:00,demand_energy,7.3332,MWh
4845,QLD1,2025-10-20 22:00:00+10:00,demand_energy,6.8173,MWh
4846,QLD1,2025-10-20 23:00:00+10:00,demand_energy,6.3748,MWh
4847,QLD1,2025-10-21 00:00:00+10:00,demand_energy,6.0216,MWh
4848,QLD1,2025-10-21 01:00:00+10:00,demand_energy,5.8318,MWh
4849,QLD1,2025-10-21 02:00:00+10:00,demand_energy,5.6832,MWh
4850,QLD1,2025-10-21 03:00:00+10:00,demand_energy,5.6917,MWh
4851,QLD1,2025-10-21 04:00:00+10:00,demand_energy,5.7279,MWh
4852,QLD1,2025-10-21 05:00:00+10:00,demand_energy,5.9083,MWh
4853,QLD1,2025-10-21 06:00:00+10:00,demand_energy,5.7826,MWh
4854,QLD1,2025-10-21 07:00:00+10:00,demand_energy,5.4641,MWh
4855,QLD1,2025-10-21 08:00:00+10:00,demand_energy,4.8315,MWh
4856,QLD1,2025-10-21 09:00:00+10:00,demand_energy,4.2464,MWh
4857,QLD1,2025-10-21 10:00:00+10:00,demand_energy,4.0364,MWh
4858,QLD1,2025-10-21 11:00:00+10:00,demand_energy,4.2083,MWh
4859,QLD1,2025-10-21 12:00:00+10:00,demand_energy,4.4412,MWh
4860,QLD1,2025-10-21 13:00:00+10:00,demand_energy,4.7842,MWh
4861,QLD1,2025-10-21 14:00:00+10:00,demand_energy,5.3905,MWh
4862,QLD1,2025-10-21 15:00:00+10:00,demand_energy,6.4116,MWh
4863,QLD1,2025-10-21 16:00:00+10:00,demand_energy,7.5665,MWh
4864,QLD1,2025-10-21 17:00:00+10:00,demand_energy,8.2672,MWh
4865,QLD1,2025-10-21 18:00:00+10:00,demand_energy,7.5849,MWh
4866,QLD1,2025-10-21 19:00:00+10:00,demand_energy,8.0022,MWh
4867,QLD1,2025-10-21 20:00:00+10:00,demand_energy,7.598,MWh
4868,QLD1,2025-10-21 21:00:00+10:00,demand_energy,7.3646,MWh
4869,QLD1,2025-10-21 22:00:00+10:00,demand_energy,6.8418,MWh
4870,QLD1,2025-10-21 23:00:00+10:00,demand_energy,6.3056,MWh
4871,QLD1,2025-10-22 00:00:00+10:00,demand_energy,5.9679,MWh
4872,QLD1,2025-10-22 01:00:00+10:00,demand_energy,5.7857,MWh
4873,QLD1,2025-10-22 02:00:00+10:00,demand_energy,5.6865,MWh
4874,QLD1,2025-10-22 03:00:00+10:00,demand_energy,5.6032,MWh
4875,QLD1,2025-10-22 04:00:00+10:00,demand_energy,5.6663,MWh
4876,QLD1,2025-10-22 05:00:00+10:00,demand_energy,5.8821,MWh
4877,QLD1,2025-10-22 06:00:00+10:00,demand_energy,5.828,MWh
4878,QLD1,2025-10-22 07:00:00+10:00,demand_energy,5.6414,MWh
4879,QLD1,2025-10-22 08:00:00+10:00,demand_energy,5.3955,MWh
4880,QLD1,2025-10-22 09:00:00+10:00,demand_energy,4.8441,MWh
4881,QLD1,2025-10-22 10:00:00+10:00,demand_energy,4.263,MWh
4882,QLD1,2025-10-22 11:00:00+10:00,demand_energy,4.2695,MWh
4883,QLD1,2025-10-22 12:00:00+10:00,demand_energy,4.4396,MWh
4884,QLD1,2025-10-22 13:00:00+10:00,demand_energy,4.7828,MWh
4885,QLD1,2025-10-22 14:00:00+10:00,demand_energy,5.4484,MWh
4886,QLD1,2025-10-22 15:00:00+10:00,demand_energy,6.3609,MWh
4887,QLD1,2025-10-22 16:00:00+10:00,demand_energy,7.5604,MWh
4888,QLD1,2025-10-22 17:00:00+10:00,demand_energy,8.2718,MWh
4889,QLD1,2025-10-22 18:00:00+10:00,demand_energy,8.3299,MWh
4890,QLD1,2025-10-22 19:00:00+10:00,demand_energy,8.0068,MWh
4891,QLD1,2025-10-22 20:00:00+10:00,demand_energy,7.7044,MWh
4892,QLD1,2025-10-22 21:00:00+10:00,demand_energy,7.4276,MWh
4893,QLD1,2025-10-22 22:00:00+10:00,demand_energy,6.9291,MWh
4894,QLD1,2025-10-22 23:00:00+10:00,demand_energy,6.4612,MWh
4895,QLD1,2025-10-23 00:00:00+10:00,demand_energy,6.1835,MWh
4896,QLD1,2025-10-23 01:00:00+10:00,demand_energy,5.9702,MWh
4897,QLD1,2025-10-23 02:00:00+10:00,demand_energy,5.8588,MWh
4898,QLD1,2025-10-23 03:00:00+10:00,demand_energy,5.8569,MWh
4899,QLD1,2025-10-23 04:00:00+10:00,demand_energy,5.9385,MWh
4900,QLD1,2025-10-23 05:00:00+10:00,demand_energy,6.124,MWh
4901,QLD1,2025-10-23 06:00:00+10:00,demand_energy,6.101,MWh
4902,QLD1,2025-10-23 07:00:00+10:00,demand_energy,5.8853,MWh
4903,QLD1,2025-10-23 08:00:00+10:00,demand_energy,5.6357,MWh
4904,QLD1,2025-10-23 09:00:00+10:00,demand_energy,5.1618,MWh
4905,QLD1,2025-10-23 10:00:00+10:00,demand_energy,4.8752,MWh
4906,QLD1,2025-10-23 11:00:00+10:00,demand_energy,5.3961,MWh
4907,QLD1,2025-10-23 12:00:00+10:00,demand_energy,6.4511,MWh
4908,QLD1,2025-10-23 13:00:00+10:00,demand_energy,6.3307,MWh
4909,QLD1,2025-10-23 14:00:00+10:00,demand_energy,6.719,MWh
4910,QLD1,2025-10-23 15:00:00+10:00,demand_energy,7.4101,MWh
4911,QLD1,2025-10-23 16:00:00+10:00,demand_energy,8.313,MWh
4912,QLD1,2025-10-23 17:00:00+10:00,demand_energy,8.6398,MWh
4913,QLD1,2025-10-23 18:00:00+10:00,demand_energy,8.6269,MWh
4914,QLD1,2025-10-23 19:00:00+10:00,demand_energy,8.2679,MWh
4915,QLD1,2025-10-23 20:00:00+10:00,demand_energy,7.8757,MWh
4916,QLD1,2025-10-23 21:00:00+10:00,demand_energy,7.5467,MWh
4917,QLD1,2025-10-23 22:00:00+10:00,demand_energy,6.9831,MWh
4918,QLD1,2025-10-23 23:00:00+10:00,demand_energy,6.5622,MWh
4919,QLD1,2025-10-24 00:00:00+10:00,demand_energy,6.2675,MWh
4920,QLD1,2025-10-24 01:00:00+10:00,demand_energy,6.024,MWh
4921,QLD1,2025-10-24 02:00:00+10:00,demand_energy,5.9347,MWh
4922,QLD1,2025-10-24 03:00:00+10:00,demand_energy,5.9046,MWh
4923,QLD1,2025-10-24 04:00:00+10:00,demand_energy,6.0029,MWh
4924,QLD1,2025-10-24 05:00:00+10:00,demand_energy,6.1465,MWh
4925,QLD1,2025-10-24 06:00:00+10:00,demand_energy,6.1077,MWh
4926,QLD1,2025-10-24 07:00:00+10:00,demand_energy,5.9288,MWh
4927,QLD1,2025-10-24 08:00:00+10:00,demand_energy,5.5164,MWh
4928,QLD1,2025-10-24 09:00:00+10:00,demand_energy,5.4199,MWh
4929,QLD1,2025-10-24 10:00:00+10:00,demand_energy,5.0491,MWh
4930,QLD1,2025-10-24 11:00:00+10:00,demand_energy,5.0784,MWh
4931,QLD1,2025-10-24 12:00:00+10:00,demand_energy,5.1652,MWh
4932,QLD1,2025-10-24 13:00:00+10:00,demand_energy,5.3667,MWh
4933,QLD1,2025-10-24 14:00:00+10:00,demand_energy,6.0673,MWh
4934,QLD1,2025-10-24 15:00:00+10:00,demand_energy,7.0484,MWh
4935,QLD1,2025-10-24 16:00:00+10:00,demand_energy,8.1232,MWh
4936,QLD1,2025-10-24 17:00:00+10:00,demand_energy,8.6716,MWh
4937,QLD1,2025-10-24 18:00:00+10:00,demand_energy,8.6206,MWh
4938,QLD1,2025-10-24 19:00:00+10:00,demand_energy,8.2972,MWh
4939,QLD1,2025-10-24 20:00:00+10:00,demand_energy,8.0088,MWh
4940,QLD1,2025-10-24 21:00:00+10:00,demand_energy,7.6915,MWh
4941,QLD1,2025-10-24 22:00:00+10:00,demand_energy,7.1862,MWh
4942,QLD1,2025-10-24 23:00:00+10:00,demand_energy,6.7482,MWh
4943,QLD1,2025-10-25 00:00:00+10:00,demand_energy,6.3939,MWh
4944,QLD1,2025-10-25 01:00:00+10:00,demand_energy,6.1593,MWh
4945,QLD1,2025-10-25 02:00:00+10:00,demand_energy,6.0196,MWh
4946,QLD1,2025-10-25 03:00:00+10:00,demand_energy,5.9511,MWh
4947,QLD1,2025-10-25 04:00:00+10:00,demand_energy,5.9397,MWh
4948,QLD1,2025-10-25 05:00:00+10:00,demand_energy,5.8861,MWh
4949,QLD1,2025-10-25 06:00:00+10:00,demand_energy,5.5833,MWh
4950,QLD1,2025-10-25 07:00:00+10:00,demand_energy,5.2051,MWh
4951,QLD1,2025-10-25 08:00:00+10:00,demand_energy,4.8832,MWh
4952,QLD1,2025-10-25 09:00:00+10:00,demand_energy,4.7214,MWh
4953,QLD1,2025-10-25 10:00:00+10:00,demand_energy,4.5404,MWh
4954,QLD1,2025-10-25 11:00:00+10:00,demand_energy,4.6765,MWh
4955,QLD1,2025-10-25 12:00:00+10:00,demand_energy,4.9076,MWh
4956,QLD1,2025-10-25 13:00:00+10:00,demand_energy,4.8529,MWh
4957,QLD1,2025-10-25 14:00:00+10:00,demand_energy,5.3546,MWh
4958,QLD1,2025-10-25 15:00:00+10:00,demand_energy,6.2017,MWh
4959,QLD1,2025-10-25 16:00:00+10:00,demand_energy,7.1381,MWh
4960,QLD1,2025-10-25 17:00:00+10:00,demand_energy,7.6012,MWh
4961,QLD1,2025-10-25 18:00:00+10:00,demand_energy,7.7872,MWh
4962,QLD1,2025-10-25 19:00:00+10:00,demand_energy,7.5519,MWh
4963,QLD1,2025-10-25 20:00:00+10:00,demand_energy,7.2515,MWh
4964,QLD1,2025-10-25 21:00:00+10:00,demand_energy,7.0768,MWh
4965,QLD1,2025-10-25 22:00:00+10:00,demand_energy,6.6695,MWh
4966,QLD1,2025-10-25 23:00:00+10:00,demand_energy,6.3743,MWh
4967,QLD1,2025-10-26 00:00:00+10:00,demand_energy,6.1158,MWh
4968,QLD1,2025-10-26 01:00:00+10:00,demand_energy,5.8607,MWh
4969,QLD1,2025-10-26 02:00:00+10:00,demand_energy,5.7312,MWh
4970,QLD1,2025-10-26 03:00:00+10:00,demand_energy,5.716,MWh
4971,QLD1,2025-10-26 04:00:00+10:00,demand_energy,5.7223,MWh
4972,QLD1,2025-10-26 05:00:00+10:00,demand_energy,5.6702,MWh
4973,QLD1,2025-10-26 06:00:00+10:00,demand_energy,5.3737,MWh
4974,QLD1,2025-10-26 07:00:00+10:00,demand_energy,5.0779,MWh
4975,QLD1,2025-10-26 08:00:00+10:00,demand_energy,4.6821,MWh
4976,QLD1,2025-10-26 09:00:00+10:00,demand_energy,4.464,MWh
4977,QLD1,2025-10-26 10:00:00+10:00,demand_energy,4.295,MWh
4978,QLD1,2025-10-26 11:00:00+10:00,demand_energy,5.0456,MWh
4979,QLD1,2025-10-26 12:00:00+10:00,demand_energy,5.8284,MWh
4980,QLD1,2025-10-26 13:00:00+10:00,demand_energy,6.2343,MWh
4981,QLD1,2025-10-26 14:00:00+10:00,demand_energy,6.1721,MWh
4982,QLD1,2025-10-26 15:00:00+10:00,demand_energy,7.0107,MWh
4983,QLD1,2025-10-26 16:00:00+10:00,demand_energy,8.3113,MWh
4984,QLD1,2025-10-26 17:00:00+10:00,demand_energy,8.2107,MWh
4985,QLD1,2025-10-26 18:00:00+10:00,demand_energy,8.096,MWh
4986,QLD1,2025-10-26 19:00:00+10:00,demand_energy,7.8218,MWh
4987,QLD1,2025-10-26 20:00:00+10:00,demand_energy,7.4836,MWh
4988,QLD1,2025-10-26 21:00:00+10:00,demand_energy,7.19,MWh
4989,QLD1,2025-10-26 22:00:00+10:00,demand_energy,6.7341,MWh
4990,QLD1,2025-10-26 23:00:00+10:00,demand_energy,6.4093,MWh
4991,QLD1,2025-10-27 00:00:00+10:00,demand_energy,6.1287,MWh
4992,QLD1,2025-10-27 01:00:00+10:00,demand_energy,5.8818,MWh
4993,QLD1,2025-10-27 02:00:00+10:00,demand_energy,5.7822,MWh
4994,QLD1,2025-10-27 03:00:00+10:00,demand_energy,5.7675,MWh
4995,QLD1,2025-10-27 04:00:00+10:00,demand_energy,5.846,MWh
4996,QLD1,2025-10-27 05:00:00+10:00,demand_energy,6.0355,MWh
4997,QLD1,2025-10-27 06:00:00+10:00,demand_energy,6.0084,MWh
4998,QLD1,2025-10-27 07:00:00+10:00,demand_energy,5.8064,MWh
4999,QLD1,2025-10-27 08:00:00+10:00,demand_energy,5.5321,MWh
5000,QLD1,2025-10-27 09:00:00+10:00,demand_energy,5.4328,MWh
5001,QLD1,2025-10-27 10:00:00+10:00,demand_energy,5.4982,MWh
5002,QLD1,2025-10-27 11:00:00+10:00,demand_energy,6.1386,MWh
5003,QLD1,2025-10-27 12:00:00+10:00,demand_energy,6.674,MWh
5004,QLD1,2025-10-27 13:00:00+10:00,demand_energy,7.0685,MWh
5005,QLD1,2025-10-27 14:00:00+10:00,demand_energy,7.7029,MWh
5006,QLD1,2025-10-27 15:00:00+10:00,demand_energy,8.8548,MWh
5007,QLD1,2025-10-27 16:00:00+10:00,demand_energy,9.7957,MWh
5008,QLD1,2025-10-27 17:00:00+10:00,demand_energy,10.095,MWh
5009,QLD1,2025-10-27 18:00:00+10:00,demand_energy,9.9945,MWh
5010,QLD1,2025-10-27 19:00:00+10:00,demand_energy,9.4421,MWh
5011,QLD1,2025-10-27 20:00:00+10:00,demand_energy,8.8255,MWh
5012,QLD1,2025-10-27 21:00:00+10:00,demand_energy,8.223,MWh
5013,QLD1,2025-10-27 22:00:00+10:00,demand_energy,7.4069,MWh
5014,QLD1,2025-10-27 23:00:00+10:00,demand_energy,6.8617,MWh
5015,QLD1,2025-10-28 00:00:00+10:00,demand_energy,6.4397,MWh
5016,QLD1,2025-10-28 01:00:00+10:00,demand_energy,6.1788,MWh
5017,QLD1,2025-10-28 02:00:00+10:00,demand_energy,6.0373,MWh
5018,QLD1,2025-10-28 03:00:00+10:00,demand_energy,5.9923,MWh
5019,QLD1,2025-10-28 04:00:00+10:00,demand_energy,5.0251,MWh
5020,QLD1,2025-10-28 05:00:00+10:00,demand_energy,6.2797,MWh
5021,QLD1,2025-10-28 06:00:00+10:00,demand_energy,6.1631,MWh
5022,QLD1,2025-10-28 07:00:00+10:00,demand_energy,1.7409,MWh
5023,QLD1,2025-10-28 08:00:00+10:00,demand_energy,6.028,MWh
5024,QLD1,2025-10-28 09:00:00+10:00,demand_energy,7.1076,MWh
5025,QLD1,2025-10-28 10:00:00+10:00,demand_energy,6.9608,MWh
5026,QLD1,2025-10-28 11:00:00+10:00,demand_energy,7.0541,MWh
5027,QLD1,2025-10-28 12:00:00+10:00,demand_energy,6.5872,MWh
5028,QLD1,2025-10-28 13:00:00+10:00,demand_energy,7.3123,MWh
5029,QLD1,2025-10-28 14:00:00+10:00,demand_energy,7.2774,MWh
5030,QLD1,2025-10-28 15:00:00+10:00,demand_energy,7.3983,MWh
5031,QLD1,2025-10-28 16:00:00+10:00,demand_energy,7.551,MWh
5032,QLD1,2025-10-28 17:00:00+10:00,demand_energy,7.7564,MWh
5033,QLD1,2025-10-28 18:00:00+10:00,demand_energy,7.8729,MWh
5034,QLD1,2025-10-28 19:00:00+10:00,demand_energy,7.5723,MWh
5035,QLD1,2025-10-28 20:00:00+10:00,demand_energy,7.2907,MWh
5036,QLD1,2025-10-28 21:00:00+10:00,demand_energy,7.0317,MWh
5037,QLD1,2025-10-28 22:00:00+10:00,demand_energy,6.5368,MWh
5038,QLD1,2025-10-28 23:00:00+10:00,demand_energy,6.1697,MWh
5039,QLD1,2025-10-29 00:00:00+10:00,demand_energy,5.8732,MWh
5040,QLD1,2025-10-29 01:00:00+10:00,demand_energy,5.6979,MWh
5041,QLD1,2025-10-29 02:00:00+10:00,demand_energy,5.6244,MWh
5042,QLD1,2025-10-29 03:00:00+10:00,demand_energy,5.6102,MWh
5043,QLD1,2025-10-29 04:00:00+10:00,demand_energy,5.6744,MWh
5044,QLD1,2025-10-29 05:00:00+10:00,demand_energy,5.8691,MWh
5045,QLD1,2025-10-29 06:00:00+10:00,demand_energy,5.3639,MWh
5046,QLD1,2025-10-29 07:00:00+10:00,demand_energy,5.563,MWh
5047,QLD1,2025-10-29 08:00:00+10:00,demand_energy,5.1563,MWh
5048,QLD1,2025-10-29 09:00:00+10:00,demand_energy,5.0574,MWh
5049,QLD1,2025-10-29 10:00:00+10:00,demand_energy,4.8301,MWh
5050,QLD1,2025-10-29 11:00:00+10:00,demand_energy,4.863,MWh
5051,QLD1,2025-10-29 12:00:00+10:00,demand_energy,4.8111,MWh
5052,QLD1,2025-10-29 13:00:00+10:00,demand_energy,5.0173,MWh
5053,QLD1,2025-10-29 14:00:00+10:00,demand_energy,5.3828,MWh
5054,QLD1,2025-10-29 15:00:00+10:00,demand_energy,6.0461,MWh
5055,QLD1,2025-10-29 16:00:00+10:00,demand_energy,6.9416,MWh
5056,QLD1,2025-10-29 17:00:00+10:00,demand_energy,7.6147,MWh
5057,QLD1,2025-10-29 18:00:00+10:00,demand_energy,7.1672,MWh
5058,QLD1,2025-10-29 19:00:00+10:00,demand_energy,7.6965,MWh
5059,QLD1,2025-10-29 20:00:00+10:00,demand_energy,7.4424,MWh
5060,QLD1,2025-10-29 21:00:00+10:00,demand_energy,7.27,MWh
5061,QLD1,2025-10-29 22:00:00+10:00,demand_energy,6.7523,MWh
5062,QLD1,2025-10-29 23:00:00+10:00,demand_energy,6.356,MWh
5063,QLD1,2025-10-30 00:00:00+10:00,demand_energy,6.0138,MWh
5064,QLD1,2025-10-30 01:00:00+10:00,demand_energy,5.8373,MWh
5065,QLD1,2025-10-30 02:00:00+10:00,demand_energy,5.7726,MWh
5066,QLD1,2025-10-30 03:00:00+10:00,demand_energy,5.7039,MWh
5067,QLD1,2025-10-30 04:00:00+10:00,demand_energy,5.8028,MWh
5068,QLD1,2025-10-30 05:00:00+10:00,demand_energy,5.9458,MWh
5069,QLD1,2025-10-30 06:00:00+10:00,demand_energy,5.7769,MWh
5070,QLD1,2025-10-30 07:00:00+10:00,demand_energy,5.3684,MWh
5071,QLD1,2025-10-30 08:00:00+10:00,demand_energy,4.9443,MWh
5072,QLD1,2025-10-30 09:00:00+10:00,demand_energy,4.9579,MWh
5073,QLD1,2025-10-30 10:00:00+10:00,demand_energy,4.8752,MWh
5074,QLD1,2025-10-30 11:00:00+10:00,demand_energy,4.672,MWh
5075,QLD1,2025-10-30 12:00:00+10:00,demand_energy,5.3007,MWh
5076,QLD1,2025-10-30 13:00:00+10:00,demand_energy,6.1895,MWh
5077,QLD1,2025-10-30 14:00:00+10:00,demand_energy,6.2748,MWh
5078,QLD1,2025-10-30 15:00:00+10:00,demand_energy,6.8561,MWh
5079,QLD1,2025-10-30 16:00:00+10:00,demand_energy,7.4662,MWh
5080,QLD1,2025-10-30 17:00:00+10:00,demand_energy,7.9732,MWh
5081,QLD1,2025-10-30 18:00:00+10:00,demand_energy,8.2538,MWh
5082,QLD1,2025-10-30 19:00:00+10:00,demand_energy,8.0838,MWh
5083,QLD1,2025-10-30 20:00:00+10:00,demand_energy,7.7882,MWh
5084,QLD1,2025-10-30 21:00:00+10:00,demand_energy,7.5243,MWh
5085,QLD1,2025-10-30 22:00:00+10:00,demand_energy,6.9554,MWh
5086,QLD1,2025-10-30 23:00:00+10:00,demand_energy,6.5323,MWh
5087,QLD1,2025-10-31 00:00:00+10:00,demand_energy,6.2242,MWh
5088,QLD1,2025-10-31 01:00:00+10:00,demand_energy,6.0143,MWh
5089,QLD1,2025-10-31 02:00:00+10:00,demand_energy,5.8818,MWh
5090,QLD1,2025-10-31 03:00:00+10:00,demand_energy,5.8885,MWh
5091,QLD1,2025-10-31 04:00:00+10:00,demand_energy,5.9908,MWh
5092,QLD1,2025-10-31 05:00:00+10:00,demand_energy,6.1597,MWh
5093,QLD1,2025-10-31 06:00:00+10:00,demand_energy,6.0838,MWh
5094,QLD1,2025-10-31 07:00:00+10:00,demand_energy,5.7978,MWh
5095,QLD1,2025-10-31 08:00:00+10:00,demand_energy,5.4609,MWh
5096,QLD1,2025-10-31 09:00:00+10:00,demand_energy,5.3944,MWh
5097,QLD1,2025-10-31 10:00:00+10:00,demand_energy,5.4658,MWh
5098,QLD1,2025-10-31 11:00:00+10:00,demand_energy,5.6811,MWh
5099,QLD1,2025-10-31 12:00:00+10:00,demand_energy,6.064,MWh
5100,QLD1,2025-10-31 13:00:00+10:00,demand_energy,6.489,MWh
5101,QLD1,2025-10-31 14:00:00+10:00,demand_energy,7.6657,MWh
5102,QLD1,2025-10-31 15:00:00+10:00,demand_energy,7.8256,MWh
5103,QLD1,2025-10-31 16:00:00+10:00,demand_energy,8.0426,MWh
5104,QLD1,2025-10-31 17:00:00+10:00,demand_energy,7.9576,MWh
5105,QLD1,2025-10-31 18:00:00+10:00,demand_energy,7.9445,MWh
5106,QLD1,2025-10-31 19:00:00+10:00,demand_energy,7.7474,MWh
5107,QLD1,2025-10-31 20:00:00+10:00,demand_energy,7.4948,MWh
5108,QLD1,2025-10-31 21:00:00+10:00,demand_energy,7.268,MWh
5109,QLD1,2025-10-31 22:00:00+10:00,demand_energy,6.864,MWh
5110,QLD1,2025-10-31 23:00:00+10:00,demand_energy,6.461,MWh
5111,QLD1,2025-11-01 00:00:00+10:00,demand_energy,6.1651,MWh
5112,QLD1,2025-11-01 01:00:00+10:00,demand_energy,5.9479,MWh
5113,QLD1,2025-11-01 02:00:00+10:00,demand_energy,5.808,MWh
5114,QLD1,2025-11-01 03:00:00+10:00,demand_energy,5.7603,MWh
5115,QLD1,2025-11-01 04:00:00+10:00,demand_energy,5.763,MWh
5116,QLD1,2025-11-01 05:00:00+10:00,demand_energy,5.7074,MWh
5117,QLD1,2025-11-01 06:00:00+10:00,demand_energy,5.4439,MWh
5118,QLD1,2025-11-01 07:00:00+10:00,demand_energy,4.7241,MWh
5119,QLD1,2025-11-01 08:00:00+10:00,demand_energy,4.9397,MWh
5120,QLD1,2025-11-01 09:00:00+10:00,demand_energy,4.7431,MWh
5121,QLD1,2025-11-01 10:00:00+10:00,demand_energy,4.7423,MWh
5122,QLD1,2025-11-01 11:00:00+10:00,demand_energy,4.4857,MWh
5123,QLD1,2025-11-01 12:00:00+10:00,demand_energy,5.0124,MWh
5124,QLD1,2025-11-01 13:00:00+10:00,demand_energy,5.9618,MWh
5125,QLD1,2025-11-01 14:00:00+10:00,demand_energy,7.0144,MWh
5126,QLD1,2025-11-01 15:00:00+10:00,demand_energy,7.2748,MWh
5127,QLD1,2025-11-01 16:00:00+10:00,demand_energy,7.3126,MWh
5128,QLD1,2025-11-01 17:00:00+10:00,demand_energy,7.7795,MWh
5129,QLD1,2025-11-01 18:00:00+10:00,demand_energy,7.8169,MWh
5130,QLD1,2025-11-01 19:00:00+10:00,demand_energy,7.4764,MWh
5131,QLD1,2025-11-01 20:00:00+10:00,demand_energy,7.1533,MWh
5132,QLD1,2025-11-01 21:00:00+10:00,demand_energy,6.9223,MWh
5133,QLD1,2025-11-01 22:00:00+10:00,demand_energy,6.5564,MWh
5134,QLD1,2025-11-01 23:00:00+10:00,demand_energy,6.2495,MWh
5135,QLD1,2025-11-02 00:00:00+10:00,demand_energy,5.9717,MWh
5136,QLD1,2025-11-02 01:00:00+10:00,demand_energy,5.7897,MWh
5137,QLD1,2025-11-02 02:00:00+10:00,demand_energy,5.6787,MWh
5138,QLD1,2025-11-02 03:00:00+10:00,demand_energy,5.6398,MWh
5139,QLD1,2025-11-02 04:00:00+10:00,demand_energy,5.6212,MWh
5140,QLD1,2025-11-02 05:00:00+10:00,demand_energy,5.5243,MWh
5141,QLD1,2025-11-02 06:00:00+10:00,demand_energy,5.1375,MWh
5142,QLD1,2025-11-02 07:00:00+10:00,demand_energy,4.6959,MWh
5143,QLD1,2025-11-02 08:00:00+10:00,demand_energy,4.0771,MWh
5144,QLD1,2025-11-02 09:00:00+10:00,demand_energy,4.2572,MWh
5145,QLD1,2025-11-02 10:00:00+10:00,demand_energy,4.2789,MWh
5146,QLD1,2025-11-02 11:00:00+10:00,demand_energy,4.2327,MWh
5147,QLD1,2025-11-02 12:00:00+10:00,demand_energy,4.5158,MWh
5148,QLD1,2025-11-02 13:00:00+10:00,demand_energy,4.9694,MWh
5149,QLD1,2025-11-02 14:00:00+10:00,demand_energy,5.5887,MWh
5150,QLD1,2025-11-02 15:00:00+10:00,demand_energy,6.6332,MWh
5151,QLD1,2025-11-02 16:00:00+10:00,demand_energy,7.7951,MWh
5152,QLD1,2025-11-02 17:00:00+10:00,demand_energy,8.5139,MWh
5153,QLD1,2025-11-02 18:00:00+10:00,demand_energy,8.5578,MWh
5154,QLD1,2025-11-02 19:00:00+10:00,demand_energy,8.2943,MWh
5155,QLD1,2025-11-02 20:00:00+10:00,demand_energy,7.9757,MWh
5156,QLD1,2025-11-02 21:00:00+10:00,demand_energy,7.6983,MWh
5157,QLD1,2025-11-02 22:00:00+10:00,demand_energy,7.1357,MWh
5158,QLD1,2025-11-02 23:00:00+10:00,demand_energy,6.7514,MWh
5159,QLD1,2025-11-03 00:00:00+10:00,demand_energy,6.3716,MWh
5160,QLD1,2025-11-03 01:00:00+10:00,demand_energy,6.1522,MWh
5161,QLD1,2025-11-03 02:00:00+10:00,demand_energy,6.0573,MWh
5162,QLD1,2025-11-03 03:00:00+10:00,demand_energy,5.981,MWh
5163,QLD1,2025-11-03 04:00:00+10:00,demand_energy,6.0474,MWh
5164,QLD1,2025-11-03 05:00:00+10:00,demand_energy,6.3456,MWh
5165,QLD1,2025-11-03 06:00:00+10:00,demand_energy,6.5362,MWh
5166,QLD1,2025-11-03 07:00:00+10:00,demand_energy,6.7343,MWh
5167,QLD1,2025-11-03 08:00:00+10:00,demand_energy,6.3752,MWh
5168,QLD1,2025-11-03 09:00:00+10:00,demand_energy,5.9221,MWh
5169,QLD1,2025-11-03 10:00:00+10:00,demand_energy,5.7991,MWh
5170,QLD1,2025-11-03 11:00:00+10:00,demand_energy,5.9249,MWh
5171,QLD1,2025-11-03 12:00:00+10:00,demand_energy,6.1085,MWh
5172,QLD1,2025-11-03 13:00:00+10:00,demand_energy,6.4157,MWh
5173,QLD1,2025-11-03 14:00:00+10:00,demand_energy,7.1232,MWh
5174,QLD1,2025-11-03 15:00:00+10:00,demand_energy,8.0457,MWh
5175,QLD1,2025-11-03 16:00:00+10:00,demand_energy,8.767,MWh
5176,QLD1,2025-11-03 17:00:00+10:00,demand_energy,9.0564,MWh
5177,QLD1,2025-11-03 18:00:00+10:00,demand_energy,9.0899,MWh
5178,QLD1,2025-11-03 19:00:00+10:00,demand_energy,8.7173,MWh
5179,QLD1,2025-11-03 20:00:00+10:00,demand_energy,8.3525,MWh
5180,QLD1,2025-11-03 21:00:00+10:00,demand_energy,8.0014,MWh
5181,QLD1,2025-11-03 22:00:00+10:00,demand_energy,7.455,MWh
5182,QLD1,2025-11-03 23:00:00+10:00,demand_energy,6.9152,MWh
5183,QLD1,2025-11-04 00:00:00+10:00,demand_energy,6.4163,MWh
5184,QLD1,2025-11-04 01:00:00+10:00,demand_energy,6.1436,MWh
5185,QLD1,2025-11-04 02:00:00+10:00,demand_energy,5.986,MWh
5186,QLD1,2025-11-04 03:00:00+10:00,demand_energy,5.9679,MWh
5187,QLD1,2025-11-04 04:00:00+10:00,demand_energy,6.0801,MWh
5188,QLD1,2025-11-04 05:00:00+10:00,demand_energy,6.262,MWh
5189,QLD1,2025-11-04 06:00:00+10:00,demand_energy,6.5426,MWh
5190,QLD1,2025-11-04 07:00:00+10:00,demand_energy,6.8964,MWh
5191,QLD1,2025-11-04 08:00:00+10:00,demand_energy,7.0153,MWh
5192,QLD1,2025-11-04 09:00:00+10:00,demand_energy,6.526,MWh
5193,QLD1,2025-11-04 10:00:00+10:00,demand_energy,5.1458,MWh
5194,QLD1,2025-11-04 11:00:00+10:00,demand_energy,5.2295,MWh
5195,QLD1,2025-11-04 12:00:00+10:00,demand_energy,5.7775,MWh
5196,QLD1,2025-11-04 13:00:00+10:00,demand_energy,5.6742,MWh
5197,QLD1,2025-11-04 14:00:00+10:00,demand_energy,5.8475,MWh
5198,QLD1,2025-11-04 15:00:00+10:00,demand_energy,6.5652,MWh
5199,QLD1,2025-11-04 16:00:00+10:00,demand_energy,7.4548,MWh
5200,QLD1,2025-11-04 17:00:00+10:00,demand_energy,3.3378,MWh
5201,SA1,2025-10-04 19:00:00+10:00,demand_energy,1.5275,MWh
5202,SA1,2025-10-04 20:00:00+10:00,demand_energy,1.5092,MWh
5203,SA1,2025-10-04 21:00:00+10:00,demand_energy,1.4989,MWh
5204,SA1,2025-10-04 22:00:00+10:00,demand_energy,1.4706,MWh
5205,SA1,2025-10-04 23:00:00+10:00,demand_energy,1.4204,MWh
5206,SA1,2025-10-05 00:00:00+10:00,demand_energy,1.444,MWh
5207,SA1,2025-10-05 01:00:00+10:00,demand_energy,1.4169,MWh
5208,SA1,2025-10-05 02:00:00+10:00,demand_energy,1.3419,MWh
5209,SA1,2025-10-05 03:00:00+10:00,demand_energy,1.2974,MWh
5210,SA1,2025-10-05 04:00:00+10:00,demand_energy,1.2571,MWh
5211,SA1,2025-10-05 05:00:00+10:00,demand_energy,1.2498,MWh
5212,SA1,2025-10-05 06:00:00+10:00,demand_energy,1.2522,MWh
5213,SA1,2025-10-05 07:00:00+10:00,demand_energy,1.0993,MWh
5214,SA1,2025-10-05 08:00:00+10:00,demand_energy,0.8785,MWh
5215,SA1,2025-10-05 09:00:00+10:00,demand_energy,0.5456,MWh
5216,SA1,2025-10-05 10:00:00+10:00,demand_energy,0.4886,MWh
5217,SA1,2025-10-05 11:00:00+10:00,demand_energy,1.0517,MWh
5218,SA1,2025-10-05 12:00:00+10:00,demand_energy,1.2721,MWh
5219,SA1,2025-10-05 13:00:00+10:00,demand_energy,1.1128,MWh
5220,SA1,2025-10-05 14:00:00+10:00,demand_energy,1.0931,MWh
5221,SA1,2025-10-05 15:00:00+10:00,demand_energy,1.2465,MWh
5222,SA1,2025-10-05 16:00:00+10:00,demand_energy,1.3792,MWh
5223,SA1,2025-10-05 17:00:00+10:00,demand_energy,1.4715,MWh
5224,SA1,2025-10-05 18:00:00+10:00,demand_energy,1.4811,MWh
5225,SA1,2025-10-05 19:00:00+10:00,demand_energy,1.53,MWh
5226,SA1,2025-10-05 20:00:00+10:00,demand_energy,1.465,MWh
5227,SA1,2025-10-05 21:00:00+10:00,demand_energy,1.4034,MWh
5228,SA1,2025-10-05 22:00:00+10:00,demand_energy,1.3625,MWh
5229,SA1,2025-10-05 23:00:00+10:00,demand_energy,1.3451,MWh
5230,SA1,2025-10-06 00:00:00+10:00,demand_energy,1.4002,MWh
5231,SA1,2025-10-06 01:00:00+10:00,demand_energy,1.3716,MWh
5232,SA1,2025-10-06 02:00:00+10:00,demand_energy,1.312,MWh
5233,SA1,2025-10-06 03:00:00+10:00,demand_energy,1.2517,MWh
5234,SA1,2025-10-06 04:00:00+10:00,demand_energy,1.2337,MWh
5235,SA1,2025-10-06 05:00:00+10:00,demand_energy,1.2088,MWh
5236,SA1,2025-10-06 06:00:00+10:00,demand_energy,1.2217,MWh
5237,SA1,2025-10-06 07:00:00+10:00,demand_energy,1.1757,MWh
5238,SA1,2025-10-06 08:00:00+10:00,demand_energy,1.0112,MWh
5239,SA1,2025-10-06 09:00:00+10:00,demand_energy,0.9241,MWh
5240,SA1,2025-10-06 10:00:00+10:00,demand_energy,0.9032,MWh
5241,SA1,2025-10-06 11:00:00+10:00,demand_energy,0.7232,MWh
5242,SA1,2025-10-06 12:00:00+10:00,demand_energy,0.6228,MWh
5243,SA1,2025-10-06 13:00:00+10:00,demand_energy,0.4112,MWh
5244,SA1,2025-10-06 14:00:00+10:00,demand_energy,0.4377,MWh
5245,SA1,2025-10-06 15:00:00+10:00,demand_energy,0.4804,MWh
5246,SA1,2025-10-06 16:00:00+10:00,demand_energy,0.6901,MWh
5247,SA1,2025-10-06 17:00:00+10:00,demand_energy,1.1871,MWh
5248,SA1,2025-10-06 18:00:00+10:00,demand_energy,1.4341,MWh
5249,SA1,2025-10-06 19:00:00+10:00,demand_energy,1.5492,MWh
5250,SA1,2025-10-06 20:00:00+10:00,demand_energy,1.5111,MWh
5251,SA1,2025-10-06 21:00:00+10:00,demand_energy,1.4357,MWh
5252,SA1,2025-10-06 22:00:00+10:00,demand_energy,1.3267,MWh
5253,SA1,2025-10-06 23:00:00+10:00,demand_energy,1.3007,MWh
5254,SA1,2025-10-07 00:00:00+10:00,demand_energy,1.3646,MWh
5255,SA1,2025-10-07 01:00:00+10:00,demand_energy,1.389,MWh
5256,SA1,2025-10-07 02:00:00+10:00,demand_energy,1.3454,MWh
5257,SA1,2025-10-07 03:00:00+10:00,demand_energy,1.3027,MWh
5258,SA1,2025-10-07 04:00:00+10:00,demand_energy,1.2964,MWh
5259,SA1,2025-10-07 05:00:00+10:00,demand_energy,1.3539,MWh
5260,SA1,2025-10-07 06:00:00+10:00,demand_energy,1.4827,MWh
5261,SA1,2025-10-07 07:00:00+10:00,demand_energy,1.5081,MWh
5262,SA1,2025-10-07 08:00:00+10:00,demand_energy,1.2664,MWh
5263,SA1,2025-10-07 09:00:00+10:00,demand_energy,0.9982,MWh
5264,SA1,2025-10-07 10:00:00+10:00,demand_energy,0.9327,MWh
5265,SA1,2025-10-07 11:00:00+10:00,demand_energy,0.7993,MWh
5266,SA1,2025-10-07 12:00:00+10:00,demand_energy,0.5475,MWh
5267,SA1,2025-10-07 13:00:00+10:00,demand_energy,0.4993,MWh
5268,SA1,2025-10-07 14:00:00+10:00,demand_energy,0.3592,MWh
5269,SA1,2025-10-07 15:00:00+10:00,demand_energy,0.4091,MWh
5270,SA1,2025-10-07 16:00:00+10:00,demand_energy,0.6659,MWh
5271,SA1,2025-10-07 17:00:00+10:00,demand_energy,1.0925,MWh
5272,SA1,2025-10-07 18:00:00+10:00,demand_energy,1.5431,MWh
5273,SA1,2025-10-07 19:00:00+10:00,demand_energy,1.6494,MWh
5274,SA1,2025-10-07 20:00:00+10:00,demand_energy,1.6047,MWh
5275,SA1,2025-10-07 21:00:00+10:00,demand_energy,1.5101,MWh
5276,SA1,2025-10-07 22:00:00+10:00,demand_energy,1.4164,MWh
5277,SA1,2025-10-07 23:00:00+10:00,demand_energy,1.3659,MWh
5278,SA1,2025-10-08 00:00:00+10:00,demand_energy,1.4026,MWh
5279,SA1,2025-10-08 01:00:00+10:00,demand_energy,1.4178,MWh
5280,SA1,2025-10-08 02:00:00+10:00,demand_energy,1.3514,MWh
5281,SA1,2025-10-08 03:00:00+10:00,demand_energy,1.3011,MWh
5282,SA1,2025-10-08 04:00:00+10:00,demand_energy,1.3185,MWh
5283,SA1,2025-10-08 05:00:00+10:00,demand_energy,1.4047,MWh
5284,SA1,2025-10-08 06:00:00+10:00,demand_energy,1.5461,MWh
5285,SA1,2025-10-08 07:00:00+10:00,demand_energy,1.4165,MWh
5286,SA1,2025-10-08 08:00:00+10:00,demand_energy,1.1226,MWh
5287,SA1,2025-10-08 09:00:00+10:00,demand_energy,0.924,MWh
5288,SA1,2025-10-08 10:00:00+10:00,demand_energy,0.9649,MWh
5289,SA1,2025-10-08 11:00:00+10:00,demand_energy,0.9639,MWh
5290,SA1,2025-10-08 12:00:00+10:00,demand_energy,0.6943,MWh
5291,SA1,2025-10-08 13:00:00+10:00,demand_energy,0.4304,MWh
5292,SA1,2025-10-08 14:00:00+10:00,demand_energy,0.2813,MWh
5293,SA1,2025-10-08 15:00:00+10:00,demand_energy,0.385,MWh
5294,SA1,2025-10-08 16:00:00+10:00,demand_energy,0.691,MWh
5295,SA1,2025-10-08 17:00:00+10:00,demand_energy,1.1529,MWh
5296,SA1,2025-10-08 18:00:00+10:00,demand_energy,1.5129,MWh
5297,SA1,2025-10-08 19:00:00+10:00,demand_energy,1.5859,MWh
5298,SA1,2025-10-08 20:00:00+10:00,demand_energy,1.5549,MWh
5299,SA1,2025-10-08 21:00:00+10:00,demand_energy,1.4594,MWh
5300,SA1,2025-10-08 22:00:00+10:00,demand_energy,1.3799,MWh
5301,SA1,2025-10-08 23:00:00+10:00,demand_energy,1.3525,MWh
5302,SA1,2025-10-09 00:00:00+10:00,demand_energy,1.407,MWh
5303,SA1,2025-10-09 01:00:00+10:00,demand_energy,1.412,MWh
5304,SA1,2025-10-09 02:00:00+10:00,demand_energy,1.3582,MWh
5305,SA1,2025-10-09 03:00:00+10:00,demand_energy,1.3031,MWh
5306,SA1,2025-10-09 04:00:00+10:00,demand_energy,1.3377,MWh
5307,SA1,2025-10-09 05:00:00+10:00,demand_energy,1.4144,MWh
5308,SA1,2025-10-09 06:00:00+10:00,demand_energy,1.5315,MWh
5309,SA1,2025-10-09 07:00:00+10:00,demand_energy,1.4144,MWh
5310,SA1,2025-10-09 08:00:00+10:00,demand_energy,1.0786,MWh
5311,SA1,2025-10-09 09:00:00+10:00,demand_energy,0.7581,MWh
5312,SA1,2025-10-09 10:00:00+10:00,demand_energy,0.492,MWh
5313,SA1,2025-10-09 11:00:00+10:00,demand_energy,0.435,MWh
5314,SA1,2025-10-09 12:00:00+10:00,demand_energy,0.2706,MWh
5315,SA1,2025-10-09 13:00:00+10:00,demand_energy,0.1736,MWh
5316,SA1,2025-10-09 14:00:00+10:00,demand_energy,0.2228,MWh
5317,SA1,2025-10-09 15:00:00+10:00,demand_energy,0.3469,MWh
5318,SA1,2025-10-09 16:00:00+10:00,demand_energy,0.6652,MWh
5319,SA1,2025-10-09 17:00:00+10:00,demand_energy,1.1098,MWh
5320,SA1,2025-10-09 18:00:00+10:00,demand_energy,1.4694,MWh
5321,SA1,2025-10-09 19:00:00+10:00,demand_energy,1.5818,MWh
5322,SA1,2025-10-09 20:00:00+10:00,demand_energy,1.5667,MWh
5323,SA1,2025-10-09 21:00:00+10:00,demand_energy,1.49,MWh
5324,SA1,2025-10-09 22:00:00+10:00,demand_energy,1.4158,MWh
5325,SA1,2025-10-09 23:00:00+10:00,demand_energy,1.3801,MWh
5326,SA1,2025-10-10 00:00:00+10:00,demand_energy,1.4211,MWh
5327,SA1,2025-10-10 01:00:00+10:00,demand_energy,1.4441,MWh
5328,SA1,2025-10-10 02:00:00+10:00,demand_energy,1.3755,MWh
5329,SA1,2025-10-10 03:00:00+10:00,demand_energy,1.3253,MWh
5330,SA1,2025-10-10 04:00:00+10:00,demand_energy,1.3166,MWh
5331,SA1,2025-10-10 05:00:00+10:00,demand_energy,1.4147,MWh
5332,SA1,2025-10-10 06:00:00+10:00,demand_energy,1.5364,MWh
5333,SA1,2025-10-10 07:00:00+10:00,demand_energy,1.4399,MWh
5334,SA1,2025-10-10 08:00:00+10:00,demand_energy,1.1315,MWh
5335,SA1,2025-10-10 09:00:00+10:00,demand_energy,0.722,MWh
5336,SA1,2025-10-10 10:00:00+10:00,demand_energy,0.6395,MWh
5337,SA1,2025-10-10 11:00:00+10:00,demand_energy,0.4699,MWh
5338,SA1,2025-10-10 12:00:00+10:00,demand_energy,0.4206,MWh
5339,SA1,2025-10-10 13:00:00+10:00,demand_energy,0.347,MWh
5340,SA1,2025-10-10 14:00:00+10:00,demand_energy,0.256,MWh
5341,SA1,2025-10-10 15:00:00+10:00,demand_energy,0.3638,MWh
5342,SA1,2025-10-10 16:00:00+10:00,demand_energy,0.6778,MWh
5343,SA1,2025-10-10 17:00:00+10:00,demand_energy,1.1202,MWh
5344,SA1,2025-10-10 18:00:00+10:00,demand_energy,1.4607,MWh
5345,SA1,2025-10-10 19:00:00+10:00,demand_energy,1.5798,MWh
5346,SA1,2025-10-10 20:00:00+10:00,demand_energy,1.5166,MWh
5347,SA1,2025-10-10 21:00:00+10:00,demand_energy,1.4528,MWh
5348,SA1,2025-10-10 22:00:00+10:00,demand_energy,1.3826,MWh
5349,SA1,2025-10-10 23:00:00+10:00,demand_energy,1.3394,MWh
5350,SA1,2025-10-11 00:00:00+10:00,demand_energy,1.3854,MWh
5351,SA1,2025-10-11 01:00:00+10:00,demand_energy,1.3788,MWh
5352,SA1,2025-10-11 02:00:00+10:00,demand_energy,1.3065,MWh
5353,SA1,2025-10-11 03:00:00+10:00,demand_energy,1.2479,MWh
5354,SA1,2025-10-11 04:00:00+10:00,demand_energy,1.2178,MWh
5355,SA1,2025-10-11 05:00:00+10:00,demand_energy,1.2097,MWh
5356,SA1,2025-10-11 06:00:00+10:00,demand_energy,1.2799,MWh
5357,SA1,2025-10-11 07:00:00+10:00,demand_energy,1.1888,MWh
5358,SA1,2025-10-11 08:00:00+10:00,demand_energy,1.0353,MWh
5359,SA1,2025-10-11 09:00:00+10:00,demand_energy,0.748,MWh
5360,SA1,2025-10-11 10:00:00+10:00,demand_energy,0.5717,MWh
5361,SA1,2025-10-11 11:00:00+10:00,demand_energy,0.3908,MWh
5362,SA1,2025-10-11 12:00:00+10:00,demand_energy,0.3367,MWh
5363,SA1,2025-10-11 13:00:00+10:00,demand_energy,0.2628,MWh
5364,SA1,2025-10-11 14:00:00+10:00,demand_energy,0.3516,MWh
5365,SA1,2025-10-11 15:00:00+10:00,demand_energy,0.4243,MWh
5366,SA1,2025-10-11 16:00:00+10:00,demand_energy,0.6161,MWh
5367,SA1,2025-10-11 17:00:00+10:00,demand_energy,1.0262,MWh
5368,SA1,2025-10-11 18:00:00+10:00,demand_energy,1.4043,MWh
5369,SA1,2025-10-11 19:00:00+10:00,demand_energy,1.4709,MWh
5370,SA1,2025-10-11 20:00:00+10:00,demand_energy,1.4455,MWh
5371,SA1,2025-10-11 21:00:00+10:00,demand_energy,1.3871,MWh
5372,SA1,2025-10-11 22:00:00+10:00,demand_energy,1.321,MWh
5373,SA1,2025-10-11 23:00:00+10:00,demand_energy,1.2885,MWh
5374,SA1,2025-10-12 00:00:00+10:00,demand_energy,1.3548,MWh
5375,SA1,2025-10-12 01:00:00+10:00,demand_energy,1.3474,MWh
5376,SA1,2025-10-12 02:00:00+10:00,demand_energy,1.2892,MWh
5377,SA1,2025-10-12 03:00:00+10:00,demand_energy,1.2148,MWh
5378,SA1,2025-10-12 04:00:00+10:00,demand_energy,1.2071,MWh
5379,SA1,2025-10-12 05:00:00+10:00,demand_energy,1.0816,MWh
5380,SA1,2025-10-12 06:00:00+10:00,demand_energy,1.2277,MWh
5381,SA1,2025-10-12 07:00:00+10:00,demand_energy,1.1386,MWh
5382,SA1,2025-10-12 08:00:00+10:00,demand_energy,0.903,MWh
5383,SA1,2025-10-12 09:00:00+10:00,demand_energy,0.5468,MWh
5384,SA1,2025-10-12 10:00:00+10:00,demand_energy,0.237,MWh
5385,SA1,2025-10-12 11:00:00+10:00,demand_energy,0.0008,MWh
5386,SA1,2025-10-12 12:00:00+10:00,demand_energy,-0.1178,MWh
5387,SA1,2025-10-12 13:00:00+10:00,demand_energy,-0.1516,MWh
5388,SA1,2025-10-12 14:00:00+10:00,demand_energy,-0.0482,MWh
5389,SA1,2025-10-12 15:00:00+10:00,demand_energy,0.3186,MWh
5390,SA1,2025-10-12 16:00:00+10:00,demand_energy,0.6459,MWh
5391,SA1,2025-10-12 17:00:00+10:00,demand_energy,1.0254,MWh
5392,SA1,2025-10-12 18:00:00+10:00,demand_energy,1.3728,MWh
5393,SA1,2025-10-12 19:00:00+10:00,demand_energy,1.5109,MWh
5394,SA1,2025-10-12 20:00:00+10:00,demand_energy,1.4774,MWh
5395,SA1,2025-10-12 21:00:00+10:00,demand_energy,1.3993,MWh
5396,SA1,2025-10-12 22:00:00+10:00,demand_energy,1.3028,MWh
5397,SA1,2025-10-12 23:00:00+10:00,demand_energy,1.2647,MWh
5398,SA1,2025-10-13 00:00:00+10:00,demand_energy,1.3386,MWh
5399,SA1,2025-10-13 01:00:00+10:00,demand_energy,1.3489,MWh
5400,SA1,2025-10-13 02:00:00+10:00,demand_energy,1.3086,MWh
5401,SA1,2025-10-13 03:00:00+10:00,demand_energy,1.2704,MWh
5402,SA1,2025-10-13 04:00:00+10:00,demand_energy,1.2657,MWh
5403,SA1,2025-10-13 05:00:00+10:00,demand_energy,1.3357,MWh
5404,SA1,2025-10-13 06:00:00+10:00,demand_energy,1.4984,MWh
5405,SA1,2025-10-13 07:00:00+10:00,demand_energy,1.4635,MWh
5406,SA1,2025-10-13 08:00:00+10:00,demand_energy,1.155,MWh
5407,SA1,2025-10-13 09:00:00+10:00,demand_energy,0.8078,MWh
5408,SA1,2025-10-13 10:00:00+10:00,demand_energy,0.5328,MWh
5409,SA1,2025-10-13 11:00:00+10:00,demand_energy,0.3031,MWh
5410,SA1,2025-10-13 12:00:00+10:00,demand_energy,0.0692,MWh
5411,SA1,2025-10-13 13:00:00+10:00,demand_energy,0.0015,MWh
5412,SA1,2025-10-13 14:00:00+10:00,demand_energy,0.0433,MWh
5413,SA1,2025-10-13 15:00:00+10:00,demand_energy,0.2402,MWh
5414,SA1,2025-10-13 16:00:00+10:00,demand_energy,0.5912,MWh
5415,SA1,2025-10-13 17:00:00+10:00,demand_energy,1.0267,MWh
5416,SA1,2025-10-13 18:00:00+10:00,demand_energy,1.4433,MWh
5417,SA1,2025-10-13 19:00:00+10:00,demand_energy,1.5698,MWh
5418,SA1,2025-10-13 20:00:00+10:00,demand_energy,1.512,MWh
5419,SA1,2025-10-13 21:00:00+10:00,demand_energy,1.4215,MWh
5420,SA1,2025-10-13 22:00:00+10:00,demand_energy,1.3476,MWh
5421,SA1,2025-10-13 23:00:00+10:00,demand_energy,1.3098,MWh
5422,SA1,2025-10-14 00:00:00+10:00,demand_energy,1.378,MWh
5423,SA1,2025-10-14 01:00:00+10:00,demand_energy,1.3968,MWh
5424,SA1,2025-10-14 02:00:00+10:00,demand_energy,1.368,MWh
5425,SA1,2025-10-14 03:00:00+10:00,demand_energy,1.269,MWh
5426,SA1,2025-10-14 04:00:00+10:00,demand_energy,1.2563,MWh
5427,SA1,2025-10-14 05:00:00+10:00,demand_energy,1.3448,MWh
5428,SA1,2025-10-14 06:00:00+10:00,demand_energy,1.4821,MWh
5429,SA1,2025-10-14 07:00:00+10:00,demand_energy,1.4423,MWh
5430,SA1,2025-10-14 08:00:00+10:00,demand_energy,1.1674,MWh
5431,SA1,2025-10-14 09:00:00+10:00,demand_energy,0.7868,MWh
5432,SA1,2025-10-14 10:00:00+10:00,demand_energy,0.5229,MWh
5433,SA1,2025-10-14 11:00:00+10:00,demand_energy,0.3159,MWh
5434,SA1,2025-10-14 12:00:00+10:00,demand_energy,0.1134,MWh
5435,SA1,2025-10-14 13:00:00+10:00,demand_energy,0.0194,MWh
5436,SA1,2025-10-14 14:00:00+10:00,demand_energy,0.0386,MWh
5437,SA1,2025-10-14 15:00:00+10:00,demand_energy,0.2141,MWh
5438,SA1,2025-10-14 16:00:00+10:00,demand_energy,0.5636,MWh
5439,SA1,2025-10-14 17:00:00+10:00,demand_energy,1.0064,MWh
5440,SA1,2025-10-14 18:00:00+10:00,demand_energy,1.4212,MWh
5441,SA1,2025-10-14 19:00:00+10:00,demand_energy,1.5443,MWh
5442,SA1,2025-10-14 20:00:00+10:00,demand_energy,1.5026,MWh
5443,SA1,2025-10-14 21:00:00+10:00,demand_energy,1.4391,MWh
5444,SA1,2025-10-14 22:00:00+10:00,demand_energy,1.3675,MWh
5445,SA1,2025-10-14 23:00:00+10:00,demand_energy,1.3265,MWh
5446,SA1,2025-10-15 00:00:00+10:00,demand_energy,1.3711,MWh
5447,SA1,2025-10-15 01:00:00+10:00,demand_energy,1.3617,MWh
5448,SA1,2025-10-15 02:00:00+10:00,demand_energy,1.2932,MWh
5449,SA1,2025-10-15 03:00:00+10:00,demand_energy,1.248,MWh
5450,SA1,2025-10-15 04:00:00+10:00,demand_energy,1.2585,MWh
5451,SA1,2025-10-15 05:00:00+10:00,demand_energy,1.3546,MWh
5452,SA1,2025-10-15 06:00:00+10:00,demand_energy,1.5193,MWh
5453,SA1,2025-10-15 07:00:00+10:00,demand_energy,1.3526,MWh
5454,SA1,2025-10-15 08:00:00+10:00,demand_energy,0.9676,MWh
5455,SA1,2025-10-15 09:00:00+10:00,demand_energy,0.5019,MWh
5456,SA1,2025-10-15 10:00:00+10:00,demand_energy,0.1906,MWh
5457,SA1,2025-10-15 11:00:00+10:00,demand_energy,0.0694,MWh
5458,SA1,2025-10-15 12:00:00+10:00,demand_energy,-0.0137,MWh
5459,SA1,2025-10-15 13:00:00+10:00,demand_energy,0.0312,MWh
5460,SA1,2025-10-15 14:00:00+10:00,demand_energy,0.1504,MWh
5461,SA1,2025-10-15 15:00:00+10:00,demand_energy,0.3858,MWh
5462,SA1,2025-10-15 16:00:00+10:00,demand_energy,0.6861,MWh
5463,SA1,2025-10-15 17:00:00+10:00,demand_energy,1.1234,MWh
5464,SA1,2025-10-15 18:00:00+10:00,demand_energy,1.4667,MWh
5465,SA1,2025-10-15 19:00:00+10:00,demand_energy,1.5331,MWh
5466,SA1,2025-10-15 20:00:00+10:00,demand_energy,1.4755,MWh
5467,SA1,2025-10-15 21:00:00+10:00,demand_energy,1.3956,MWh
5468,SA1,2025-10-15 22:00:00+10:00,demand_energy,1.28,MWh
5469,SA1,2025-10-15 23:00:00+10:00,demand_energy,1.2537,MWh
5470,SA1,2025-10-16 00:00:00+10:00,demand_energy,1.3192,MWh
5471,SA1,2025-10-16 01:00:00+10:00,demand_energy,1.3738,MWh
5472,SA1,2025-10-16 02:00:00+10:00,demand_energy,1.3211,MWh
5473,SA1,2025-10-16 03:00:00+10:00,demand_energy,1.2944,MWh
5474,SA1,2025-10-16 04:00:00+10:00,demand_energy,1.294,MWh
5475,SA1,2025-10-16 05:00:00+10:00,demand_energy,1.3649,MWh
5476,SA1,2025-10-16 06:00:00+10:00,demand_energy,1.4935,MWh
5477,SA1,2025-10-16 07:00:00+10:00,demand_energy,1.387,MWh
5478,SA1,2025-10-16 08:00:00+10:00,demand_energy,1.0591,MWh
5479,SA1,2025-10-16 09:00:00+10:00,demand_energy,0.7532,MWh
5480,SA1,2025-10-16 10:00:00+10:00,demand_energy,0.691,MWh
5481,SA1,2025-10-16 11:00:00+10:00,demand_energy,0.8151,MWh
5482,SA1,2025-10-16 12:00:00+10:00,demand_energy,0.9441,MWh
5483,SA1,2025-10-16 13:00:00+10:00,demand_energy,0.8765,MWh
5484,SA1,2025-10-16 14:00:00+10:00,demand_energy,0.5697,MWh
5485,SA1,2025-10-16 15:00:00+10:00,demand_energy,1.0337,MWh
5486,SA1,2025-10-16 16:00:00+10:00,demand_energy,1.4198,MWh
5487,SA1,2025-10-16 17:00:00+10:00,demand_energy,1.5466,MWh
5488,SA1,2025-10-16 18:00:00+10:00,demand_energy,1.6118,MWh
5489,SA1,2025-10-16 19:00:00+10:00,demand_energy,1.6047,MWh
5490,SA1,2025-10-16 20:00:00+10:00,demand_energy,1.5161,MWh
5491,SA1,2025-10-16 21:00:00+10:00,demand_energy,1.4155,MWh
5492,SA1,2025-10-16 22:00:00+10:00,demand_energy,1.33,MWh
5493,SA1,2025-10-16 23:00:00+10:00,demand_energy,1.2955,MWh
5494,SA1,2025-10-17 00:00:00+10:00,demand_energy,1.3731,MWh
5495,SA1,2025-10-17 01:00:00+10:00,demand_energy,1.3859,MWh
5496,SA1,2025-10-17 02:00:00+10:00,demand_energy,1.307,MWh
5497,SA1,2025-10-17 03:00:00+10:00,demand_energy,1.2473,MWh
5498,SA1,2025-10-17 04:00:00+10:00,demand_energy,1.1341,MWh
5499,SA1,2025-10-17 05:00:00+10:00,demand_energy,1.2924,MWh
5500,SA1,2025-10-17 06:00:00+10:00,demand_energy,1.3813,MWh
5501,SA1,2025-10-17 07:00:00+10:00,demand_energy,1.3387,MWh
5502,SA1,2025-10-17 08:00:00+10:00,demand_energy,1.0606,MWh
5503,SA1,2025-10-17 09:00:00+10:00,demand_energy,0.942,MWh
5504,SA1,2025-10-17 10:00:00+10:00,demand_energy,0.7243,MWh
5505,SA1,2025-10-17 11:00:00+10:00,demand_energy,0.3944,MWh
5506,SA1,2025-10-17 12:00:00+10:00,demand_energy,0.1888,MWh
5507,SA1,2025-10-17 13:00:00+10:00,demand_energy,0.1526,MWh
5508,SA1,2025-10-17 14:00:00+10:00,demand_energy,0.1639,MWh
5509,SA1,2025-10-17 15:00:00+10:00,demand_energy,0.2166,MWh
5510,SA1,2025-10-17 16:00:00+10:00,demand_energy,0.3678,MWh
5511,SA1,2025-10-17 17:00:00+10:00,demand_energy,1.0054,MWh
5512,SA1,2025-10-17 18:00:00+10:00,demand_energy,1.3373,MWh
5513,SA1,2025-10-17 19:00:00+10:00,demand_energy,1.496,MWh
5514,SA1,2025-10-17 20:00:00+10:00,demand_energy,1.4328,MWh
5515,SA1,2025-10-17 21:00:00+10:00,demand_energy,0.7888,MWh
5516,SA1,2025-10-17 22:00:00+10:00,demand_energy,1.2918,MWh
5517,SA1,2025-10-17 23:00:00+10:00,demand_energy,1.2819,MWh
5518,SA1,2025-10-18 00:00:00+10:00,demand_energy,1.3321,MWh
5519,SA1,2025-10-18 01:00:00+10:00,demand_energy,1.3225,MWh
5520,SA1,2025-10-18 02:00:00+10:00,demand_energy,1.2702,MWh
5521,SA1,2025-10-18 03:00:00+10:00,demand_energy,1.2116,MWh
5522,SA1,2025-10-18 04:00:00+10:00,demand_energy,1.1908,MWh
5523,SA1,2025-10-18 05:00:00+10:00,demand_energy,1.2016,MWh
5524,SA1,2025-10-18 06:00:00+10:00,demand_energy,1.2268,MWh
5525,SA1,2025-10-18 07:00:00+10:00,demand_energy,1.031,MWh
5526,SA1,2025-10-18 08:00:00+10:00,demand_energy,0.7148,MWh
5527,SA1,2025-10-18 09:00:00+10:00,demand_energy,0.3801,MWh
5528,SA1,2025-10-18 10:00:00+10:00,demand_energy,0.1379,MWh
5529,SA1,2025-10-18 11:00:00+10:00,demand_energy,0.0136,MWh
5530,SA1,2025-10-18 12:00:00+10:00,demand_energy,-0.0646,MWh
5531,SA1,2025-10-18 13:00:00+10:00,demand_energy,-0.0895,MWh
5532,SA1,2025-10-18 14:00:00+10:00,demand_energy,0.0229,MWh
5533,SA1,2025-10-18 15:00:00+10:00,demand_energy,0.2365,MWh
5534,SA1,2025-10-18 16:00:00+10:00,demand_energy,0.5533,MWh
5535,SA1,2025-10-18 17:00:00+10:00,demand_energy,0.9823,MWh
5536,SA1,2025-10-18 18:00:00+10:00,demand_energy,1.3462,MWh
5537,SA1,2025-10-18 19:00:00+10:00,demand_energy,1.4403,MWh
5538,SA1,2025-10-18 20:00:00+10:00,demand_energy,1.4119,MWh
5539,SA1,2025-10-18 21:00:00+10:00,demand_energy,1.4262,MWh
5540,SA1,2025-10-18 22:00:00+10:00,demand_energy,1.3778,MWh
5541,SA1,2025-10-18 23:00:00+10:00,demand_energy,1.3446,MWh
5542,SA1,2025-10-19 00:00:00+10:00,demand_energy,1.3782,MWh
5543,SA1,2025-10-19 01:00:00+10:00,demand_energy,1.3686,MWh
5544,SA1,2025-10-19 02:00:00+10:00,demand_energy,1.3086,MWh
5545,SA1,2025-10-19 03:00:00+10:00,demand_energy,1.2489,MWh
5546,SA1,2025-10-19 04:00:00+10:00,demand_energy,1.212,MWh
5547,SA1,2025-10-19 05:00:00+10:00,demand_energy,1.2329,MWh
5548,SA1,2025-10-19 06:00:00+10:00,demand_energy,1.2358,MWh
5549,SA1,2025-10-19 07:00:00+10:00,demand_energy,1.1648,MWh
5550,SA1,2025-10-19 08:00:00+10:00,demand_energy,1.0878,MWh
5551,SA1,2025-10-19 09:00:00+10:00,demand_energy,1.0326,MWh
5552,SA1,2025-10-19 10:00:00+10:00,demand_energy,1.1369,MWh
5553,SA1,2025-10-19 11:00:00+10:00,demand_energy,1.2534,MWh
5554,SA1,2025-10-19 12:00:00+10:00,demand_energy,0.8341,MWh
5555,SA1,2025-10-19 13:00:00+10:00,demand_energy,0.9116,MWh
5556,SA1,2025-10-19 14:00:00+10:00,demand_energy,1.1455,MWh
5557,SA1,2025-10-19 15:00:00+10:00,demand_energy,1.2284,MWh
5558,SA1,2025-10-19 16:00:00+10:00,demand_energy,1.3006,MWh
5559,SA1,2025-10-19 17:00:00+10:00,demand_energy,1.1781,MWh
5560,SA1,2025-10-19 18:00:00+10:00,demand_energy,1.4794,MWh
5561,SA1,2025-10-19 19:00:00+10:00,demand_energy,1.5009,MWh
5562,SA1,2025-10-19 20:00:00+10:00,demand_energy,1.4627,MWh
5563,SA1,2025-10-19 21:00:00+10:00,demand_energy,1.3629,MWh
5564,SA1,2025-10-19 22:00:00+10:00,demand_energy,1.2812,MWh
5565,SA1,2025-10-19 23:00:00+10:00,demand_energy,1.2447,MWh
5566,SA1,2025-10-20 00:00:00+10:00,demand_energy,1.3184,MWh
5567,SA1,2025-10-20 01:00:00+10:00,demand_energy,1.3235,MWh
5568,SA1,2025-10-20 02:00:00+10:00,demand_energy,1.2565,MWh
5569,SA1,2025-10-20 03:00:00+10:00,demand_energy,1.1903,MWh
5570,SA1,2025-10-20 04:00:00+10:00,demand_energy,1.1845,MWh
5571,SA1,2025-10-20 05:00:00+10:00,demand_energy,1.2616,MWh
5572,SA1,2025-10-20 06:00:00+10:00,demand_energy,1.3979,MWh
5573,SA1,2025-10-20 07:00:00+10:00,demand_energy,1.3572,MWh
5574,SA1,2025-10-20 08:00:00+10:00,demand_energy,1.3225,MWh
5575,SA1,2025-10-20 09:00:00+10:00,demand_energy,1.2463,MWh
5576,SA1,2025-10-20 10:00:00+10:00,demand_energy,1.4797,MWh
5577,SA1,2025-10-20 11:00:00+10:00,demand_energy,1.489,MWh
5578,SA1,2025-10-20 12:00:00+10:00,demand_energy,1.4354,MWh
5579,SA1,2025-10-20 13:00:00+10:00,demand_energy,1.3811,MWh
5580,SA1,2025-10-20 14:00:00+10:00,demand_energy,1.3922,MWh
5581,SA1,2025-10-20 15:00:00+10:00,demand_energy,1.4169,MWh
5582,SA1,2025-10-20 16:00:00+10:00,demand_energy,1.3099,MWh
5583,SA1,2025-10-20 17:00:00+10:00,demand_energy,1.5409,MWh
5584,SA1,2025-10-20 18:00:00+10:00,demand_energy,1.6081,MWh
5585,SA1,2025-10-20 19:00:00+10:00,demand_energy,1.5597,MWh
5586,SA1,2025-10-20 20:00:00+10:00,demand_energy,1.4852,MWh
5587,SA1,2025-10-20 21:00:00+10:00,demand_energy,1.4068,MWh
5588,SA1,2025-10-20 22:00:00+10:00,demand_energy,1.316,MWh
5589,SA1,2025-10-20 23:00:00+10:00,demand_energy,1.3026,MWh
5590,SA1,2025-10-21 00:00:00+10:00,demand_energy,1.3672,MWh
5591,SA1,2025-10-21 01:00:00+10:00,demand_energy,1.3707,MWh
5592,SA1,2025-10-21 02:00:00+10:00,demand_energy,1.2929,MWh
5593,SA1,2025-10-21 03:00:00+10:00,demand_energy,1.2311,MWh
5594,SA1,2025-10-21 04:00:00+10:00,demand_energy,1.2458,MWh
5595,SA1,2025-10-21 05:00:00+10:00,demand_energy,1.3373,MWh
5596,SA1,2025-10-21 06:00:00+10:00,demand_energy,1.5282,MWh
5597,SA1,2025-10-21 07:00:00+10:00,demand_energy,1.6101,MWh
5598,SA1,2025-10-21 08:00:00+10:00,demand_energy,1.6533,MWh
5599,SA1,2025-10-21 09:00:00+10:00,demand_energy,1.6107,MWh
5600,SA1,2025-10-21 10:00:00+10:00,demand_energy,1.5918,MWh
5601,SA1,2025-10-21 11:00:00+10:00,demand_energy,1.697,MWh
5602,SA1,2025-10-21 12:00:00+10:00,demand_energy,1.5947,MWh
5603,SA1,2025-10-21 13:00:00+10:00,demand_energy,1.4278,MWh
5604,SA1,2025-10-21 14:00:00+10:00,demand_energy,1.3307,MWh
5605,SA1,2025-10-21 15:00:00+10:00,demand_energy,1.4697,MWh
5606,SA1,2025-10-21 16:00:00+10:00,demand_energy,1.4779,MWh
5607,SA1,2025-10-21 17:00:00+10:00,demand_energy,1.6529,MWh
5608,SA1,2025-10-21 18:00:00+10:00,demand_energy,1.5135,MWh
5609,SA1,2025-10-21 19:00:00+10:00,demand_energy,1.6045,MWh
5610,SA1,2025-10-21 20:00:00+10:00,demand_energy,1.5283,MWh
5611,SA1,2025-10-21 21:00:00+10:00,demand_energy,1.4349,MWh
5612,SA1,2025-10-21 22:00:00+10:00,demand_energy,1.3738,MWh
5613,SA1,2025-10-21 23:00:00+10:00,demand_energy,1.3931,MWh
5614,SA1,2025-10-22 00:00:00+10:00,demand_energy,1.4562,MWh
5615,SA1,2025-10-22 01:00:00+10:00,demand_energy,1.4833,MWh
5616,SA1,2025-10-22 02:00:00+10:00,demand_energy,1.3831,MWh
5617,SA1,2025-10-22 03:00:00+10:00,demand_energy,1.3341,MWh
5618,SA1,2025-10-22 04:00:00+10:00,demand_energy,1.3013,MWh
5619,SA1,2025-10-22 05:00:00+10:00,demand_energy,1.3849,MWh
5620,SA1,2025-10-22 06:00:00+10:00,demand_energy,1.4945,MWh
5621,SA1,2025-10-22 07:00:00+10:00,demand_energy,1.4626,MWh
5622,SA1,2025-10-22 08:00:00+10:00,demand_energy,1.2383,MWh
5623,SA1,2025-10-22 09:00:00+10:00,demand_energy,0.8802,MWh
5624,SA1,2025-10-22 10:00:00+10:00,demand_energy,0.8554,MWh
5625,SA1,2025-10-22 11:00:00+10:00,demand_energy,0.6259,MWh
5626,SA1,2025-10-22 12:00:00+10:00,demand_energy,0.4754,MWh
5627,SA1,2025-10-22 13:00:00+10:00,demand_energy,0.4546,MWh
5628,SA1,2025-10-22 14:00:00+10:00,demand_energy,0.5244,MWh
5629,SA1,2025-10-22 15:00:00+10:00,demand_energy,0.5618,MWh
5630,SA1,2025-10-22 16:00:00+10:00,demand_energy,0.774,MWh
5631,SA1,2025-10-22 17:00:00+10:00,demand_energy,1.184,MWh
5632,SA1,2025-10-22 18:00:00+10:00,demand_energy,1.5008,MWh
5633,SA1,2025-10-22 19:00:00+10:00,demand_energy,1.5955,MWh
5634,SA1,2025-10-22 20:00:00+10:00,demand_energy,1.5444,MWh
5635,SA1,2025-10-22 21:00:00+10:00,demand_energy,1.4673,MWh
5636,SA1,2025-10-22 22:00:00+10:00,demand_energy,1.3471,MWh
5637,SA1,2025-10-22 23:00:00+10:00,demand_energy,1.2992,MWh
5638,SA1,2025-10-23 00:00:00+10:00,demand_energy,1.3403,MWh
5639,SA1,2025-10-23 01:00:00+10:00,demand_energy,1.3414,MWh
5640,SA1,2025-10-23 02:00:00+10:00,demand_energy,1.2703,MWh
5641,SA1,2025-10-23 03:00:00+10:00,demand_energy,1.2223,MWh
5642,SA1,2025-10-23 04:00:00+10:00,demand_energy,1.2134,MWh
5643,SA1,2025-10-23 05:00:00+10:00,demand_energy,1.2849,MWh
5644,SA1,2025-10-23 06:00:00+10:00,demand_energy,1.4158,MWh
5645,SA1,2025-10-23 07:00:00+10:00,demand_energy,1.3234,MWh
5646,SA1,2025-10-23 08:00:00+10:00,demand_energy,1.0927,MWh
5647,SA1,2025-10-23 09:00:00+10:00,demand_energy,0.9655,MWh
5648,SA1,2025-10-23 10:00:00+10:00,demand_energy,0.72,MWh
5649,SA1,2025-10-23 11:00:00+10:00,demand_energy,0.3765,MWh
5650,SA1,2025-10-23 12:00:00+10:00,demand_energy,0.0614,MWh
5651,SA1,2025-10-23 13:00:00+10:00,demand_energy,0.0246,MWh
5652,SA1,2025-10-23 14:00:00+10:00,demand_energy,0.0254,MWh
5653,SA1,2025-10-23 15:00:00+10:00,demand_energy,0.1586,MWh
5654,SA1,2025-10-23 16:00:00+10:00,demand_energy,0.4863,MWh
5655,SA1,2025-10-23 17:00:00+10:00,demand_energy,0.9625,MWh
5656,SA1,2025-10-23 18:00:00+10:00,demand_energy,1.4134,MWh
5657,SA1,2025-10-23 19:00:00+10:00,demand_energy,1.5559,MWh
5658,SA1,2025-10-23 20:00:00+10:00,demand_energy,1.5322,MWh
5659,SA1,2025-10-23 21:00:00+10:00,demand_energy,1.4492,MWh
5660,SA1,2025-10-23 22:00:00+10:00,demand_energy,1.35,MWh
5661,SA1,2025-10-23 23:00:00+10:00,demand_energy,1.3061,MWh
5662,SA1,2025-10-24 00:00:00+10:00,demand_energy,1.3655,MWh
5663,SA1,2025-10-24 01:00:00+10:00,demand_energy,1.3628,MWh
5664,SA1,2025-10-24 02:00:00+10:00,demand_energy,1.2829,MWh
5665,SA1,2025-10-24 03:00:00+10:00,demand_energy,1.2379,MWh
5666,SA1,2025-10-24 04:00:00+10:00,demand_energy,1.2316,MWh
5667,SA1,2025-10-24 05:00:00+10:00,demand_energy,1.3419,MWh
5668,SA1,2025-10-24 06:00:00+10:00,demand_energy,1.4234,MWh
5669,SA1,2025-10-24 07:00:00+10:00,demand_energy,1.1799,MWh
5670,SA1,2025-10-24 08:00:00+10:00,demand_energy,0.7566,MWh
5671,SA1,2025-10-24 09:00:00+10:00,demand_energy,0.3948,MWh
5672,SA1,2025-10-24 10:00:00+10:00,demand_energy,0.2067,MWh
5673,SA1,2025-10-24 11:00:00+10:00,demand_energy,0.09,MWh
5674,SA1,2025-10-24 12:00:00+10:00,demand_energy,-0.0193,MWh
5675,SA1,2025-10-24 13:00:00+10:00,demand_energy,0.0707,MWh
5676,SA1,2025-10-24 14:00:00+10:00,demand_energy,0.2187,MWh
5677,SA1,2025-10-24 15:00:00+10:00,demand_energy,0.4553,MWh
5678,SA1,2025-10-24 16:00:00+10:00,demand_energy,0.8435,MWh
5679,SA1,2025-10-24 17:00:00+10:00,demand_energy,1.1717,MWh
5680,SA1,2025-10-24 18:00:00+10:00,demand_energy,1.3657,MWh
5681,SA1,2025-10-24 19:00:00+10:00,demand_energy,1.4865,MWh
5682,SA1,2025-10-24 20:00:00+10:00,demand_energy,1.4492,MWh
5683,SA1,2025-10-24 21:00:00+10:00,demand_energy,1.3717,MWh
5684,SA1,2025-10-24 22:00:00+10:00,demand_energy,1.2826,MWh
5685,SA1,2025-10-24 23:00:00+10:00,demand_energy,1.2577,MWh
5686,SA1,2025-10-25 00:00:00+10:00,demand_energy,1.2917,MWh
5687,SA1,2025-10-25 01:00:00+10:00,demand_energy,1.2595,MWh
5688,SA1,2025-10-25 02:00:00+10:00,demand_energy,1.2171,MWh
5689,SA1,2025-10-25 03:00:00+10:00,demand_energy,1.1667,MWh
5690,SA1,2025-10-25 04:00:00+10:00,demand_energy,1.1507,MWh
5691,SA1,2025-10-25 05:00:00+10:00,demand_energy,1.1707,MWh
5692,SA1,2025-10-25 06:00:00+10:00,demand_energy,1.2149,MWh
5693,SA1,2025-10-25 07:00:00+10:00,demand_energy,1.2085,MWh
5694,SA1,2025-10-25 08:00:00+10:00,demand_energy,1.0877,MWh
5695,SA1,2025-10-25 09:00:00+10:00,demand_energy,1.0878,MWh
5696,SA1,2025-10-25 10:00:00+10:00,demand_energy,0.9295,MWh
5697,SA1,2025-10-25 11:00:00+10:00,demand_energy,0.9006,MWh
5698,SA1,2025-10-25 12:00:00+10:00,demand_energy,0.8278,MWh
5699,SA1,2025-10-25 13:00:00+10:00,demand_energy,1.038,MWh
5700,SA1,2025-10-25 14:00:00+10:00,demand_energy,1.3778,MWh
5701,SA1,2025-10-25 15:00:00+10:00,demand_energy,1.4602,MWh
5702,SA1,2025-10-25 16:00:00+10:00,demand_energy,1.3975,MWh
5703,SA1,2025-10-25 17:00:00+10:00,demand_energy,1.4012,MWh
5704,SA1,2025-10-25 18:00:00+10:00,demand_energy,1.4116,MWh
5705,SA1,2025-10-25 19:00:00+10:00,demand_energy,1.3917,MWh
5706,SA1,2025-10-25 20:00:00+10:00,demand_energy,1.3403,MWh
5707,SA1,2025-10-25 21:00:00+10:00,demand_energy,1.2775,MWh
5708,SA1,2025-10-25 22:00:00+10:00,demand_energy,1.2959,MWh
5709,SA1,2025-10-25 23:00:00+10:00,demand_energy,1.2496,MWh
5710,SA1,2025-10-26 00:00:00+10:00,demand_energy,1.3078,MWh
5711,SA1,2025-10-26 01:00:00+10:00,demand_energy,1.3265,MWh
5712,SA1,2025-10-26 02:00:00+10:00,demand_energy,1.2739,MWh
5713,SA1,2025-10-26 03:00:00+10:00,demand_energy,1.2224,MWh
5714,SA1,2025-10-26 04:00:00+10:00,demand_energy,1.1879,MWh
5715,SA1,2025-10-26 05:00:00+10:00,demand_energy,1.1947,MWh
5716,SA1,2025-10-26 06:00:00+10:00,demand_energy,1.1485,MWh
5717,SA1,2025-10-26 07:00:00+10:00,demand_energy,0.991,MWh
5718,SA1,2025-10-26 08:00:00+10:00,demand_energy,0.8071,MWh
5719,SA1,2025-10-26 09:00:00+10:00,demand_energy,0.564,MWh
5720,SA1,2025-10-26 10:00:00+10:00,demand_energy,0.4211,MWh
5721,SA1,2025-10-26 11:00:00+10:00,demand_energy,0.1508,MWh
5722,SA1,2025-10-26 12:00:00+10:00,demand_energy,0.2278,MWh
5723,SA1,2025-10-26 13:00:00+10:00,demand_energy,0.1758,MWh
5724,SA1,2025-10-26 14:00:00+10:00,demand_energy,0.1849,MWh
5725,SA1,2025-10-26 15:00:00+10:00,demand_energy,0.2113,MWh
5726,SA1,2025-10-26 16:00:00+10:00,demand_energy,0.7372,MWh
5727,SA1,2025-10-26 17:00:00+10:00,demand_energy,1.0868,MWh
5728,SA1,2025-10-26 18:00:00+10:00,demand_energy,1.428,MWh
5729,SA1,2025-10-26 19:00:00+10:00,demand_energy,1.5133,MWh
5730,SA1,2025-10-26 20:00:00+10:00,demand_energy,1.4753,MWh
5731,SA1,2025-10-26 21:00:00+10:00,demand_energy,1.3857,MWh
5732,SA1,2025-10-26 22:00:00+10:00,demand_energy,1.3137,MWh
5733,SA1,2025-10-26 23:00:00+10:00,demand_energy,1.3076,MWh
5734,SA1,2025-10-27 00:00:00+10:00,demand_energy,1.3738,MWh
5735,SA1,2025-10-27 01:00:00+10:00,demand_energy,1.3745,MWh
5736,SA1,2025-10-27 02:00:00+10:00,demand_energy,1.2974,MWh
5737,SA1,2025-10-27 03:00:00+10:00,demand_energy,1.2298,MWh
5738,SA1,2025-10-27 04:00:00+10:00,demand_energy,1.218,MWh
5739,SA1,2025-10-27 05:00:00+10:00,demand_energy,1.2736,MWh
5740,SA1,2025-10-27 06:00:00+10:00,demand_energy,1.3901,MWh
5741,SA1,2025-10-27 07:00:00+10:00,demand_energy,1.3079,MWh
5742,SA1,2025-10-27 08:00:00+10:00,demand_energy,1.2244,MWh
5743,SA1,2025-10-27 09:00:00+10:00,demand_energy,1.1389,MWh
5744,SA1,2025-10-27 10:00:00+10:00,demand_energy,1.0773,MWh
5745,SA1,2025-10-27 11:00:00+10:00,demand_energy,0.7328,MWh
5746,SA1,2025-10-27 12:00:00+10:00,demand_energy,1.037,MWh
5747,SA1,2025-10-27 13:00:00+10:00,demand_energy,0.9709,MWh
5748,SA1,2025-10-27 14:00:00+10:00,demand_energy,0.8405,MWh
5749,SA1,2025-10-27 15:00:00+10:00,demand_energy,0.9038,MWh
5750,SA1,2025-10-27 16:00:00+10:00,demand_energy,0.9381,MWh
5751,SA1,2025-10-27 17:00:00+10:00,demand_energy,1.1746,MWh
5752,SA1,2025-10-27 18:00:00+10:00,demand_energy,1.4421,MWh
5753,SA1,2025-10-27 19:00:00+10:00,demand_energy,1.5949,MWh
5754,SA1,2025-10-27 20:00:00+10:00,demand_energy,1.565,MWh
5755,SA1,2025-10-27 21:00:00+10:00,demand_energy,1.4825,MWh
5756,SA1,2025-10-27 22:00:00+10:00,demand_energy,1.3703,MWh
5757,SA1,2025-10-27 23:00:00+10:00,demand_energy,1.3222,MWh
5758,SA1,2025-10-28 00:00:00+10:00,demand_energy,1.3898,MWh
5759,SA1,2025-10-28 01:00:00+10:00,demand_energy,1.3824,MWh
5760,SA1,2025-10-28 02:00:00+10:00,demand_energy,1.3212,MWh
5761,SA1,2025-10-28 03:00:00+10:00,demand_energy,1.2692,MWh
5762,SA1,2025-10-28 04:00:00+10:00,demand_energy,1.0537,MWh
5763,SA1,2025-10-28 05:00:00+10:00,demand_energy,1.3322,MWh
5764,SA1,2025-10-28 06:00:00+10:00,demand_energy,1.3241,MWh
5765,SA1,2025-10-28 07:00:00+10:00,demand_energy,0.3487,MWh
5766,SA1,2025-10-28 08:00:00+10:00,demand_energy,0.6507,MWh
5767,SA1,2025-10-28 09:00:00+10:00,demand_energy,0.4217,MWh
5768,SA1,2025-10-28 10:00:00+10:00,demand_energy,0.1417,MWh
5769,SA1,2025-10-28 11:00:00+10:00,demand_energy,0.012,MWh
5770,SA1,2025-10-28 12:00:00+10:00,demand_energy,-0.0601,MWh
5771,SA1,2025-10-28 13:00:00+10:00,demand_energy,-0.0948,MWh
5772,SA1,2025-10-28 14:00:00+10:00,demand_energy,-0.078,MWh
5773,SA1,2025-10-28 15:00:00+10:00,demand_energy,0.0987,MWh
5774,SA1,2025-10-28 16:00:00+10:00,demand_energy,0.4467,MWh
5775,SA1,2025-10-28 17:00:00+10:00,demand_energy,0.8664,MWh
5776,SA1,2025-10-28 18:00:00+10:00,demand_energy,1.3118,MWh
5777,SA1,2025-10-28 19:00:00+10:00,demand_energy,1.5061,MWh
5778,SA1,2025-10-28 20:00:00+10:00,demand_energy,1.4954,MWh
5779,SA1,2025-10-28 21:00:00+10:00,demand_energy,1.4066,MWh
5780,SA1,2025-10-28 22:00:00+10:00,demand_energy,1.3257,MWh
5781,SA1,2025-10-28 23:00:00+10:00,demand_energy,1.27,MWh
5782,SA1,2025-10-29 00:00:00+10:00,demand_energy,1.3375,MWh
5783,SA1,2025-10-29 01:00:00+10:00,demand_energy,1.3449,MWh
5784,SA1,2025-10-29 02:00:00+10:00,demand_energy,1.2655,MWh
5785,SA1,2025-10-29 03:00:00+10:00,demand_energy,1.222,MWh
5786,SA1,2025-10-29 04:00:00+10:00,demand_energy,1.2342,MWh
5787,SA1,2025-10-29 05:00:00+10:00,demand_energy,1.3049,MWh
5788,SA1,2025-10-29 06:00:00+10:00,demand_energy,1.271,MWh
5789,SA1,2025-10-29 07:00:00+10:00,demand_energy,1.1684,MWh
5790,SA1,2025-10-29 08:00:00+10:00,demand_energy,0.765,MWh
5791,SA1,2025-10-29 09:00:00+10:00,demand_energy,0.3477,MWh
5792,SA1,2025-10-29 10:00:00+10:00,demand_energy,0.1422,MWh
5793,SA1,2025-10-29 11:00:00+10:00,demand_energy,0.0936,MWh
5794,SA1,2025-10-29 12:00:00+10:00,demand_energy,0.0177,MWh
5795,SA1,2025-10-29 13:00:00+10:00,demand_energy,-0.0561,MWh
5796,SA1,2025-10-29 14:00:00+10:00,demand_energy,0.1482,MWh
5797,SA1,2025-10-29 15:00:00+10:00,demand_energy,0.2663,MWh
5798,SA1,2025-10-29 16:00:00+10:00,demand_energy,0.546,MWh
5799,SA1,2025-10-29 17:00:00+10:00,demand_energy,0.9553,MWh
5800,SA1,2025-10-29 18:00:00+10:00,demand_energy,1.2148,MWh
5801,SA1,2025-10-29 19:00:00+10:00,demand_energy,1.488,MWh
5802,SA1,2025-10-29 20:00:00+10:00,demand_energy,1.4799,MWh
5803,SA1,2025-10-29 21:00:00+10:00,demand_energy,1.4218,MWh
5804,SA1,2025-10-29 22:00:00+10:00,demand_energy,1.344,MWh
5805,SA1,2025-10-29 23:00:00+10:00,demand_energy,1.3086,MWh
5806,SA1,2025-10-30 00:00:00+10:00,demand_energy,1.3578,MWh
5807,SA1,2025-10-30 01:00:00+10:00,demand_energy,1.3458,MWh
5808,SA1,2025-10-30 02:00:00+10:00,demand_energy,1.284,MWh
5809,SA1,2025-10-30 03:00:00+10:00,demand_energy,1.2395,MWh
5810,SA1,2025-10-30 04:00:00+10:00,demand_energy,1.2371,MWh
5811,SA1,2025-10-30 05:00:00+10:00,demand_energy,1.3054,MWh
5812,SA1,2025-10-30 06:00:00+10:00,demand_energy,1.3421,MWh
5813,SA1,2025-10-30 07:00:00+10:00,demand_energy,1.1592,MWh
5814,SA1,2025-10-30 08:00:00+10:00,demand_energy,0.8936,MWh
5815,SA1,2025-10-30 09:00:00+10:00,demand_energy,0.6438,MWh
5816,SA1,2025-10-30 10:00:00+10:00,demand_energy,0.928,MWh
5817,SA1,2025-10-30 11:00:00+10:00,demand_energy,0.731,MWh
5818,SA1,2025-10-30 12:00:00+10:00,demand_energy,0.9499,MWh
5819,SA1,2025-10-30 13:00:00+10:00,demand_energy,0.727,MWh
5820,SA1,2025-10-30 14:00:00+10:00,demand_energy,1.0485,MWh
5821,SA1,2025-10-30 15:00:00+10:00,demand_energy,1.3057,MWh
5822,SA1,2025-10-30 16:00:00+10:00,demand_energy,1.3284,MWh
5823,SA1,2025-10-30 17:00:00+10:00,demand_energy,1.4272,MWh
5824,SA1,2025-10-30 18:00:00+10:00,demand_energy,1.4841,MWh
5825,SA1,2025-10-30 19:00:00+10:00,demand_energy,1.4956,MWh
5826,SA1,2025-10-30 20:00:00+10:00,demand_energy,1.4708,MWh
5827,SA1,2025-10-30 21:00:00+10:00,demand_energy,1.4287,MWh
5828,SA1,2025-10-30 22:00:00+10:00,demand_energy,1.3508,MWh
5829,SA1,2025-10-30 23:00:00+10:00,demand_energy,1.3303,MWh
5830,SA1,2025-10-31 00:00:00+10:00,demand_energy,1.3691,MWh
5831,SA1,2025-10-31 01:00:00+10:00,demand_energy,1.37,MWh
5832,SA1,2025-10-31 02:00:00+10:00,demand_energy,1.3118,MWh
5833,SA1,2025-10-31 03:00:00+10:00,demand_energy,1.2247,MWh
5834,SA1,2025-10-31 04:00:00+10:00,demand_energy,1.2204,MWh
5835,SA1,2025-10-31 05:00:00+10:00,demand_energy,1.2775,MWh
5836,SA1,2025-10-31 06:00:00+10:00,demand_energy,1.3629,MWh
5837,SA1,2025-10-31 07:00:00+10:00,demand_energy,1.204,MWh
5838,SA1,2025-10-31 08:00:00+10:00,demand_energy,0.8269,MWh
5839,SA1,2025-10-31 09:00:00+10:00,demand_energy,0.5043,MWh
5840,SA1,2025-10-31 10:00:00+10:00,demand_energy,0.3683,MWh
5841,SA1,2025-10-31 11:00:00+10:00,demand_energy,0.2533,MWh
5842,SA1,2025-10-31 12:00:00+10:00,demand_energy,0.1886,MWh
5843,SA1,2025-10-31 13:00:00+10:00,demand_energy,0.1689,MWh
5844,SA1,2025-10-31 14:00:00+10:00,demand_energy,0.1843,MWh
5845,SA1,2025-10-31 15:00:00+10:00,demand_energy,0.3344,MWh
5846,SA1,2025-10-31 16:00:00+10:00,demand_energy,0.6218,MWh
5847,SA1,2025-10-31 17:00:00+10:00,demand_energy,1.002,MWh
5848,SA1,2025-10-31 18:00:00+10:00,demand_energy,1.3226,MWh
5849,SA1,2025-10-31 19:00:00+10:00,demand_energy,1.474,MWh
5850,SA1,2025-10-31 20:00:00+10:00,demand_energy,1.4364,MWh
5851,SA1,2025-10-31 21:00:00+10:00,demand_energy,1.384,MWh
5852,SA1,2025-10-31 22:00:00+10:00,demand_energy,1.3115,MWh
5853,SA1,2025-10-31 23:00:00+10:00,demand_energy,1.2811,MWh
5854,SA1,2025-11-01 00:00:00+10:00,demand_energy,1.2981,MWh
5855,SA1,2025-11-01 01:00:00+10:00,demand_energy,1.263,MWh
5856,SA1,2025-11-01 02:00:00+10:00,demand_energy,1.2144,MWh
5857,SA1,2025-11-01 03:00:00+10:00,demand_energy,1.1724,MWh
5858,SA1,2025-11-01 04:00:00+10:00,demand_energy,1.1396,MWh
5859,SA1,2025-11-01 05:00:00+10:00,demand_energy,1.1422,MWh
5860,SA1,2025-11-01 06:00:00+10:00,demand_energy,1.1317,MWh
5861,SA1,2025-11-01 07:00:00+10:00,demand_energy,0.8547,MWh
5862,SA1,2025-11-01 08:00:00+10:00,demand_energy,0.6304,MWh
5863,SA1,2025-11-01 09:00:00+10:00,demand_energy,0.2802,MWh
5864,SA1,2025-11-01 10:00:00+10:00,demand_energy,0.0849,MWh
5865,SA1,2025-11-01 11:00:00+10:00,demand_energy,0.0132,MWh
5866,SA1,2025-11-01 12:00:00+10:00,demand_energy,-0.0615,MWh
5867,SA1,2025-11-01 13:00:00+10:00,demand_energy,-0.0548,MWh
5868,SA1,2025-11-01 14:00:00+10:00,demand_energy,0.0338,MWh
5869,SA1,2025-11-01 15:00:00+10:00,demand_energy,0.2501,MWh
5870,SA1,2025-11-01 16:00:00+10:00,demand_energy,0.5857,MWh
5871,SA1,2025-11-01 17:00:00+10:00,demand_energy,0.9854,MWh
5872,SA1,2025-11-01 18:00:00+10:00,demand_energy,1.3505,MWh
5873,SA1,2025-11-01 19:00:00+10:00,demand_energy,1.4852,MWh
5874,SA1,2025-11-01 20:00:00+10:00,demand_energy,1.446,MWh
5875,SA1,2025-11-01 21:00:00+10:00,demand_energy,1.3675,MWh
5876,SA1,2025-11-01 22:00:00+10:00,demand_energy,1.2887,MWh
5877,SA1,2025-11-01 23:00:00+10:00,demand_energy,1.3162,MWh
5878,SA1,2025-11-02 00:00:00+10:00,demand_energy,1.3766,MWh
5879,SA1,2025-11-02 01:00:00+10:00,demand_energy,1.3655,MWh
5880,SA1,2025-11-02 02:00:00+10:00,demand_energy,1.3109,MWh
5881,SA1,2025-11-02 03:00:00+10:00,demand_energy,1.2417,MWh
5882,SA1,2025-11-02 04:00:00+10:00,demand_energy,1.2175,MWh
5883,SA1,2025-11-02 05:00:00+10:00,demand_energy,1.2468,MWh
5884,SA1,2025-11-02 06:00:00+10:00,demand_energy,1.1793,MWh
5885,SA1,2025-11-02 07:00:00+10:00,demand_energy,0.9636,MWh
5886,SA1,2025-11-02 08:00:00+10:00,demand_energy,0.9059,MWh
5887,SA1,2025-11-02 09:00:00+10:00,demand_energy,1.2305,MWh
5888,SA1,2025-11-02 10:00:00+10:00,demand_energy,1.2367,MWh
5889,SA1,2025-11-02 11:00:00+10:00,demand_energy,1.2657,MWh
5890,SA1,2025-11-02 12:00:00+10:00,demand_energy,1.2555,MWh
5891,SA1,2025-11-02 13:00:00+10:00,demand_energy,1.3611,MWh
5892,SA1,2025-11-02 14:00:00+10:00,demand_energy,1.1391,MWh
5893,SA1,2025-11-02 15:00:00+10:00,demand_energy,1.3353,MWh
5894,SA1,2025-11-02 16:00:00+10:00,demand_energy,1.4545,MWh
5895,SA1,2025-11-02 17:00:00+10:00,demand_energy,1.5114,MWh
5896,SA1,2025-11-02 18:00:00+10:00,demand_energy,1.5216,MWh
5897,SA1,2025-11-02 19:00:00+10:00,demand_energy,1.4966,MWh
5898,SA1,2025-11-02 20:00:00+10:00,demand_energy,1.4291,MWh
5899,SA1,2025-11-02 21:00:00+10:00,demand_energy,1.3303,MWh
5900,SA1,2025-11-02 22:00:00+10:00,demand_energy,1.2439,MWh
5901,SA1,2025-11-02 23:00:00+10:00,demand_energy,1.2313,MWh
5902,SA1,2025-11-03 00:00:00+10:00,demand_energy,1.3056,MWh
5903,SA1,2025-11-03 01:00:00+10:00,demand_energy,1.3214,MWh
5904,SA1,2025-11-03 02:00:00+10:00,demand_energy,1.2724,MWh
5905,SA1,2025-11-03 03:00:00+10:00,demand_energy,1.2308,MWh
5906,SA1,2025-11-03 04:00:00+10:00,demand_energy,1.2403,MWh
5907,SA1,2025-11-03 05:00:00+10:00,demand_energy,1.307,MWh
5908,SA1,2025-11-03 06:00:00+10:00,demand_energy,1.4101,MWh
5909,SA1,2025-11-03 07:00:00+10:00,demand_energy,1.2466,MWh
5910,SA1,2025-11-03 08:00:00+10:00,demand_energy,1.0645,MWh
5911,SA1,2025-11-03 09:00:00+10:00,demand_energy,0.9639,MWh
5912,SA1,2025-11-03 10:00:00+10:00,demand_energy,1.1335,MWh
5913,SA1,2025-11-03 11:00:00+10:00,demand_energy,0.9251,MWh
5914,SA1,2025-11-03 12:00:00+10:00,demand_energy,0.8578,MWh
5915,SA1,2025-11-03 13:00:00+10:00,demand_energy,0.8303,MWh
5916,SA1,2025-11-03 14:00:00+10:00,demand_energy,0.9145,MWh
5917,SA1,2025-11-03 15:00:00+10:00,demand_energy,0.8884,MWh
5918,SA1,2025-11-03 16:00:00+10:00,demand_energy,1.1058,MWh
5919,SA1,2025-11-03 17:00:00+10:00,demand_energy,1.3098,MWh
5920,SA1,2025-11-03 18:00:00+10:00,demand_energy,1.574,MWh
5921,SA1,2025-11-03 19:00:00+10:00,demand_energy,1.7451,MWh
5922,SA1,2025-11-03 20:00:00+10:00,demand_energy,1.6987,MWh
5923,SA1,2025-11-03 21:00:00+10:00,demand_energy,1.58,MWh
5924,SA1,2025-11-03 22:00:00+10:00,demand_energy,1.4564,MWh
5925,SA1,2025-11-03 23:00:00+10:00,demand_energy,1.3813,MWh
5926,SA1,2025-11-04 00:00:00+10:00,demand_energy,1.4249,MWh
5927,SA1,2025-11-04 01:00:00+10:00,demand_energy,1.4141,MWh
5928,SA1,2025-11-04 02:00:00+10:00,demand_energy,1.3581,MWh
5929,SA1,2025-11-04 03:00:00+10:00,demand_energy,1.2851,MWh
5930,SA1,2025-11-04 04:00:00+10:00,demand_energy,1.2962,MWh
5931,SA1,2025-11-04 05:00:00+10:00,demand_energy,1.4031,MWh
5932,SA1,2025-11-04 06:00:00+10:00,demand_energy,1.5202,MWh
5933,SA1,2025-11-04 07:00:00+10:00,demand_energy,1.416,MWh
5934,SA1,2025-11-04 08:00:00+10:00,demand_energy,1.186,MWh
5935,SA1,2025-11-04 09:00:00+10:00,demand_energy,0.9817,MWh
5936,SA1,2025-11-04 10:00:00+10:00,demand_energy,0.7461,MWh
5937,SA1,2025-11-04 11:00:00+10:00,demand_energy,0.8052,MWh
5938,SA1,2025-11-04 12:00:00+10:00,demand_energy,0.8237,MWh
5939,SA1,2025-11-04 13:00:00+10:00,demand_energy,0.7081,MWh
5940,SA1,2025-11-04 14:00:00+10:00,demand_energy,0.5989,MWh
5941,SA1,2025-11-04 15:00:00+10:00,demand_energy,0.8363,MWh
5942,SA1,2025-11-04 16:00:00+10:00,demand_energy,1.0535,MWh
5943,SA1,2025-11-04 17:00:00+10:00,demand_energy,0.5533,MWh
5944,TAS1,2025-10-04 19:00:00+10:00,demand_energy,1.1599,MWh
5945,TAS1,2025-10-04 20:00:00+10:00,demand_energy,1.1406,MWh
5946,TAS1,2025-10-04 21:00:00+10:00,demand_energy,1.0831,MWh
5947,TAS1,2025-10-04 22:00:00+10:00,demand_energy,1.0324,MWh
5948,TAS1,2025-10-04 23:00:00+10:00,demand_energy,1.0101,MWh
5949,TAS1,2025-10-05 00:00:00+10:00,demand_energy,0.9625,MWh
5950,TAS1,2025-10-05 01:00:00+10:00,demand_energy,0.955,MWh
5951,TAS1,2025-10-05 02:00:00+10:00,demand_energy,0.9495,MWh
5952,TAS1,2025-10-05 03:00:00+10:00,demand_energy,0.9377,MWh
5953,TAS1,2025-10-05 04:00:00+10:00,demand_energy,0.958,MWh
5954,TAS1,2025-10-05 05:00:00+10:00,demand_energy,0.9737,MWh
5955,TAS1,2025-10-05 06:00:00+10:00,demand_energy,0.9455,MWh
5956,TAS1,2025-10-05 07:00:00+10:00,demand_energy,0.9436,MWh
5957,TAS1,2025-10-05 08:00:00+10:00,demand_energy,0.9227,MWh
5958,TAS1,2025-10-05 09:00:00+10:00,demand_energy,0.9054,MWh
5959,TAS1,2025-10-05 10:00:00+10:00,demand_energy,0.8996,MWh
5960,TAS1,2025-10-05 11:00:00+10:00,demand_energy,0.8808,MWh
5961,TAS1,2025-10-05 12:00:00+10:00,demand_energy,0.8315,MWh
5962,TAS1,2025-10-05 13:00:00+10:00,demand_energy,0.836,MWh
5963,TAS1,2025-10-05 14:00:00+10:00,demand_energy,0.8374,MWh
5964,TAS1,2025-10-05 15:00:00+10:00,demand_energy,0.8917,MWh
5965,TAS1,2025-10-05 16:00:00+10:00,demand_energy,0.9562,MWh
5966,TAS1,2025-10-05 17:00:00+10:00,demand_energy,1.0338,MWh
5967,TAS1,2025-10-05 18:00:00+10:00,demand_energy,1.0192,MWh
5968,TAS1,2025-10-05 19:00:00+10:00,demand_energy,1.0012,MWh
5969,TAS1,2025-10-05 20:00:00+10:00,demand_energy,1.0358,MWh
5970,TAS1,2025-10-05 21:00:00+10:00,demand_energy,1.0176,MWh
5971,TAS1,2025-10-05 22:00:00+10:00,demand_energy,0.9745,MWh
5972,TAS1,2025-10-05 23:00:00+10:00,demand_energy,0.9481,MWh
5973,TAS1,2025-10-06 00:00:00+10:00,demand_energy,1.0021,MWh
5974,TAS1,2025-10-06 01:00:00+10:00,demand_energy,0.9309,MWh
5975,TAS1,2025-10-06 02:00:00+10:00,demand_energy,0.9781,MWh
5976,TAS1,2025-10-06 03:00:00+10:00,demand_energy,0.9485,MWh
5977,TAS1,2025-10-06 04:00:00+10:00,demand_energy,1.0155,MWh
5978,TAS1,2025-10-06 05:00:00+10:00,demand_energy,1.1136,MWh
5979,TAS1,2025-10-06 06:00:00+10:00,demand_energy,1.1668,MWh
5980,TAS1,2025-10-06 07:00:00+10:00,demand_energy,1.1298,MWh
5981,TAS1,2025-10-06 08:00:00+10:00,demand_energy,1.0307,MWh
5982,TAS1,2025-10-06 09:00:00+10:00,demand_energy,0.9612,MWh
5983,TAS1,2025-10-06 10:00:00+10:00,demand_energy,0.8713,MWh
5984,TAS1,2025-10-06 11:00:00+10:00,demand_energy,0.8197,MWh
5985,TAS1,2025-10-06 12:00:00+10:00,demand_energy,0.8092,MWh
5986,TAS1,2025-10-06 13:00:00+10:00,demand_energy,0.8063,MWh
5987,TAS1,2025-10-06 14:00:00+10:00,demand_energy,0.8233,MWh
5988,TAS1,2025-10-06 15:00:00+10:00,demand_energy,0.9069,MWh
5989,TAS1,2025-10-06 16:00:00+10:00,demand_energy,1.0438,MWh
5990,TAS1,2025-10-06 17:00:00+10:00,demand_energy,1.131,MWh
5991,TAS1,2025-10-06 18:00:00+10:00,demand_energy,1.1937,MWh
5992,TAS1,2025-10-06 19:00:00+10:00,demand_energy,1.1866,MWh
5993,TAS1,2025-10-06 20:00:00+10:00,demand_energy,1.1322,MWh
5994,TAS1,2025-10-06 21:00:00+10:00,demand_energy,1.1036,MWh
5995,TAS1,2025-10-06 22:00:00+10:00,demand_energy,1.0309,MWh
5996,TAS1,2025-10-06 23:00:00+10:00,demand_energy,1.018,MWh
5997,TAS1,2025-10-07 00:00:00+10:00,demand_energy,0.9647,MWh
5998,TAS1,2025-10-07 01:00:00+10:00,demand_energy,0.9596,MWh
5999,TAS1,2025-10-07 02:00:00+10:00,demand_energy,0.9616,MWh
6000,TAS1,2025-10-07 03:00:00+10:00,demand_energy,0.969,MWh
6001,TAS1,2025-10-07 04:00:00+10:00,demand_energy,0.9757,MWh
6002,TAS1,2025-10-07 05:00:00+10:00,demand_energy,1.1548,MWh
6003,TAS1,2025-10-07 06:00:00+10:00,demand_energy,1.2396,MWh
6004,TAS1,2025-10-07 07:00:00+10:00,demand_energy,1.2375,MWh
6005,TAS1,2025-10-07 08:00:00+10:00,demand_energy,1.2007,MWh
6006,TAS1,2025-10-07 09:00:00+10:00,demand_energy,1.129,MWh
6007,TAS1,2025-10-07 10:00:00+10:00,demand_energy,1.0629,MWh
6008,TAS1,2025-10-07 11:00:00+10:00,demand_energy,1.0028,MWh
6009,TAS1,2025-10-07 12:00:00+10:00,demand_energy,0.9728,MWh
6010,TAS1,2025-10-07 13:00:00+10:00,demand_energy,0.9729,MWh
6011,TAS1,2025-10-07 14:00:00+10:00,demand_energy,0.9929,MWh
6012,TAS1,2025-10-07 15:00:00+10:00,demand_energy,1.0237,MWh
6013,TAS1,2025-10-07 16:00:00+10:00,demand_energy,1.0989,MWh
6014,TAS1,2025-10-07 17:00:00+10:00,demand_energy,1.1721,MWh
6015,TAS1,2025-10-07 18:00:00+10:00,demand_energy,1.1631,MWh
6016,TAS1,2025-10-07 19:00:00+10:00,demand_energy,1.1397,MWh
6017,TAS1,2025-10-07 20:00:00+10:00,demand_energy,1.0346,MWh
6018,TAS1,2025-10-07 21:00:00+10:00,demand_energy,1.0157,MWh
6019,TAS1,2025-10-07 22:00:00+10:00,demand_energy,0.9761,MWh
6020,TAS1,2025-10-07 23:00:00+10:00,demand_energy,0.9229,MWh
6021,TAS1,2025-10-08 00:00:00+10:00,demand_energy,0.9152,MWh
6022,TAS1,2025-10-08 01:00:00+10:00,demand_energy,0.8432,MWh
6023,TAS1,2025-10-08 02:00:00+10:00,demand_energy,0.8482,MWh
6024,TAS1,2025-10-08 03:00:00+10:00,demand_energy,0.8564,MWh
6025,TAS1,2025-10-08 04:00:00+10:00,demand_energy,0.8996,MWh
6026,TAS1,2025-10-08 05:00:00+10:00,demand_energy,1.0046,MWh
6027,TAS1,2025-10-08 06:00:00+10:00,demand_energy,1.0857,MWh
6028,TAS1,2025-10-08 07:00:00+10:00,demand_energy,1.0739,MWh
6029,TAS1,2025-10-08 08:00:00+10:00,demand_energy,1.0828,MWh
6030,TAS1,2025-10-08 09:00:00+10:00,demand_energy,1.0165,MWh
6031,TAS1,2025-10-08 10:00:00+10:00,demand_energy,0.9691,MWh
6032,TAS1,2025-10-08 11:00:00+10:00,demand_energy,0.9209,MWh
6033,TAS1,2025-10-08 12:00:00+10:00,demand_energy,0.8839,MWh
6034,TAS1,2025-10-08 13:00:00+10:00,demand_energy,0.8871,MWh
6035,TAS1,2025-10-08 14:00:00+10:00,demand_energy,0.9131,MWh
6036,TAS1,2025-10-08 15:00:00+10:00,demand_energy,0.994,MWh
6037,TAS1,2025-10-08 16:00:00+10:00,demand_energy,1.0939,MWh
6038,TAS1,2025-10-08 17:00:00+10:00,demand_energy,1.092,MWh
6039,TAS1,2025-10-08 18:00:00+10:00,demand_energy,1.0997,MWh
6040,TAS1,2025-10-08 19:00:00+10:00,demand_energy,1.0875,MWh
6041,TAS1,2025-10-08 20:00:00+10:00,demand_energy,1.0519,MWh
6042,TAS1,2025-10-08 21:00:00+10:00,demand_energy,0.9903,MWh
6043,TAS1,2025-10-08 22:00:00+10:00,demand_energy,0.9186,MWh
6044,TAS1,2025-10-08 23:00:00+10:00,demand_energy,0.8521,MWh
6045,TAS1,2025-10-09 00:00:00+10:00,demand_energy,0.8339,MWh
6046,TAS1,2025-10-09 01:00:00+10:00,demand_energy,0.806,MWh
6047,TAS1,2025-10-09 02:00:00+10:00,demand_energy,0.8186,MWh
6048,TAS1,2025-10-09 03:00:00+10:00,demand_energy,0.8536,MWh
6049,TAS1,2025-10-09 04:00:00+10:00,demand_energy,0.8857,MWh
6050,TAS1,2025-10-09 05:00:00+10:00,demand_energy,0.9784,MWh
6051,TAS1,2025-10-09 06:00:00+10:00,demand_energy,1.0607,MWh
6052,TAS1,2025-10-09 07:00:00+10:00,demand_energy,1.0405,MWh
6053,TAS1,2025-10-09 08:00:00+10:00,demand_energy,1.0659,MWh
6054,TAS1,2025-10-09 09:00:00+10:00,demand_energy,1.0994,MWh
6055,TAS1,2025-10-09 10:00:00+10:00,demand_energy,1.0876,MWh
6056,TAS1,2025-10-09 11:00:00+10:00,demand_energy,1.0348,MWh
6057,TAS1,2025-10-09 12:00:00+10:00,demand_energy,0.9913,MWh
6058,TAS1,2025-10-09 13:00:00+10:00,demand_energy,0.9176,MWh
6059,TAS1,2025-10-09 14:00:00+10:00,demand_energy,0.9028,MWh
6060,TAS1,2025-10-09 15:00:00+10:00,demand_energy,0.9342,MWh
6061,TAS1,2025-10-09 16:00:00+10:00,demand_energy,1.0108,MWh
6062,TAS1,2025-10-09 17:00:00+10:00,demand_energy,1.0711,MWh
6063,TAS1,2025-10-09 18:00:00+10:00,demand_energy,1.1493,MWh
6064,TAS1,2025-10-09 19:00:00+10:00,demand_energy,1.1622,MWh
6065,TAS1,2025-10-09 20:00:00+10:00,demand_energy,1.1271,MWh
6066,TAS1,2025-10-09 21:00:00+10:00,demand_energy,1.061,MWh
6067,TAS1,2025-10-09 22:00:00+10:00,demand_energy,0.9848,MWh
6068,TAS1,2025-10-09 23:00:00+10:00,demand_energy,0.9548,MWh
6069,TAS1,2025-10-10 00:00:00+10:00,demand_energy,0.9349,MWh
6070,TAS1,2025-10-10 01:00:00+10:00,demand_energy,0.9344,MWh
6071,TAS1,2025-10-10 02:00:00+10:00,demand_energy,0.9428,MWh
6072,TAS1,2025-10-10 03:00:00+10:00,demand_energy,0.943,MWh
6073,TAS1,2025-10-10 04:00:00+10:00,demand_energy,0.973,MWh
6074,TAS1,2025-10-10 05:00:00+10:00,demand_energy,1.1234,MWh
6075,TAS1,2025-10-10 06:00:00+10:00,demand_energy,1.2189,MWh
6076,TAS1,2025-10-10 07:00:00+10:00,demand_energy,1.1685,MWh
6077,TAS1,2025-10-10 08:00:00+10:00,demand_energy,1.1357,MWh
6078,TAS1,2025-10-10 09:00:00+10:00,demand_energy,1.0846,MWh
6079,TAS1,2025-10-10 10:00:00+10:00,demand_energy,1.0422,MWh
6080,TAS1,2025-10-10 11:00:00+10:00,demand_energy,0.9559,MWh
6081,TAS1,2025-10-10 12:00:00+10:00,demand_energy,1.0145,MWh
6082,TAS1,2025-10-10 13:00:00+10:00,demand_energy,0.9961,MWh
6083,TAS1,2025-10-10 14:00:00+10:00,demand_energy,1.0224,MWh
6084,TAS1,2025-10-10 15:00:00+10:00,demand_energy,1.1147,MWh
6085,TAS1,2025-10-10 16:00:00+10:00,demand_energy,1.1539,MWh
6086,TAS1,2025-10-10 17:00:00+10:00,demand_energy,1.1537,MWh
6087,TAS1,2025-10-10 18:00:00+10:00,demand_energy,1.1482,MWh
6088,TAS1,2025-10-10 19:00:00+10:00,demand_energy,1.1739,MWh
6089,TAS1,2025-10-10 20:00:00+10:00,demand_energy,1.1327,MWh
6090,TAS1,2025-10-10 21:00:00+10:00,demand_energy,1.0958,MWh
6091,TAS1,2025-10-10 22:00:00+10:00,demand_energy,1.0167,MWh
6092,TAS1,2025-10-10 23:00:00+10:00,demand_energy,0.9899,MWh
6093,TAS1,2025-10-11 00:00:00+10:00,demand_energy,0.9731,MWh
6094,TAS1,2025-10-11 01:00:00+10:00,demand_energy,0.9555,MWh
6095,TAS1,2025-10-11 02:00:00+10:00,demand_energy,0.9509,MWh
6096,TAS1,2025-10-11 03:00:00+10:00,demand_energy,0.9533,MWh
6097,TAS1,2025-10-11 04:00:00+10:00,demand_energy,0.9878,MWh
6098,TAS1,2025-10-11 05:00:00+10:00,demand_energy,1.0202,MWh
6099,TAS1,2025-10-11 06:00:00+10:00,demand_energy,1.0373,MWh
6100,TAS1,2025-10-11 07:00:00+10:00,demand_energy,1.0437,MWh
6101,TAS1,2025-10-11 08:00:00+10:00,demand_energy,1.08,MWh
6102,TAS1,2025-10-11 09:00:00+10:00,demand_energy,1.0306,MWh
6103,TAS1,2025-10-11 10:00:00+10:00,demand_energy,1.0085,MWh
6104,TAS1,2025-10-11 11:00:00+10:00,demand_energy,0.9816,MWh
6105,TAS1,2025-10-11 12:00:00+10:00,demand_energy,0.9338,MWh
6106,TAS1,2025-10-11 13:00:00+10:00,demand_energy,0.9405,MWh
6107,TAS1,2025-10-11 14:00:00+10:00,demand_energy,0.9507,MWh
6108,TAS1,2025-10-11 15:00:00+10:00,demand_energy,1.0046,MWh
6109,TAS1,2025-10-11 16:00:00+10:00,demand_energy,1.0868,MWh
6110,TAS1,2025-10-11 17:00:00+10:00,demand_energy,1.1222,MWh
6111,TAS1,2025-10-11 18:00:00+10:00,demand_energy,1.1884,MWh
6112,TAS1,2025-10-11 19:00:00+10:00,demand_energy,1.1759,MWh
6113,TAS1,2025-10-11 20:00:00+10:00,demand_energy,1.1563,MWh
6114,TAS1,2025-10-11 21:00:00+10:00,demand_energy,1.1034,MWh
6115,TAS1,2025-10-11 22:00:00+10:00,demand_energy,1.0627,MWh
6116,TAS1,2025-10-11 23:00:00+10:00,demand_energy,1.0427,MWh
6117,TAS1,2025-10-12 00:00:00+10:00,demand_energy,1.0503,MWh
6118,TAS1,2025-10-12 01:00:00+10:00,demand_energy,1.0169,MWh
6119,TAS1,2025-10-12 02:00:00+10:00,demand_energy,1.0239,MWh
6120,TAS1,2025-10-12 03:00:00+10:00,demand_energy,1.0268,MWh
6121,TAS1,2025-10-12 04:00:00+10:00,demand_energy,1.0314,MWh
6122,TAS1,2025-10-12 05:00:00+10:00,demand_energy,0.9626,MWh
6123,TAS1,2025-10-12 06:00:00+10:00,demand_energy,1.0678,MWh
6124,TAS1,2025-10-12 07:00:00+10:00,demand_energy,1.0977,MWh
6125,TAS1,2025-10-12 08:00:00+10:00,demand_energy,1.0008,MWh
6126,TAS1,2025-10-12 09:00:00+10:00,demand_energy,1.0282,MWh
6127,TAS1,2025-10-12 10:00:00+10:00,demand_energy,1.0168,MWh
6128,TAS1,2025-10-12 11:00:00+10:00,demand_energy,1.0312,MWh
6129,TAS1,2025-10-12 12:00:00+10:00,demand_energy,1.0376,MWh
6130,TAS1,2025-10-12 13:00:00+10:00,demand_energy,1.0394,MWh
6131,TAS1,2025-10-12 14:00:00+10:00,demand_energy,1.1087,MWh
6132,TAS1,2025-10-12 15:00:00+10:00,demand_energy,1.1748,MWh
6133,TAS1,2025-10-12 16:00:00+10:00,demand_energy,1.2171,MWh
6134,TAS1,2025-10-12 17:00:00+10:00,demand_energy,1.248,MWh
6135,TAS1,2025-10-12 18:00:00+10:00,demand_energy,1.2514,MWh
6136,TAS1,2025-10-12 19:00:00+10:00,demand_energy,1.2853,MWh
6137,TAS1,2025-10-12 20:00:00+10:00,demand_energy,1.1974,MWh
6138,TAS1,2025-10-12 21:00:00+10:00,demand_energy,1.1299,MWh
6139,TAS1,2025-10-12 22:00:00+10:00,demand_energy,1.0494,MWh
6140,TAS1,2025-10-12 23:00:00+10:00,demand_energy,1.0236,MWh
6141,TAS1,2025-10-13 00:00:00+10:00,demand_energy,1.0247,MWh
6142,TAS1,2025-10-13 01:00:00+10:00,demand_energy,1.0324,MWh
6143,TAS1,2025-10-13 02:00:00+10:00,demand_energy,1.0527,MWh
6144,TAS1,2025-10-13 03:00:00+10:00,demand_energy,1.071,MWh
6145,TAS1,2025-10-13 04:00:00+10:00,demand_energy,1.1547,MWh
6146,TAS1,2025-10-13 05:00:00+10:00,demand_energy,1.2666,MWh
6147,TAS1,2025-10-13 06:00:00+10:00,demand_energy,1.3359,MWh
6148,TAS1,2025-10-13 07:00:00+10:00,demand_energy,1.2524,MWh
6149,TAS1,2025-10-13 08:00:00+10:00,demand_energy,1.1478,MWh
6150,TAS1,2025-10-13 09:00:00+10:00,demand_energy,1.074,MWh
6151,TAS1,2025-10-13 10:00:00+10:00,demand_energy,1.0238,MWh
6152,TAS1,2025-10-13 11:00:00+10:00,demand_energy,0.9957,MWh
6153,TAS1,2025-10-13 12:00:00+10:00,demand_energy,0.9898,MWh
6154,TAS1,2025-10-13 13:00:00+10:00,demand_energy,0.9853,MWh
6155,TAS1,2025-10-13 14:00:00+10:00,demand_energy,1.0072,MWh
6156,TAS1,2025-10-13 15:00:00+10:00,demand_energy,1.0459,MWh
6157,TAS1,2025-10-13 16:00:00+10:00,demand_energy,1.0994,MWh
6158,TAS1,2025-10-13 17:00:00+10:00,demand_energy,1.1871,MWh
6159,TAS1,2025-10-13 18:00:00+10:00,demand_energy,1.2215,MWh
6160,TAS1,2025-10-13 19:00:00+10:00,demand_energy,1.2266,MWh
6161,TAS1,2025-10-13 20:00:00+10:00,demand_energy,1.1722,MWh
6162,TAS1,2025-10-13 21:00:00+10:00,demand_energy,1.1109,MWh
6163,TAS1,2025-10-13 22:00:00+10:00,demand_energy,1.0193,MWh
6164,TAS1,2025-10-13 23:00:00+10:00,demand_energy,0.9927,MWh
6165,TAS1,2025-10-14 00:00:00+10:00,demand_energy,0.953,MWh
6166,TAS1,2025-10-14 01:00:00+10:00,demand_energy,0.9533,MWh
6167,TAS1,2025-10-14 02:00:00+10:00,demand_energy,0.9483,MWh
6168,TAS1,2025-10-14 03:00:00+10:00,demand_energy,0.9517,MWh
6169,TAS1,2025-10-14 04:00:00+10:00,demand_energy,1.0009,MWh
6170,TAS1,2025-10-14 05:00:00+10:00,demand_energy,1.0889,MWh
6171,TAS1,2025-10-14 06:00:00+10:00,demand_energy,1.187,MWh
6172,TAS1,2025-10-14 07:00:00+10:00,demand_energy,1.1949,MWh
6173,TAS1,2025-10-14 08:00:00+10:00,demand_energy,1.0797,MWh
6174,TAS1,2025-10-14 09:00:00+10:00,demand_energy,0.9709,MWh
6175,TAS1,2025-10-14 10:00:00+10:00,demand_energy,0.8997,MWh
6176,TAS1,2025-10-14 11:00:00+10:00,demand_energy,0.8619,MWh
6177,TAS1,2025-10-14 12:00:00+10:00,demand_energy,0.8305,MWh
6178,TAS1,2025-10-14 13:00:00+10:00,demand_energy,0.8268,MWh
6179,TAS1,2025-10-14 14:00:00+10:00,demand_energy,0.8274,MWh
6180,TAS1,2025-10-14 15:00:00+10:00,demand_energy,0.8597,MWh
6181,TAS1,2025-10-14 16:00:00+10:00,demand_energy,0.9428,MWh
6182,TAS1,2025-10-14 17:00:00+10:00,demand_energy,1.049,MWh
6183,TAS1,2025-10-14 18:00:00+10:00,demand_energy,1.1104,MWh
6184,TAS1,2025-10-14 19:00:00+10:00,demand_energy,1.0864,MWh
6185,TAS1,2025-10-14 20:00:00+10:00,demand_energy,1.0699,MWh
6186,TAS1,2025-10-14 21:00:00+10:00,demand_energy,0.9947,MWh
6187,TAS1,2025-10-14 22:00:00+10:00,demand_energy,0.9239,MWh
6188,TAS1,2025-10-14 23:00:00+10:00,demand_energy,0.8881,MWh
6189,TAS1,2025-10-15 00:00:00+10:00,demand_energy,0.8742,MWh
6190,TAS1,2025-10-15 01:00:00+10:00,demand_energy,0.8665,MWh
6191,TAS1,2025-10-15 02:00:00+10:00,demand_energy,0.8731,MWh
6192,TAS1,2025-10-15 03:00:00+10:00,demand_energy,0.881,MWh
6193,TAS1,2025-10-15 04:00:00+10:00,demand_energy,0.9375,MWh
6194,TAS1,2025-10-15 05:00:00+10:00,demand_energy,1.0541,MWh
6195,TAS1,2025-10-15 06:00:00+10:00,demand_energy,1.2258,MWh
6196,TAS1,2025-10-15 07:00:00+10:00,demand_energy,1.2009,MWh
6197,TAS1,2025-10-15 08:00:00+10:00,demand_energy,1.1177,MWh
6198,TAS1,2025-10-15 09:00:00+10:00,demand_energy,1.054,MWh
6199,TAS1,2025-10-15 10:00:00+10:00,demand_energy,0.9111,MWh
6200,TAS1,2025-10-15 11:00:00+10:00,demand_energy,0.9412,MWh
6201,TAS1,2025-10-15 12:00:00+10:00,demand_energy,0.9071,MWh
6202,TAS1,2025-10-15 13:00:00+10:00,demand_energy,0.9129,MWh
6203,TAS1,2025-10-15 14:00:00+10:00,demand_energy,0.9571,MWh
6204,TAS1,2025-10-15 15:00:00+10:00,demand_energy,1.0186,MWh
6205,TAS1,2025-10-15 16:00:00+10:00,demand_energy,1.0627,MWh
6206,TAS1,2025-10-15 17:00:00+10:00,demand_energy,1.1204,MWh
6207,TAS1,2025-10-15 18:00:00+10:00,demand_energy,1.1666,MWh
6208,TAS1,2025-10-15 19:00:00+10:00,demand_energy,1.1743,MWh
6209,TAS1,2025-10-15 20:00:00+10:00,demand_energy,1.1405,MWh
6210,TAS1,2025-10-15 21:00:00+10:00,demand_energy,1.0976,MWh
6211,TAS1,2025-10-15 22:00:00+10:00,demand_energy,1.0286,MWh
6212,TAS1,2025-10-15 23:00:00+10:00,demand_energy,0.983,MWh
6213,TAS1,2025-10-16 00:00:00+10:00,demand_energy,0.9352,MWh
6214,TAS1,2025-10-16 01:00:00+10:00,demand_energy,0.9459,MWh
6215,TAS1,2025-10-16 02:00:00+10:00,demand_energy,0.9508,MWh
6216,TAS1,2025-10-16 03:00:00+10:00,demand_energy,0.9571,MWh
6217,TAS1,2025-10-16 04:00:00+10:00,demand_energy,0.9909,MWh
6218,TAS1,2025-10-16 05:00:00+10:00,demand_energy,1.0863,MWh
6219,TAS1,2025-10-16 06:00:00+10:00,demand_energy,1.1275,MWh
6220,TAS1,2025-10-16 07:00:00+10:00,demand_energy,1.0837,MWh
6221,TAS1,2025-10-16 08:00:00+10:00,demand_energy,0.9926,MWh
6222,TAS1,2025-10-16 09:00:00+10:00,demand_energy,0.8939,MWh
6223,TAS1,2025-10-16 10:00:00+10:00,demand_energy,0.8356,MWh
6224,TAS1,2025-10-16 11:00:00+10:00,demand_energy,0.803,MWh
6225,TAS1,2025-10-16 12:00:00+10:00,demand_energy,0.8599,MWh
6226,TAS1,2025-10-16 13:00:00+10:00,demand_energy,0.8752,MWh
6227,TAS1,2025-10-16 14:00:00+10:00,demand_energy,0.9279,MWh
6228,TAS1,2025-10-16 15:00:00+10:00,demand_energy,0.9258,MWh
6229,TAS1,2025-10-16 16:00:00+10:00,demand_energy,1.0315,MWh
6230,TAS1,2025-10-16 17:00:00+10:00,demand_energy,1.0734,MWh
6231,TAS1,2025-10-16 18:00:00+10:00,demand_energy,1.0716,MWh
6232,TAS1,2025-10-16 19:00:00+10:00,demand_energy,1.0413,MWh
6233,TAS1,2025-10-16 20:00:00+10:00,demand_energy,1.0067,MWh
6234,TAS1,2025-10-16 21:00:00+10:00,demand_energy,0.9455,MWh
6235,TAS1,2025-10-16 22:00:00+10:00,demand_energy,0.882,MWh
6236,TAS1,2025-10-16 23:00:00+10:00,demand_energy,0.8601,MWh
6237,TAS1,2025-10-17 00:00:00+10:00,demand_energy,0.8479,MWh
6238,TAS1,2025-10-17 01:00:00+10:00,demand_energy,0.8289,MWh
6239,TAS1,2025-10-17 02:00:00+10:00,demand_energy,0.8269,MWh
6240,TAS1,2025-10-17 03:00:00+10:00,demand_energy,0.8381,MWh
6241,TAS1,2025-10-17 04:00:00+10:00,demand_energy,0.8304,MWh
6242,TAS1,2025-10-17 05:00:00+10:00,demand_energy,1.0069,MWh
6243,TAS1,2025-10-17 06:00:00+10:00,demand_energy,1.1032,MWh
6244,TAS1,2025-10-17 07:00:00+10:00,demand_energy,1.0803,MWh
6245,TAS1,2025-10-17 08:00:00+10:00,demand_energy,0.9073,MWh
6246,TAS1,2025-10-17 09:00:00+10:00,demand_energy,0.9473,MWh
6247,TAS1,2025-10-17 10:00:00+10:00,demand_energy,0.9159,MWh
6248,TAS1,2025-10-17 11:00:00+10:00,demand_energy,0.782,MWh
6249,TAS1,2025-10-17 12:00:00+10:00,demand_energy,0.8395,MWh
6250,TAS1,2025-10-17 13:00:00+10:00,demand_energy,0.8445,MWh
6251,TAS1,2025-10-17 14:00:00+10:00,demand_energy,0.725,MWh
6252,TAS1,2025-10-17 15:00:00+10:00,demand_energy,0.8477,MWh
6253,TAS1,2025-10-17 16:00:00+10:00,demand_energy,0.5006,MWh
6254,TAS1,2025-10-17 17:00:00+10:00,demand_energy,1.0619,MWh
6255,TAS1,2025-10-17 18:00:00+10:00,demand_energy,1.0706,MWh
6256,TAS1,2025-10-17 19:00:00+10:00,demand_energy,1.1027,MWh
6257,TAS1,2025-10-17 20:00:00+10:00,demand_energy,1.0789,MWh
6258,TAS1,2025-10-17 21:00:00+10:00,demand_energy,0.6193,MWh
6259,TAS1,2025-10-17 22:00:00+10:00,demand_energy,0.9963,MWh
6260,TAS1,2025-10-17 23:00:00+10:00,demand_energy,0.9402,MWh
6261,TAS1,2025-10-18 00:00:00+10:00,demand_energy,0.9207,MWh
6262,TAS1,2025-10-18 01:00:00+10:00,demand_energy,0.9115,MWh
6263,TAS1,2025-10-18 02:00:00+10:00,demand_energy,0.89,MWh
6264,TAS1,2025-10-18 03:00:00+10:00,demand_energy,0.9137,MWh
6265,TAS1,2025-10-18 04:00:00+10:00,demand_energy,0.9137,MWh
6266,TAS1,2025-10-18 05:00:00+10:00,demand_energy,0.9835,MWh
6267,TAS1,2025-10-18 06:00:00+10:00,demand_energy,1.0574,MWh
6268,TAS1,2025-10-18 07:00:00+10:00,demand_energy,1.1036,MWh
6269,TAS1,2025-10-18 08:00:00+10:00,demand_energy,1.074,MWh
6270,TAS1,2025-10-18 09:00:00+10:00,demand_energy,1.0256,MWh
6271,TAS1,2025-10-18 10:00:00+10:00,demand_energy,0.9966,MWh
6272,TAS1,2025-10-18 11:00:00+10:00,demand_energy,0.9533,MWh
6273,TAS1,2025-10-18 12:00:00+10:00,demand_energy,0.9237,MWh
6274,TAS1,2025-10-18 13:00:00+10:00,demand_energy,0.903,MWh
6275,TAS1,2025-10-18 14:00:00+10:00,demand_energy,0.9143,MWh
6276,TAS1,2025-10-18 15:00:00+10:00,demand_energy,0.9675,MWh
6277,TAS1,2025-10-18 16:00:00+10:00,demand_energy,1.054,MWh
6278,TAS1,2025-10-18 17:00:00+10:00,demand_energy,1.117,MWh
6279,TAS1,2025-10-18 18:00:00+10:00,demand_energy,1.1642,MWh
6280,TAS1,2025-10-18 19:00:00+10:00,demand_energy,1.1726,MWh
6281,TAS1,2025-10-18 20:00:00+10:00,demand_energy,1.1354,MWh
6282,TAS1,2025-10-18 21:00:00+10:00,demand_energy,1.0645,MWh
6283,TAS1,2025-10-18 22:00:00+10:00,demand_energy,1.0171,MWh
6284,TAS1,2025-10-18 23:00:00+10:00,demand_energy,0.9992,MWh
6285,TAS1,2025-10-19 00:00:00+10:00,demand_energy,0.9663,MWh
6286,TAS1,2025-10-19 01:00:00+10:00,demand_energy,0.9466,MWh
6287,TAS1,2025-10-19 02:00:00+10:00,demand_energy,0.9472,MWh
6288,TAS1,2025-10-19 03:00:00+10:00,demand_energy,0.9559,MWh
6289,TAS1,2025-10-19 04:00:00+10:00,demand_energy,0.961,MWh
6290,TAS1,2025-10-19 05:00:00+10:00,demand_energy,0.9586,MWh
6291,TAS1,2025-10-19 06:00:00+10:00,demand_energy,0.9542,MWh
6292,TAS1,2025-10-19 07:00:00+10:00,demand_energy,0.936,MWh
6293,TAS1,2025-10-19 08:00:00+10:00,demand_energy,0.9095,MWh
6294,TAS1,2025-10-19 09:00:00+10:00,demand_energy,0.9373,MWh
6295,TAS1,2025-10-19 10:00:00+10:00,demand_energy,0.9471,MWh
6296,TAS1,2025-10-19 11:00:00+10:00,demand_energy,0.9186,MWh
6297,TAS1,2025-10-19 12:00:00+10:00,demand_energy,0.8886,MWh
6298,TAS1,2025-10-19 13:00:00+10:00,demand_energy,0.8054,MWh
6299,TAS1,2025-10-19 14:00:00+10:00,demand_energy,0.8883,MWh
6300,TAS1,2025-10-19 15:00:00+10:00,demand_energy,0.9196,MWh
6301,TAS1,2025-10-19 16:00:00+10:00,demand_energy,0.9802,MWh
6302,TAS1,2025-10-19 17:00:00+10:00,demand_energy,1.0455,MWh
6303,TAS1,2025-10-19 18:00:00+10:00,demand_energy,1.0728,MWh
6304,TAS1,2025-10-19 19:00:00+10:00,demand_energy,1.1032,MWh
6305,TAS1,2025-10-19 20:00:00+10:00,demand_energy,1.0443,MWh
6306,TAS1,2025-10-19 21:00:00+10:00,demand_energy,0.9827,MWh
6307,TAS1,2025-10-19 22:00:00+10:00,demand_energy,0.9266,MWh
6308,TAS1,2025-10-19 23:00:00+10:00,demand_energy,0.8954,MWh
6309,TAS1,2025-10-20 00:00:00+10:00,demand_energy,0.8943,MWh
6310,TAS1,2025-10-20 01:00:00+10:00,demand_energy,0.9021,MWh
6311,TAS1,2025-10-20 02:00:00+10:00,demand_energy,0.9127,MWh
6312,TAS1,2025-10-20 03:00:00+10:00,demand_energy,0.9153,MWh
6313,TAS1,2025-10-20 04:00:00+10:00,demand_energy,0.9526,MWh
6314,TAS1,2025-10-20 05:00:00+10:00,demand_energy,1.0202,MWh
6315,TAS1,2025-10-20 06:00:00+10:00,demand_energy,1.0715,MWh
6316,TAS1,2025-10-20 07:00:00+10:00,demand_energy,1.0016,MWh
6317,TAS1,2025-10-20 08:00:00+10:00,demand_energy,0.8909,MWh
6318,TAS1,2025-10-20 09:00:00+10:00,demand_energy,0.831,MWh
6319,TAS1,2025-10-20 10:00:00+10:00,demand_energy,0.8269,MWh
6320,TAS1,2025-10-20 11:00:00+10:00,demand_energy,0.7885,MWh
6321,TAS1,2025-10-20 12:00:00+10:00,demand_energy,0.7769,MWh
6322,TAS1,2025-10-20 13:00:00+10:00,demand_energy,0.7747,MWh
6323,TAS1,2025-10-20 14:00:00+10:00,demand_energy,0.7458,MWh
6324,TAS1,2025-10-20 15:00:00+10:00,demand_energy,0.8195,MWh
6325,TAS1,2025-10-20 16:00:00+10:00,demand_energy,0.9015,MWh
6326,TAS1,2025-10-20 17:00:00+10:00,demand_energy,0.9504,MWh
6327,TAS1,2025-10-20 18:00:00+10:00,demand_energy,0.9819,MWh
6328,TAS1,2025-10-20 19:00:00+10:00,demand_energy,0.9841,MWh
6329,TAS1,2025-10-20 20:00:00+10:00,demand_energy,0.9489,MWh
6330,TAS1,2025-10-20 21:00:00+10:00,demand_energy,0.8856,MWh
6331,TAS1,2025-10-20 22:00:00+10:00,demand_energy,0.8469,MWh
6332,TAS1,2025-10-20 23:00:00+10:00,demand_energy,0.8462,MWh
6333,TAS1,2025-10-21 00:00:00+10:00,demand_energy,0.8559,MWh
6334,TAS1,2025-10-21 01:00:00+10:00,demand_energy,0.8897,MWh
6335,TAS1,2025-10-21 02:00:00+10:00,demand_energy,0.9095,MWh
6336,TAS1,2025-10-21 03:00:00+10:00,demand_energy,0.9351,MWh
6337,TAS1,2025-10-21 04:00:00+10:00,demand_energy,0.9698,MWh
6338,TAS1,2025-10-21 05:00:00+10:00,demand_energy,1.0698,MWh
6339,TAS1,2025-10-21 06:00:00+10:00,demand_energy,1.1434,MWh
6340,TAS1,2025-10-21 07:00:00+10:00,demand_energy,1.1215,MWh
6341,TAS1,2025-10-21 08:00:00+10:00,demand_energy,1.0345,MWh
6342,TAS1,2025-10-21 09:00:00+10:00,demand_energy,0.9518,MWh
6343,TAS1,2025-10-21 10:00:00+10:00,demand_energy,0.896,MWh
6344,TAS1,2025-10-21 11:00:00+10:00,demand_energy,0.8864,MWh
6345,TAS1,2025-10-21 12:00:00+10:00,demand_energy,0.8705,MWh
6346,TAS1,2025-10-21 13:00:00+10:00,demand_energy,0.8759,MWh
6347,TAS1,2025-10-21 14:00:00+10:00,demand_energy,0.8986,MWh
6348,TAS1,2025-10-21 15:00:00+10:00,demand_energy,0.959,MWh
6349,TAS1,2025-10-21 16:00:00+10:00,demand_energy,1.0474,MWh
6350,TAS1,2025-10-21 17:00:00+10:00,demand_energy,1.1072,MWh
6351,TAS1,2025-10-21 18:00:00+10:00,demand_energy,1.0488,MWh
6352,TAS1,2025-10-21 19:00:00+10:00,demand_energy,1.1605,MWh
6353,TAS1,2025-10-21 20:00:00+10:00,demand_energy,1.1274,MWh
6354,TAS1,2025-10-21 21:00:00+10:00,demand_energy,1.0646,MWh
6355,TAS1,2025-10-21 22:00:00+10:00,demand_energy,1.0031,MWh
6356,TAS1,2025-10-21 23:00:00+10:00,demand_energy,0.9682,MWh
6357,TAS1,2025-10-22 00:00:00+10:00,demand_energy,0.9514,MWh
6358,TAS1,2025-10-22 01:00:00+10:00,demand_energy,0.9347,MWh
6359,TAS1,2025-10-22 02:00:00+10:00,demand_energy,0.9279,MWh
6360,TAS1,2025-10-22 03:00:00+10:00,demand_energy,0.9267,MWh
6361,TAS1,2025-10-22 04:00:00+10:00,demand_energy,0.9614,MWh
6362,TAS1,2025-10-22 05:00:00+10:00,demand_energy,1.0374,MWh
6363,TAS1,2025-10-22 06:00:00+10:00,demand_energy,1.1474,MWh
6364,TAS1,2025-10-22 07:00:00+10:00,demand_energy,1.171,MWh
6365,TAS1,2025-10-22 08:00:00+10:00,demand_energy,1.167,MWh
6366,TAS1,2025-10-22 09:00:00+10:00,demand_energy,1.1951,MWh
6367,TAS1,2025-10-22 10:00:00+10:00,demand_energy,1.1981,MWh
6368,TAS1,2025-10-22 11:00:00+10:00,demand_energy,1.1677,MWh
6369,TAS1,2025-10-22 12:00:00+10:00,demand_energy,1.1448,MWh
6370,TAS1,2025-10-22 13:00:00+10:00,demand_energy,1.0814,MWh
6371,TAS1,2025-10-22 14:00:00+10:00,demand_energy,1.1065,MWh
6372,TAS1,2025-10-22 15:00:00+10:00,demand_energy,1.1352,MWh
6373,TAS1,2025-10-22 16:00:00+10:00,demand_energy,1.1778,MWh
6374,TAS1,2025-10-22 17:00:00+10:00,demand_energy,1.1963,MWh
6375,TAS1,2025-10-22 18:00:00+10:00,demand_energy,1.1663,MWh
6376,TAS1,2025-10-22 19:00:00+10:00,demand_energy,1.1397,MWh
6377,TAS1,2025-10-22 20:00:00+10:00,demand_energy,1.1,MWh
6378,TAS1,2025-10-22 21:00:00+10:00,demand_energy,1.0338,MWh
6379,TAS1,2025-10-22 22:00:00+10:00,demand_energy,0.955,MWh
6380,TAS1,2025-10-22 23:00:00+10:00,demand_energy,0.8895,MWh
6381,TAS1,2025-10-23 00:00:00+10:00,demand_energy,0.8665,MWh
6382,TAS1,2025-10-23 01:00:00+10:00,demand_energy,0.8802,MWh
6383,TAS1,2025-10-23 02:00:00+10:00,demand_energy,0.8731,MWh
6384,TAS1,2025-10-23 03:00:00+10:00,demand_energy,0.8904,MWh
6385,TAS1,2025-10-23 04:00:00+10:00,demand_energy,0.9236,MWh
6386,TAS1,2025-10-23 05:00:00+10:00,demand_energy,1.0115,MWh
6387,TAS1,2025-10-23 06:00:00+10:00,demand_energy,1.1089,MWh
6388,TAS1,2025-10-23 07:00:00+10:00,demand_energy,1.101,MWh
6389,TAS1,2025-10-23 08:00:00+10:00,demand_energy,1.0574,MWh
6390,TAS1,2025-10-23 09:00:00+10:00,demand_energy,1.0076,MWh
6391,TAS1,2025-10-23 10:00:00+10:00,demand_energy,0.9549,MWh
6392,TAS1,2025-10-23 11:00:00+10:00,demand_energy,0.9052,MWh
6393,TAS1,2025-10-23 12:00:00+10:00,demand_energy,0.8875,MWh
6394,TAS1,2025-10-23 13:00:00+10:00,demand_energy,0.8749,MWh
6395,TAS1,2025-10-23 14:00:00+10:00,demand_energy,0.8746,MWh
6396,TAS1,2025-10-23 15:00:00+10:00,demand_energy,0.8939,MWh
6397,TAS1,2025-10-23 16:00:00+10:00,demand_energy,1.0162,MWh
6398,TAS1,2025-10-23 17:00:00+10:00,demand_energy,1.0743,MWh
6399,TAS1,2025-10-23 18:00:00+10:00,demand_energy,1.1413,MWh
6400,TAS1,2025-10-23 19:00:00+10:00,demand_energy,1.1524,MWh
6401,TAS1,2025-10-23 20:00:00+10:00,demand_energy,1.11,MWh
6402,TAS1,2025-10-23 21:00:00+10:00,demand_energy,1.0397,MWh
6403,TAS1,2025-10-23 22:00:00+10:00,demand_energy,0.9553,MWh
6404,TAS1,2025-10-23 23:00:00+10:00,demand_energy,0.9124,MWh
6405,TAS1,2025-10-24 00:00:00+10:00,demand_energy,0.8844,MWh
6406,TAS1,2025-10-24 01:00:00+10:00,demand_energy,0.8812,MWh
6407,TAS1,2025-10-24 02:00:00+10:00,demand_energy,0.8921,MWh
6408,TAS1,2025-10-24 03:00:00+10:00,demand_energy,0.9083,MWh
6409,TAS1,2025-10-24 04:00:00+10:00,demand_energy,0.9431,MWh
6410,TAS1,2025-10-24 05:00:00+10:00,demand_energy,1.0352,MWh
6411,TAS1,2025-10-24 06:00:00+10:00,demand_energy,1.116,MWh
6412,TAS1,2025-10-24 07:00:00+10:00,demand_energy,1.0708,MWh
6413,TAS1,2025-10-24 08:00:00+10:00,demand_energy,1.0004,MWh
6414,TAS1,2025-10-24 09:00:00+10:00,demand_energy,0.9065,MWh
6415,TAS1,2025-10-24 10:00:00+10:00,demand_energy,0.8269,MWh
6416,TAS1,2025-10-24 11:00:00+10:00,demand_energy,0.7914,MWh
6417,TAS1,2025-10-24 12:00:00+10:00,demand_energy,0.752,MWh
6418,TAS1,2025-10-24 13:00:00+10:00,demand_energy,0.7327,MWh
6419,TAS1,2025-10-24 14:00:00+10:00,demand_energy,0.7403,MWh
6420,TAS1,2025-10-24 15:00:00+10:00,demand_energy,0.7739,MWh
6421,TAS1,2025-10-24 16:00:00+10:00,demand_energy,0.8487,MWh
6422,TAS1,2025-10-24 17:00:00+10:00,demand_energy,0.9325,MWh
6423,TAS1,2025-10-24 18:00:00+10:00,demand_energy,0.9734,MWh
6424,TAS1,2025-10-24 19:00:00+10:00,demand_energy,1.0463,MWh
6425,TAS1,2025-10-24 20:00:00+10:00,demand_energy,1.0353,MWh
6426,TAS1,2025-10-24 21:00:00+10:00,demand_energy,0.9927,MWh
6427,TAS1,2025-10-24 22:00:00+10:00,demand_energy,0.9334,MWh
6428,TAS1,2025-10-24 23:00:00+10:00,demand_energy,0.8986,MWh
6429,TAS1,2025-10-25 00:00:00+10:00,demand_energy,0.8959,MWh
6430,TAS1,2025-10-25 01:00:00+10:00,demand_energy,0.9172,MWh
6431,TAS1,2025-10-25 02:00:00+10:00,demand_energy,0.9297,MWh
6432,TAS1,2025-10-25 03:00:00+10:00,demand_energy,0.942,MWh
6433,TAS1,2025-10-25 04:00:00+10:00,demand_energy,0.9992,MWh
6434,TAS1,2025-10-25 05:00:00+10:00,demand_energy,1.019,MWh
6435,TAS1,2025-10-25 06:00:00+10:00,demand_energy,1.0185,MWh
6436,TAS1,2025-10-25 07:00:00+10:00,demand_energy,1.0055,MWh
6437,TAS1,2025-10-25 08:00:00+10:00,demand_energy,0.9311,MWh
6438,TAS1,2025-10-25 09:00:00+10:00,demand_energy,0.9293,MWh
6439,TAS1,2025-10-25 10:00:00+10:00,demand_energy,0.8933,MWh
6440,TAS1,2025-10-25 11:00:00+10:00,demand_energy,0.8633,MWh
6441,TAS1,2025-10-25 12:00:00+10:00,demand_energy,0.8489,MWh
6442,TAS1,2025-10-25 13:00:00+10:00,demand_energy,0.8374,MWh
6443,TAS1,2025-10-25 14:00:00+10:00,demand_energy,0.8454,MWh
6444,TAS1,2025-10-25 15:00:00+10:00,demand_energy,0.909,MWh
6445,TAS1,2025-10-25 16:00:00+10:00,demand_energy,0.9841,MWh
6446,TAS1,2025-10-25 17:00:00+10:00,demand_energy,1.0804,MWh
6447,TAS1,2025-10-25 18:00:00+10:00,demand_energy,1.1222,MWh
6448,TAS1,2025-10-25 19:00:00+10:00,demand_energy,1.1245,MWh
6449,TAS1,2025-10-25 20:00:00+10:00,demand_energy,1.1098,MWh
6450,TAS1,2025-10-25 21:00:00+10:00,demand_energy,1.0714,MWh
6451,TAS1,2025-10-25 22:00:00+10:00,demand_energy,1.0355,MWh
6452,TAS1,2025-10-25 23:00:00+10:00,demand_energy,0.988,MWh
6453,TAS1,2025-10-26 00:00:00+10:00,demand_energy,0.9684,MWh
6454,TAS1,2025-10-26 01:00:00+10:00,demand_energy,0.9591,MWh
6455,TAS1,2025-10-26 02:00:00+10:00,demand_energy,0.959,MWh
6456,TAS1,2025-10-26 03:00:00+10:00,demand_energy,0.9677,MWh
6457,TAS1,2025-10-26 04:00:00+10:00,demand_energy,0.9945,MWh
6458,TAS1,2025-10-26 05:00:00+10:00,demand_energy,1.0415,MWh
6459,TAS1,2025-10-26 06:00:00+10:00,demand_energy,1.0608,MWh
6460,TAS1,2025-10-26 07:00:00+10:00,demand_energy,1.0434,MWh
6461,TAS1,2025-10-26 08:00:00+10:00,demand_energy,1.0212,MWh
6462,TAS1,2025-10-26 09:00:00+10:00,demand_energy,0.9645,MWh
6463,TAS1,2025-10-26 10:00:00+10:00,demand_energy,0.877,MWh
6464,TAS1,2025-10-26 11:00:00+10:00,demand_energy,0.8167,MWh
6465,TAS1,2025-10-26 12:00:00+10:00,demand_energy,0.7738,MWh
6466,TAS1,2025-10-26 13:00:00+10:00,demand_energy,0.8044,MWh
6467,TAS1,2025-10-26 14:00:00+10:00,demand_energy,0.8273,MWh
6468,TAS1,2025-10-26 15:00:00+10:00,demand_energy,0.9424,MWh
6469,TAS1,2025-10-26 16:00:00+10:00,demand_energy,1.0229,MWh
6470,TAS1,2025-10-26 17:00:00+10:00,demand_energy,1.0688,MWh
6471,TAS1,2025-10-26 18:00:00+10:00,demand_energy,1.0857,MWh
6472,TAS1,2025-10-26 19:00:00+10:00,demand_energy,1.0792,MWh
6473,TAS1,2025-10-26 20:00:00+10:00,demand_energy,1.0488,MWh
6474,TAS1,2025-10-26 21:00:00+10:00,demand_energy,0.9893,MWh
6475,TAS1,2025-10-26 22:00:00+10:00,demand_energy,0.9129,MWh
6476,TAS1,2025-10-26 23:00:00+10:00,demand_energy,0.8798,MWh
6477,TAS1,2025-10-27 00:00:00+10:00,demand_energy,0.8828,MWh
6478,TAS1,2025-10-27 01:00:00+10:00,demand_energy,0.889,MWh
6479,TAS1,2025-10-27 02:00:00+10:00,demand_energy,0.9288,MWh
6480,TAS1,2025-10-27 03:00:00+10:00,demand_energy,0.9636,MWh
6481,TAS1,2025-10-27 04:00:00+10:00,demand_energy,1.0239,MWh
6482,TAS1,2025-10-27 05:00:00+10:00,demand_energy,1.1522,MWh
6483,TAS1,2025-10-27 06:00:00+10:00,demand_energy,1.2542,MWh
6484,TAS1,2025-10-27 07:00:00+10:00,demand_energy,1.2348,MWh
6485,TAS1,2025-10-27 08:00:00+10:00,demand_energy,1.1322,MWh
6486,TAS1,2025-10-27 09:00:00+10:00,demand_energy,1.0635,MWh
6487,TAS1,2025-10-27 10:00:00+10:00,demand_energy,1.0202,MWh
6488,TAS1,2025-10-27 11:00:00+10:00,demand_energy,0.9755,MWh
6489,TAS1,2025-10-27 12:00:00+10:00,demand_energy,0.9401,MWh
6490,TAS1,2025-10-27 13:00:00+10:00,demand_energy,0.9395,MWh
6491,TAS1,2025-10-27 14:00:00+10:00,demand_energy,0.9362,MWh
6492,TAS1,2025-10-27 15:00:00+10:00,demand_energy,0.9771,MWh
6493,TAS1,2025-10-27 16:00:00+10:00,demand_energy,1.0344,MWh
6494,TAS1,2025-10-27 17:00:00+10:00,demand_energy,1.0784,MWh
6495,TAS1,2025-10-27 18:00:00+10:00,demand_energy,1.1267,MWh
6496,TAS1,2025-10-27 19:00:00+10:00,demand_energy,1.1672,MWh
6497,TAS1,2025-10-27 20:00:00+10:00,demand_energy,1.1619,MWh
6498,TAS1,2025-10-27 21:00:00+10:00,demand_energy,1.099,MWh
6499,TAS1,2025-10-27 22:00:00+10:00,demand_energy,1.0253,MWh
6500,TAS1,2025-10-27 23:00:00+10:00,demand_energy,0.9704,MWh
6501,TAS1,2025-10-28 00:00:00+10:00,demand_energy,0.944,MWh
6502,TAS1,2025-10-28 01:00:00+10:00,demand_energy,0.9497,MWh
6503,TAS1,2025-10-28 02:00:00+10:00,demand_energy,0.9362,MWh
6504,TAS1,2025-10-28 03:00:00+10:00,demand_energy,0.9243,MWh
6505,TAS1,2025-10-28 04:00:00+10:00,demand_energy,0.8161,MWh
6506,TAS1,2025-10-28 05:00:00+10:00,demand_energy,1.1044,MWh
6507,TAS1,2025-10-28 06:00:00+10:00,demand_energy,1.0818,MWh
6508,TAS1,2025-10-28 07:00:00+10:00,demand_energy,0.2939,MWh
6509,TAS1,2025-10-28 08:00:00+10:00,demand_energy,0.8367,MWh
6510,TAS1,2025-10-28 09:00:00+10:00,demand_energy,0.9304,MWh
6511,TAS1,2025-10-28 10:00:00+10:00,demand_energy,0.8679,MWh
6512,TAS1,2025-10-28 11:00:00+10:00,demand_energy,0.8308,MWh
6513,TAS1,2025-10-28 12:00:00+10:00,demand_energy,0.7902,MWh
6514,TAS1,2025-10-28 13:00:00+10:00,demand_energy,0.8476,MWh
6515,TAS1,2025-10-28 14:00:00+10:00,demand_energy,0.8486,MWh
6516,TAS1,2025-10-28 15:00:00+10:00,demand_energy,0.8982,MWh
6517,TAS1,2025-10-28 16:00:00+10:00,demand_energy,0.98,MWh
6518,TAS1,2025-10-28 17:00:00+10:00,demand_energy,1.0745,MWh
6519,TAS1,2025-10-28 18:00:00+10:00,demand_energy,1.1288,MWh
6520,TAS1,2025-10-28 19:00:00+10:00,demand_energy,1.1796,MWh
6521,TAS1,2025-10-28 20:00:00+10:00,demand_energy,1.1722,MWh
6522,TAS1,2025-10-28 21:00:00+10:00,demand_energy,1.1104,MWh
6523,TAS1,2025-10-28 22:00:00+10:00,demand_energy,1.025,MWh
6524,TAS1,2025-10-28 23:00:00+10:00,demand_energy,0.9779,MWh
6525,TAS1,2025-10-29 00:00:00+10:00,demand_energy,0.9462,MWh
6526,TAS1,2025-10-29 01:00:00+10:00,demand_energy,0.9446,MWh
6527,TAS1,2025-10-29 02:00:00+10:00,demand_energy,0.9846,MWh
6528,TAS1,2025-10-29 03:00:00+10:00,demand_energy,1.0094,MWh
6529,TAS1,2025-10-29 04:00:00+10:00,demand_energy,1.0544,MWh
6530,TAS1,2025-10-29 05:00:00+10:00,demand_energy,1.1559,MWh
6531,TAS1,2025-10-29 06:00:00+10:00,demand_energy,1.1311,MWh
6532,TAS1,2025-10-29 07:00:00+10:00,demand_energy,1.1725,MWh
6533,TAS1,2025-10-29 08:00:00+10:00,demand_energy,1.0434,MWh
6534,TAS1,2025-10-29 09:00:00+10:00,demand_energy,0.9713,MWh
6535,TAS1,2025-10-29 10:00:00+10:00,demand_energy,0.9079,MWh
6536,TAS1,2025-10-29 11:00:00+10:00,demand_energy,0.8716,MWh
6537,TAS1,2025-10-29 12:00:00+10:00,demand_energy,0.8424,MWh
6538,TAS1,2025-10-29 13:00:00+10:00,demand_energy,0.8598,MWh
6539,TAS1,2025-10-29 14:00:00+10:00,demand_energy,0.89,MWh
6540,TAS1,2025-10-29 15:00:00+10:00,demand_energy,0.9155,MWh
6541,TAS1,2025-10-29 16:00:00+10:00,demand_energy,0.9944,MWh
6542,TAS1,2025-10-29 17:00:00+10:00,demand_energy,1.1005,MWh
6543,TAS1,2025-10-29 18:00:00+10:00,demand_energy,1.0764,MWh
6544,TAS1,2025-10-29 19:00:00+10:00,demand_energy,1.1928,MWh
6545,TAS1,2025-10-29 20:00:00+10:00,demand_energy,1.1744,MWh
6546,TAS1,2025-10-29 21:00:00+10:00,demand_energy,1.1165,MWh
6547,TAS1,2025-10-29 22:00:00+10:00,demand_energy,1.0587,MWh
6548,TAS1,2025-10-29 23:00:00+10:00,demand_energy,1.0161,MWh
6549,TAS1,2025-10-30 00:00:00+10:00,demand_energy,0.999,MWh
6550,TAS1,2025-10-30 01:00:00+10:00,demand_energy,0.9943,MWh
6551,TAS1,2025-10-30 02:00:00+10:00,demand_energy,1.0002,MWh
6552,TAS1,2025-10-30 03:00:00+10:00,demand_energy,1.0096,MWh
6553,TAS1,2025-10-30 04:00:00+10:00,demand_energy,1.0488,MWh
6554,TAS1,2025-10-30 05:00:00+10:00,demand_energy,1.1516,MWh
6555,TAS1,2025-10-30 06:00:00+10:00,demand_energy,1.221,MWh
6556,TAS1,2025-10-30 07:00:00+10:00,demand_energy,1.1688,MWh
6557,TAS1,2025-10-30 08:00:00+10:00,demand_energy,1.0404,MWh
6558,TAS1,2025-10-30 09:00:00+10:00,demand_energy,0.9397,MWh
6559,TAS1,2025-10-30 10:00:00+10:00,demand_energy,0.854,MWh
6560,TAS1,2025-10-30 11:00:00+10:00,demand_energy,0.7306,MWh
6561,TAS1,2025-10-30 12:00:00+10:00,demand_energy,0.7645,MWh
6562,TAS1,2025-10-30 13:00:00+10:00,demand_energy,0.7547,MWh
6563,TAS1,2025-10-30 14:00:00+10:00,demand_energy,0.7733,MWh
6564,TAS1,2025-10-30 15:00:00+10:00,demand_energy,0.8232,MWh
6565,TAS1,2025-10-30 16:00:00+10:00,demand_energy,0.9044,MWh
6566,TAS1,2025-10-30 17:00:00+10:00,demand_energy,0.9853,MWh
6567,TAS1,2025-10-30 18:00:00+10:00,demand_energy,1.0345,MWh
6568,TAS1,2025-10-30 19:00:00+10:00,demand_energy,1.0234,MWh
6569,TAS1,2025-10-30 20:00:00+10:00,demand_energy,0.9929,MWh
6570,TAS1,2025-10-30 21:00:00+10:00,demand_energy,0.9318,MWh
6571,TAS1,2025-10-30 22:00:00+10:00,demand_energy,0.8641,MWh
6572,TAS1,2025-10-30 23:00:00+10:00,demand_energy,0.8381,MWh
6573,TAS1,2025-10-31 00:00:00+10:00,demand_energy,0.8293,MWh
6574,TAS1,2025-10-31 01:00:00+10:00,demand_energy,0.8086,MWh
6575,TAS1,2025-10-31 02:00:00+10:00,demand_energy,0.8001,MWh
6576,TAS1,2025-10-31 03:00:00+10:00,demand_energy,0.8356,MWh
6577,TAS1,2025-10-31 04:00:00+10:00,demand_energy,0.9062,MWh
6578,TAS1,2025-10-31 05:00:00+10:00,demand_energy,1.0075,MWh
6579,TAS1,2025-10-31 06:00:00+10:00,demand_energy,1.1417,MWh
6580,TAS1,2025-10-31 07:00:00+10:00,demand_energy,1.0909,MWh
6581,TAS1,2025-10-31 08:00:00+10:00,demand_energy,1.0142,MWh
6582,TAS1,2025-10-31 09:00:00+10:00,demand_energy,0.9622,MWh
6583,TAS1,2025-10-31 10:00:00+10:00,demand_energy,0.9905,MWh
6584,TAS1,2025-10-31 11:00:00+10:00,demand_energy,0.9221,MWh
6585,TAS1,2025-10-31 12:00:00+10:00,demand_energy,0.9008,MWh
6586,TAS1,2025-10-31 13:00:00+10:00,demand_energy,0.895,MWh
6587,TAS1,2025-10-31 14:00:00+10:00,demand_energy,0.9418,MWh
6588,TAS1,2025-10-31 15:00:00+10:00,demand_energy,0.9917,MWh
6589,TAS1,2025-10-31 16:00:00+10:00,demand_energy,1.0586,MWh
6590,TAS1,2025-10-31 17:00:00+10:00,demand_energy,1.1345,MWh
6591,TAS1,2025-10-31 18:00:00+10:00,demand_energy,1.15,MWh
6592,TAS1,2025-10-31 19:00:00+10:00,demand_energy,1.1346,MWh
6593,TAS1,2025-10-31 20:00:00+10:00,demand_energy,1.1106,MWh
6594,TAS1,2025-10-31 21:00:00+10:00,demand_energy,1.0771,MWh
6595,TAS1,2025-10-31 22:00:00+10:00,demand_energy,1.0206,MWh
6596,TAS1,2025-10-31 23:00:00+10:00,demand_energy,0.983,MWh
6597,TAS1,2025-11-01 00:00:00+10:00,demand_energy,0.9572,MWh
6598,TAS1,2025-11-01 01:00:00+10:00,demand_energy,0.949,MWh
6599,TAS1,2025-11-01 02:00:00+10:00,demand_energy,0.9393,MWh
6600,TAS1,2025-11-01 03:00:00+10:00,demand_energy,0.944,MWh
6601,TAS1,2025-11-01 04:00:00+10:00,demand_energy,0.9507,MWh
6602,TAS1,2025-11-01 05:00:00+10:00,demand_energy,0.9708,MWh
6603,TAS1,2025-11-01 06:00:00+10:00,demand_energy,0.9765,MWh
6604,TAS1,2025-11-01 07:00:00+10:00,demand_energy,0.8874,MWh
6605,TAS1,2025-11-01 08:00:00+10:00,demand_energy,0.9122,MWh
6606,TAS1,2025-11-01 09:00:00+10:00,demand_energy,0.8647,MWh
6607,TAS1,2025-11-01 10:00:00+10:00,demand_energy,0.8436,MWh
6608,TAS1,2025-11-01 11:00:00+10:00,demand_energy,0.8178,MWh
6609,TAS1,2025-11-01 12:00:00+10:00,demand_energy,0.7935,MWh
6610,TAS1,2025-11-01 13:00:00+10:00,demand_energy,0.7975,MWh
6611,TAS1,2025-11-01 14:00:00+10:00,demand_energy,0.802,MWh
6612,TAS1,2025-11-01 15:00:00+10:00,demand_energy,0.8478,MWh
6613,TAS1,2025-11-01 16:00:00+10:00,demand_energy,0.9293,MWh
6614,TAS1,2025-11-01 17:00:00+10:00,demand_energy,1.0016,MWh
6615,TAS1,2025-11-01 18:00:00+10:00,demand_energy,1.0244,MWh
6616,TAS1,2025-11-01 19:00:00+10:00,demand_energy,1.0419,MWh
6617,TAS1,2025-11-01 20:00:00+10:00,demand_energy,0.9815,MWh
6618,TAS1,2025-11-01 21:00:00+10:00,demand_energy,0.9308,MWh
6619,TAS1,2025-11-01 22:00:00+10:00,demand_energy,0.8819,MWh
6620,TAS1,2025-11-01 23:00:00+10:00,demand_energy,0.8258,MWh
6621,TAS1,2025-11-02 00:00:00+10:00,demand_energy,0.786,MWh
6622,TAS1,2025-11-02 01:00:00+10:00,demand_energy,0.769,MWh
6623,TAS1,2025-11-02 02:00:00+10:00,demand_energy,0.7818,MWh
6624,TAS1,2025-11-02 03:00:00+10:00,demand_energy,0.7885,MWh
6625,TAS1,2025-11-02 04:00:00+10:00,demand_energy,0.7946,MWh
6626,TAS1,2025-11-02 05:00:00+10:00,demand_energy,0.8072,MWh
6627,TAS1,2025-11-02 06:00:00+10:00,demand_energy,0.8112,MWh
6628,TAS1,2025-11-02 07:00:00+10:00,demand_energy,0.7935,MWh
6629,TAS1,2025-11-02 08:00:00+10:00,demand_energy,0.7044,MWh
6630,TAS1,2025-11-02 09:00:00+10:00,demand_energy,0.7129,MWh
6631,TAS1,2025-11-02 10:00:00+10:00,demand_energy,0.6666,MWh
6632,TAS1,2025-11-02 11:00:00+10:00,demand_energy,0.6135,MWh
6633,TAS1,2025-11-02 12:00:00+10:00,demand_energy,0.6088,MWh
6634,TAS1,2025-11-02 13:00:00+10:00,demand_energy,0.6508,MWh
6635,TAS1,2025-11-02 14:00:00+10:00,demand_energy,0.688,MWh
6636,TAS1,2025-11-02 15:00:00+10:00,demand_energy,0.7304,MWh
6637,TAS1,2025-11-02 16:00:00+10:00,demand_energy,0.8085,MWh
6638,TAS1,2025-11-02 17:00:00+10:00,demand_energy,0.8965,MWh
6639,TAS1,2025-11-02 18:00:00+10:00,demand_energy,0.9292,MWh
6640,TAS1,2025-11-02 19:00:00+10:00,demand_energy,0.9212,MWh
6641,TAS1,2025-11-02 20:00:00+10:00,demand_energy,0.9248,MWh
6642,TAS1,2025-11-02 21:00:00+10:00,demand_energy,0.917,MWh
6643,TAS1,2025-11-02 22:00:00+10:00,demand_energy,0.8954,MWh
6644,TAS1,2025-11-02 23:00:00+10:00,demand_energy,0.8714,MWh
6645,TAS1,2025-11-03 00:00:00+10:00,demand_energy,0.8601,MWh
6646,TAS1,2025-11-03 01:00:00+10:00,demand_energy,0.8613,MWh
6647,TAS1,2025-11-03 02:00:00+10:00,demand_energy,0.8605,MWh
6648,TAS1,2025-11-03 03:00:00+10:00,demand_energy,0.8589,MWh
6649,TAS1,2025-11-03 04:00:00+10:00,demand_energy,0.8936,MWh
6650,TAS1,2025-11-03 05:00:00+10:00,demand_energy,0.9298,MWh
6651,TAS1,2025-11-03 06:00:00+10:00,demand_energy,0.9818,MWh
6652,TAS1,2025-11-03 07:00:00+10:00,demand_energy,0.9958,MWh
6653,TAS1,2025-11-03 08:00:00+10:00,demand_energy,0.9645,MWh
6654,TAS1,2025-11-03 09:00:00+10:00,demand_energy,0.9409,MWh
6655,TAS1,2025-11-03 10:00:00+10:00,demand_energy,0.9301,MWh
6656,TAS1,2025-11-03 11:00:00+10:00,demand_energy,0.9222,MWh
6657,TAS1,2025-11-03 12:00:00+10:00,demand_energy,0.9498,MWh
6658,TAS1,2025-11-03 13:00:00+10:00,demand_energy,0.9634,MWh
6659,TAS1,2025-11-03 14:00:00+10:00,demand_energy,0.987,MWh
6660,TAS1,2025-11-03 15:00:00+10:00,demand_energy,0.9943,MWh
6661,TAS1,2025-11-03 16:00:00+10:00,demand_energy,1.0407,MWh
6662,TAS1,2025-11-03 17:00:00+10:00,demand_energy,1.0571,MWh
6663,TAS1,2025-11-03 18:00:00+10:00,demand_energy,1.0339,MWh
6664,TAS1,2025-11-03 19:00:00+10:00,demand_energy,1.0066,MWh
6665,TAS1,2025-11-03 20:00:00+10:00,demand_energy,0.9648,MWh
6666,TAS1,2025-11-03 21:00:00+10:00,demand_energy,0.9163,MWh
6667,TAS1,2025-11-03 22:00:00+10:00,demand_energy,0.8916,MWh
6668,TAS1,2025-11-03 23:00:00+10:00,demand_energy,0.9014,MWh
6669,TAS1,2025-11-04 00:00:00+10:00,demand_energy,0.8817,MWh
6670,TAS1,2025-11-04 01:00:00+10:00,demand_energy,0.8517,MWh
6671,TAS1,2025-11-04 02:00:00+10:00,demand_energy,0.825,MWh
6672,TAS1,2025-11-04 03:00:00+10:00,demand_energy,0.8247,MWh
6673,TAS1,2025-11-04 04:00:00+10:00,demand_energy,0.8773,MWh
6674,TAS1,2025-11-04 05:00:00+10:00,demand_energy,0.9695,MWh
6675,TAS1,2025-11-04 06:00:00+10:00,demand_energy,1.0169,MWh
6676,TAS1,2025-11-04 07:00:00+10:00,demand_energy,0.9792,MWh
6677,TAS1,2025-11-04 08:00:00+10:00,demand_energy,0.9117,MWh
6678,TAS1,2025-11-04 09:00:00+10:00,demand_energy,0.8731,MWh
6679,TAS1,2025-11-04 10:00:00+10:00,demand_energy,0.8222,MWh
6680,TAS1,2025-11-04 11:00:00+10:00,demand_energy,0.7628,MWh
6681,TAS1,2025-11-04 12:00:00+10:00,demand_energy,0.711,MWh
6682,TAS1,2025-11-04 13:00:00+10:00,demand_energy,0.682,MWh
6683,TAS1,2025-11-04 14:00:00+10:00,demand_energy,0.6961,MWh
6684,TAS1,2025-11-04 15:00:00+10:00,demand_energy,0.7675,MWh
6685,TAS1,2025-11-04 16:00:00+10:00,demand_energy,0.8623,MWh
6686,TAS1,2025-11-04 17:00:00+10:00,demand_energy,0.3805,MWh
6687,VIC1,2025-10-04 19:00:00+10:00,demand_energy,5.2137,MWh
6688,VIC1,2025-10-04 20:00:00+10:00,demand_energy,4.9428,MWh
6689,VIC1,2025-10-04 21:00:00+10:00,demand_energy,4.6014,MWh
6690,VIC1,2025-10-04 22:00:00+10:00,demand_energy,4.3518,MWh
6691,VIC1,2025-10-04 23:00:00+10:00,demand_energy,4.345,MWh
6692,VIC1,2025-10-05 00:00:00+10:00,demand_energy,4.1457,MWh
6693,VIC1,2025-10-05 01:00:00+10:00,demand_energy,3.9086,MWh
6694,VIC1,2025-10-05 02:00:00+10:00,demand_energy,3.678,MWh
6695,VIC1,2025-10-05 03:00:00+10:00,demand_energy,3.5776,MWh
6696,VIC1,2025-10-05 04:00:00+10:00,demand_energy,3.6018,MWh
6697,VIC1,2025-10-05 05:00:00+10:00,demand_energy,3.7097,MWh
6698,VIC1,2025-10-05 06:00:00+10:00,demand_energy,3.8285,MWh
6699,VIC1,2025-10-05 07:00:00+10:00,demand_energy,3.7926,MWh
6700,VIC1,2025-10-05 08:00:00+10:00,demand_energy,3.7999,MWh
6701,VIC1,2025-10-05 09:00:00+10:00,demand_energy,3.8806,MWh
6702,VIC1,2025-10-05 10:00:00+10:00,demand_energy,3.8749,MWh
6703,VIC1,2025-10-05 11:00:00+10:00,demand_energy,3.6244,MWh
6704,VIC1,2025-10-05 12:00:00+10:00,demand_energy,2.952,MWh
6705,VIC1,2025-10-05 13:00:00+10:00,demand_energy,3.1752,MWh
6706,VIC1,2025-10-05 14:00:00+10:00,demand_energy,3.8059,MWh
6707,VIC1,2025-10-05 15:00:00+10:00,demand_energy,4.185,MWh
6708,VIC1,2025-10-05 16:00:00+10:00,demand_energy,4.6651,MWh
6709,VIC1,2025-10-05 17:00:00+10:00,demand_energy,5.1007,MWh
6710,VIC1,2025-10-05 18:00:00+10:00,demand_energy,5.2224,MWh
6711,VIC1,2025-10-05 19:00:00+10:00,demand_energy,5.0189,MWh
6712,VIC1,2025-10-05 20:00:00+10:00,demand_energy,4.7391,MWh
6713,VIC1,2025-10-05 21:00:00+10:00,demand_energy,4.3941,MWh
6714,VIC1,2025-10-05 22:00:00+10:00,demand_energy,4.1549,MWh
6715,VIC1,2025-10-05 23:00:00+10:00,demand_energy,4.1999,MWh
6716,VIC1,2025-10-06 00:00:00+10:00,demand_energy,3.9929,MWh
6717,VIC1,2025-10-06 01:00:00+10:00,demand_energy,3.817,MWh
6718,VIC1,2025-10-06 02:00:00+10:00,demand_energy,3.5912,MWh
6719,VIC1,2025-10-06 03:00:00+10:00,demand_energy,3.6285,MWh
6720,VIC1,2025-10-06 04:00:00+10:00,demand_energy,3.8842,MWh
6721,VIC1,2025-10-06 05:00:00+10:00,demand_energy,4.5477,MWh
6722,VIC1,2025-10-06 06:00:00+10:00,demand_energy,5.3029,MWh
6723,VIC1,2025-10-06 07:00:00+10:00,demand_energy,5.4514,MWh
6724,VIC1,2025-10-06 08:00:00+10:00,demand_energy,5.1942,MWh
6725,VIC1,2025-10-06 09:00:00+10:00,demand_energy,4.5591,MWh
6726,VIC1,2025-10-06 10:00:00+10:00,demand_energy,4.0202,MWh
6727,VIC1,2025-10-06 11:00:00+10:00,demand_energy,3.731,MWh
6728,VIC1,2025-10-06 12:00:00+10:00,demand_energy,3.5503,MWh
6729,VIC1,2025-10-06 13:00:00+10:00,demand_energy,3.4224,MWh
6730,VIC1,2025-10-06 14:00:00+10:00,demand_energy,3.5482,MWh
6731,VIC1,2025-10-06 15:00:00+10:00,demand_energy,3.9975,MWh
6732,VIC1,2025-10-06 16:00:00+10:00,demand_energy,4.8216,MWh
6733,VIC1,2025-10-06 17:00:00+10:00,demand_energy,5.607,MWh
6734,VIC1,2025-10-06 18:00:00+10:00,demand_energy,6.0488,MWh
6735,VIC1,2025-10-06 19:00:00+10:00,demand_energy,6.0983,MWh
6736,VIC1,2025-10-06 20:00:00+10:00,demand_energy,5.8359,MWh
6737,VIC1,2025-10-06 21:00:00+10:00,demand_energy,5.4004,MWh
6738,VIC1,2025-10-06 22:00:00+10:00,demand_energy,5.0154,MWh
6739,VIC1,2025-10-06 23:00:00+10:00,demand_energy,4.9505,MWh
6740,VIC1,2025-10-07 00:00:00+10:00,demand_energy,4.7664,MWh
6741,VIC1,2025-10-07 01:00:00+10:00,demand_energy,4.5333,MWh
6742,VIC1,2025-10-07 02:00:00+10:00,demand_energy,4.3517,MWh
6743,VIC1,2025-10-07 03:00:00+10:00,demand_energy,4.3665,MWh
6744,VIC1,2025-10-07 04:00:00+10:00,demand_energy,4.622,MWh
6745,VIC1,2025-10-07 05:00:00+10:00,demand_energy,5.2766,MWh
6746,VIC1,2025-10-07 06:00:00+10:00,demand_energy,5.8395,MWh
6747,VIC1,2025-10-07 07:00:00+10:00,demand_energy,5.5267,MWh
6748,VIC1,2025-10-07 08:00:00+10:00,demand_energy,4.4579,MWh
6749,VIC1,2025-10-07 09:00:00+10:00,demand_energy,3.6834,MWh
6750,VIC1,2025-10-07 10:00:00+10:00,demand_energy,3.3953,MWh
6751,VIC1,2025-10-07 11:00:00+10:00,demand_energy,3.0662,MWh
6752,VIC1,2025-10-07 12:00:00+10:00,demand_energy,2.6842,MWh
6753,VIC1,2025-10-07 13:00:00+10:00,demand_energy,2.5259,MWh
6754,VIC1,2025-10-07 14:00:00+10:00,demand_energy,2.7757,MWh
6755,VIC1,2025-10-07 15:00:00+10:00,demand_energy,3.3812,MWh
6756,VIC1,2025-10-07 16:00:00+10:00,demand_energy,4.1863,MWh
6757,VIC1,2025-10-07 17:00:00+10:00,demand_energy,5.0007,MWh
6758,VIC1,2025-10-07 18:00:00+10:00,demand_energy,5.5762,MWh
6759,VIC1,2025-10-07 19:00:00+10:00,demand_energy,5.6854,MWh
6760,VIC1,2025-10-07 20:00:00+10:00,demand_energy,5.4487,MWh
6761,VIC1,2025-10-07 21:00:00+10:00,demand_energy,5.0709,MWh
6762,VIC1,2025-10-07 22:00:00+10:00,demand_energy,4.7187,MWh
6763,VIC1,2025-10-07 23:00:00+10:00,demand_energy,4.6887,MWh
6764,VIC1,2025-10-08 00:00:00+10:00,demand_energy,4.51,MWh
6765,VIC1,2025-10-08 01:00:00+10:00,demand_energy,4.3199,MWh
6766,VIC1,2025-10-08 02:00:00+10:00,demand_energy,4.1449,MWh
6767,VIC1,2025-10-08 03:00:00+10:00,demand_energy,4.1382,MWh
6768,VIC1,2025-10-08 04:00:00+10:00,demand_energy,4.4029,MWh
6769,VIC1,2025-10-08 05:00:00+10:00,demand_energy,5.0877,MWh
6770,VIC1,2025-10-08 06:00:00+10:00,demand_energy,5.7254,MWh
6771,VIC1,2025-10-08 07:00:00+10:00,demand_energy,5.4201,MWh
6772,VIC1,2025-10-08 08:00:00+10:00,demand_energy,4.9238,MWh
6773,VIC1,2025-10-08 09:00:00+10:00,demand_energy,4.1242,MWh
6774,VIC1,2025-10-08 10:00:00+10:00,demand_energy,3.2891,MWh
6775,VIC1,2025-10-08 11:00:00+10:00,demand_energy,2.8415,MWh
6776,VIC1,2025-10-08 12:00:00+10:00,demand_energy,3.1512,MWh
6777,VIC1,2025-10-08 13:00:00+10:00,demand_energy,3.4111,MWh
6778,VIC1,2025-10-08 14:00:00+10:00,demand_energy,3.3848,MWh
6779,VIC1,2025-10-08 15:00:00+10:00,demand_energy,4.0223,MWh
6780,VIC1,2025-10-08 16:00:00+10:00,demand_energy,4.6635,MWh
6781,VIC1,2025-10-08 17:00:00+10:00,demand_energy,5.1549,MWh
6782,VIC1,2025-10-08 18:00:00+10:00,demand_energy,5.4725,MWh
6783,VIC1,2025-10-08 19:00:00+10:00,demand_energy,5.5496,MWh
6784,VIC1,2025-10-08 20:00:00+10:00,demand_energy,5.3395,MWh
6785,VIC1,2025-10-08 21:00:00+10:00,demand_energy,5.0048,MWh
6786,VIC1,2025-10-08 22:00:00+10:00,demand_energy,4.6503,MWh
6787,VIC1,2025-10-08 23:00:00+10:00,demand_energy,4.6361,MWh
6788,VIC1,2025-10-09 00:00:00+10:00,demand_energy,4.4586,MWh
6789,VIC1,2025-10-09 01:00:00+10:00,demand_energy,4.1665,MWh
6790,VIC1,2025-10-09 02:00:00+10:00,demand_energy,3.9533,MWh
6791,VIC1,2025-10-09 03:00:00+10:00,demand_energy,3.8989,MWh
6792,VIC1,2025-10-09 04:00:00+10:00,demand_energy,4.1041,MWh
6793,VIC1,2025-10-09 05:00:00+10:00,demand_energy,4.7972,MWh
6794,VIC1,2025-10-09 06:00:00+10:00,demand_energy,5.359,MWh
6795,VIC1,2025-10-09 07:00:00+10:00,demand_energy,4.7928,MWh
6796,VIC1,2025-10-09 08:00:00+10:00,demand_energy,4.0062,MWh
6797,VIC1,2025-10-09 09:00:00+10:00,demand_energy,3.3439,MWh
6798,VIC1,2025-10-09 10:00:00+10:00,demand_energy,3.2141,MWh
6799,VIC1,2025-10-09 11:00:00+10:00,demand_energy,3.3418,MWh
6800,VIC1,2025-10-09 12:00:00+10:00,demand_energy,3.3986,MWh
6801,VIC1,2025-10-09 13:00:00+10:00,demand_energy,3.4504,MWh
6802,VIC1,2025-10-09 14:00:00+10:00,demand_energy,3.4752,MWh
6803,VIC1,2025-10-09 15:00:00+10:00,demand_energy,3.7965,MWh
6804,VIC1,2025-10-09 16:00:00+10:00,demand_energy,4.3902,MWh
6805,VIC1,2025-10-09 17:00:00+10:00,demand_energy,4.9027,MWh
6806,VIC1,2025-10-09 18:00:00+10:00,demand_energy,5.3654,MWh
6807,VIC1,2025-10-09 19:00:00+10:00,demand_energy,5.4964,MWh
6808,VIC1,2025-10-09 20:00:00+10:00,demand_energy,5.2785,MWh
6809,VIC1,2025-10-09 21:00:00+10:00,demand_energy,4.8894,MWh
6810,VIC1,2025-10-09 22:00:00+10:00,demand_energy,4.4457,MWh
6811,VIC1,2025-10-09 23:00:00+10:00,demand_energy,4.3869,MWh
6812,VIC1,2025-10-10 00:00:00+10:00,demand_energy,4.2198,MWh
6813,VIC1,2025-10-10 01:00:00+10:00,demand_energy,4.0188,MWh
6814,VIC1,2025-10-10 02:00:00+10:00,demand_energy,3.8333,MWh
6815,VIC1,2025-10-10 03:00:00+10:00,demand_energy,3.8317,MWh
6816,VIC1,2025-10-10 04:00:00+10:00,demand_energy,4.0484,MWh
6817,VIC1,2025-10-10 05:00:00+10:00,demand_energy,4.6517,MWh
6818,VIC1,2025-10-10 06:00:00+10:00,demand_energy,5.2419,MWh
6819,VIC1,2025-10-10 07:00:00+10:00,demand_energy,4.8404,MWh
6820,VIC1,2025-10-10 08:00:00+10:00,demand_energy,4.0336,MWh
6821,VIC1,2025-10-10 09:00:00+10:00,demand_energy,3.7168,MWh
6822,VIC1,2025-10-10 10:00:00+10:00,demand_energy,3.7178,MWh
6823,VIC1,2025-10-10 11:00:00+10:00,demand_energy,3.6317,MWh
6824,VIC1,2025-10-10 12:00:00+10:00,demand_energy,3.4527,MWh
6825,VIC1,2025-10-10 13:00:00+10:00,demand_energy,3.2321,MWh
6826,VIC1,2025-10-10 14:00:00+10:00,demand_energy,3.3523,MWh
6827,VIC1,2025-10-10 15:00:00+10:00,demand_energy,3.8566,MWh
6828,VIC1,2025-10-10 16:00:00+10:00,demand_energy,4.4421,MWh
6829,VIC1,2025-10-10 17:00:00+10:00,demand_energy,4.9897,MWh
6830,VIC1,2025-10-10 18:00:00+10:00,demand_energy,5.4155,MWh
6831,VIC1,2025-10-10 19:00:00+10:00,demand_energy,5.1591,MWh
6832,VIC1,2025-10-10 20:00:00+10:00,demand_energy,4.9519,MWh
6833,VIC1,2025-10-10 21:00:00+10:00,demand_energy,4.6609,MWh
6834,VIC1,2025-10-10 22:00:00+10:00,demand_energy,4.3281,MWh
6835,VIC1,2025-10-10 23:00:00+10:00,demand_energy,4.3992,MWh
6836,VIC1,2025-10-11 00:00:00+10:00,demand_energy,4.1761,MWh
6837,VIC1,2025-10-11 01:00:00+10:00,demand_energy,3.9132,MWh
6838,VIC1,2025-10-11 02:00:00+10:00,demand_energy,3.7655,MWh
6839,VIC1,2025-10-11 03:00:00+10:00,demand_energy,3.715,MWh
6840,VIC1,2025-10-11 04:00:00+10:00,demand_energy,3.8142,MWh
6841,VIC1,2025-10-11 05:00:00+10:00,demand_energy,4.1118,MWh
6842,VIC1,2025-10-11 06:00:00+10:00,demand_energy,4.341,MWh
6843,VIC1,2025-10-11 07:00:00+10:00,demand_energy,3.9181,MWh
6844,VIC1,2025-10-11 08:00:00+10:00,demand_energy,3.3654,MWh
6845,VIC1,2025-10-11 09:00:00+10:00,demand_energy,2.9427,MWh
6846,VIC1,2025-10-11 10:00:00+10:00,demand_energy,2.5239,MWh
6847,VIC1,2025-10-11 11:00:00+10:00,demand_energy,2.3141,MWh
6848,VIC1,2025-10-11 12:00:00+10:00,demand_energy,2.1978,MWh
6849,VIC1,2025-10-11 13:00:00+10:00,demand_energy,2.4315,MWh
6850,VIC1,2025-10-11 14:00:00+10:00,demand_energy,2.5772,MWh
6851,VIC1,2025-10-11 15:00:00+10:00,demand_energy,2.9819,MWh
6852,VIC1,2025-10-11 16:00:00+10:00,demand_energy,3.633,MWh
6853,VIC1,2025-10-11 17:00:00+10:00,demand_energy,4.3893,MWh
6854,VIC1,2025-10-11 18:00:00+10:00,demand_energy,4.9929,MWh
6855,VIC1,2025-10-11 19:00:00+10:00,demand_energy,5.0091,MWh
6856,VIC1,2025-10-11 20:00:00+10:00,demand_energy,4.8169,MWh
6857,VIC1,2025-10-11 21:00:00+10:00,demand_energy,4.6205,MWh
6858,VIC1,2025-10-11 22:00:00+10:00,demand_energy,4.4341,MWh
6859,VIC1,2025-10-11 23:00:00+10:00,demand_energy,4.4917,MWh
6860,VIC1,2025-10-12 00:00:00+10:00,demand_energy,4.3122,MWh
6861,VIC1,2025-10-12 01:00:00+10:00,demand_energy,4.1072,MWh
6862,VIC1,2025-10-12 02:00:00+10:00,demand_energy,3.9492,MWh
6863,VIC1,2025-10-12 03:00:00+10:00,demand_energy,3.8981,MWh
6864,VIC1,2025-10-12 04:00:00+10:00,demand_energy,3.9135,MWh
6865,VIC1,2025-10-12 05:00:00+10:00,demand_energy,3.7991,MWh
6866,VIC1,2025-10-12 06:00:00+10:00,demand_energy,4.2453,MWh
6867,VIC1,2025-10-12 07:00:00+10:00,demand_energy,4.0982,MWh
6868,VIC1,2025-10-12 08:00:00+10:00,demand_energy,4.0485,MWh
6869,VIC1,2025-10-12 09:00:00+10:00,demand_energy,3.603,MWh
6870,VIC1,2025-10-12 10:00:00+10:00,demand_energy,3.2006,MWh
6871,VIC1,2025-10-12 11:00:00+10:00,demand_energy,2.649,MWh
6872,VIC1,2025-10-12 12:00:00+10:00,demand_energy,2.7342,MWh
6873,VIC1,2025-10-12 13:00:00+10:00,demand_energy,2.7474,MWh
6874,VIC1,2025-10-12 14:00:00+10:00,demand_energy,2.8579,MWh
6875,VIC1,2025-10-12 15:00:00+10:00,demand_energy,3.3784,MWh
6876,VIC1,2025-10-12 16:00:00+10:00,demand_energy,4.4192,MWh
6877,VIC1,2025-10-12 17:00:00+10:00,demand_energy,5.0005,MWh
6878,VIC1,2025-10-12 18:00:00+10:00,demand_energy,5.4521,MWh
6879,VIC1,2025-10-12 19:00:00+10:00,demand_energy,5.4781,MWh
6880,VIC1,2025-10-12 20:00:00+10:00,demand_energy,5.2045,MWh
6881,VIC1,2025-10-12 21:00:00+10:00,demand_energy,4.8425,MWh
6882,VIC1,2025-10-12 22:00:00+10:00,demand_energy,4.5751,MWh
6883,VIC1,2025-10-12 23:00:00+10:00,demand_energy,4.7052,MWh
6884,VIC1,2025-10-13 00:00:00+10:00,demand_energy,4.5602,MWh
6885,VIC1,2025-10-13 01:00:00+10:00,demand_energy,4.4173,MWh
6886,VIC1,2025-10-13 02:00:00+10:00,demand_energy,4.2969,MWh
6887,VIC1,2025-10-13 03:00:00+10:00,demand_energy,4.3381,MWh
6888,VIC1,2025-10-13 04:00:00+10:00,demand_energy,4.6811,MWh
6889,VIC1,2025-10-13 05:00:00+10:00,demand_energy,5.4569,MWh
6890,VIC1,2025-10-13 06:00:00+10:00,demand_energy,6.1021,MWh
6891,VIC1,2025-10-13 07:00:00+10:00,demand_energy,5.9386,MWh
6892,VIC1,2025-10-13 08:00:00+10:00,demand_energy,5.0315,MWh
6893,VIC1,2025-10-13 09:00:00+10:00,demand_energy,4.3195,MWh
6894,VIC1,2025-10-13 10:00:00+10:00,demand_energy,4.0146,MWh
6895,VIC1,2025-10-13 11:00:00+10:00,demand_energy,3.3948,MWh
6896,VIC1,2025-10-13 12:00:00+10:00,demand_energy,2.9784,MWh
6897,VIC1,2025-10-13 13:00:00+10:00,demand_energy,2.5898,MWh
6898,VIC1,2025-10-13 14:00:00+10:00,demand_energy,2.5867,MWh
6899,VIC1,2025-10-13 15:00:00+10:00,demand_energy,3.1209,MWh
6900,VIC1,2025-10-13 16:00:00+10:00,demand_energy,4.1853,MWh
6901,VIC1,2025-10-13 17:00:00+10:00,demand_energy,5.1533,MWh
6902,VIC1,2025-10-13 18:00:00+10:00,demand_energy,5.6945,MWh
6903,VIC1,2025-10-13 19:00:00+10:00,demand_energy,5.9088,MWh
6904,VIC1,2025-10-13 20:00:00+10:00,demand_energy,5.6868,MWh
6905,VIC1,2025-10-13 21:00:00+10:00,demand_energy,5.2791,MWh
6906,VIC1,2025-10-13 22:00:00+10:00,demand_energy,4.9588,MWh
6907,VIC1,2025-10-13 23:00:00+10:00,demand_energy,4.9151,MWh
6908,VIC1,2025-10-14 00:00:00+10:00,demand_energy,4.6842,MWh
6909,VIC1,2025-10-14 01:00:00+10:00,demand_energy,4.5077,MWh
6910,VIC1,2025-10-14 02:00:00+10:00,demand_energy,4.3187,MWh
6911,VIC1,2025-10-14 03:00:00+10:00,demand_energy,4.3578,MWh
6912,VIC1,2025-10-14 04:00:00+10:00,demand_energy,4.6065,MWh
6913,VIC1,2025-10-14 05:00:00+10:00,demand_energy,5.3779,MWh
6914,VIC1,2025-10-14 06:00:00+10:00,demand_energy,6.1356,MWh
6915,VIC1,2025-10-14 07:00:00+10:00,demand_energy,5.7687,MWh
6916,VIC1,2025-10-14 08:00:00+10:00,demand_energy,4.9603,MWh
6917,VIC1,2025-10-14 09:00:00+10:00,demand_energy,4.2478,MWh
6918,VIC1,2025-10-14 10:00:00+10:00,demand_energy,3.7072,MWh
6919,VIC1,2025-10-14 11:00:00+10:00,demand_energy,3.1634,MWh
6920,VIC1,2025-10-14 12:00:00+10:00,demand_energy,2.8674,MWh
6921,VIC1,2025-10-14 13:00:00+10:00,demand_energy,2.6468,MWh
6922,VIC1,2025-10-14 14:00:00+10:00,demand_energy,2.7457,MWh
6923,VIC1,2025-10-14 15:00:00+10:00,demand_energy,3.2143,MWh
6924,VIC1,2025-10-14 16:00:00+10:00,demand_energy,4.1105,MWh
6925,VIC1,2025-10-14 17:00:00+10:00,demand_energy,5.017,MWh
6926,VIC1,2025-10-14 18:00:00+10:00,demand_energy,5.5191,MWh
6927,VIC1,2025-10-14 19:00:00+10:00,demand_energy,5.6424,MWh
6928,VIC1,2025-10-14 20:00:00+10:00,demand_energy,5.4063,MWh
6929,VIC1,2025-10-14 21:00:00+10:00,demand_energy,5.1171,MWh
6930,VIC1,2025-10-14 22:00:00+10:00,demand_energy,4.8087,MWh
6931,VIC1,2025-10-14 23:00:00+10:00,demand_energy,4.8515,MWh
6932,VIC1,2025-10-15 00:00:00+10:00,demand_energy,4.7193,MWh
6933,VIC1,2025-10-15 01:00:00+10:00,demand_energy,4.5238,MWh
6934,VIC1,2025-10-15 02:00:00+10:00,demand_energy,4.3869,MWh
6935,VIC1,2025-10-15 03:00:00+10:00,demand_energy,4.3664,MWh
6936,VIC1,2025-10-15 04:00:00+10:00,demand_energy,4.6118,MWh
6937,VIC1,2025-10-15 05:00:00+10:00,demand_energy,5.2818,MWh
6938,VIC1,2025-10-15 06:00:00+10:00,demand_energy,5.6271,MWh
6939,VIC1,2025-10-15 07:00:00+10:00,demand_energy,5.2187,MWh
6940,VIC1,2025-10-15 08:00:00+10:00,demand_energy,4.2098,MWh
6941,VIC1,2025-10-15 09:00:00+10:00,demand_energy,3.2579,MWh
6942,VIC1,2025-10-15 10:00:00+10:00,demand_energy,2.4086,MWh
6943,VIC1,2025-10-15 11:00:00+10:00,demand_energy,2.4055,MWh
6944,VIC1,2025-10-15 12:00:00+10:00,demand_energy,2.2778,MWh
6945,VIC1,2025-10-15 13:00:00+10:00,demand_energy,2.4308,MWh
6946,VIC1,2025-10-15 14:00:00+10:00,demand_energy,2.7188,MWh
6947,VIC1,2025-10-15 15:00:00+10:00,demand_energy,3.3392,MWh
6948,VIC1,2025-10-15 16:00:00+10:00,demand_energy,4.3005,MWh
6949,VIC1,2025-10-15 17:00:00+10:00,demand_energy,5.1264,MWh
6950,VIC1,2025-10-15 18:00:00+10:00,demand_energy,5.6386,MWh
6951,VIC1,2025-10-15 19:00:00+10:00,demand_energy,5.6867,MWh
6952,VIC1,2025-10-15 20:00:00+10:00,demand_energy,5.4307,MWh
6953,VIC1,2025-10-15 21:00:00+10:00,demand_energy,5.0005,MWh
6954,VIC1,2025-10-15 22:00:00+10:00,demand_energy,4.6598,MWh
6955,VIC1,2025-10-15 23:00:00+10:00,demand_energy,4.6846,MWh
6956,VIC1,2025-10-16 00:00:00+10:00,demand_energy,4.5241,MWh
6957,VIC1,2025-10-16 01:00:00+10:00,demand_energy,4.2997,MWh
6958,VIC1,2025-10-16 02:00:00+10:00,demand_energy,4.1343,MWh
6959,VIC1,2025-10-16 03:00:00+10:00,demand_energy,4.1463,MWh
6960,VIC1,2025-10-16 04:00:00+10:00,demand_energy,4.4046,MWh
6961,VIC1,2025-10-16 05:00:00+10:00,demand_energy,4.9928,MWh
6962,VIC1,2025-10-16 06:00:00+10:00,demand_energy,5.4513,MWh
6963,VIC1,2025-10-16 07:00:00+10:00,demand_energy,4.8139,MWh
6964,VIC1,2025-10-16 08:00:00+10:00,demand_energy,4.02,MWh
6965,VIC1,2025-10-16 09:00:00+10:00,demand_energy,3.3335,MWh
6966,VIC1,2025-10-16 10:00:00+10:00,demand_energy,3.0238,MWh
6967,VIC1,2025-10-16 11:00:00+10:00,demand_energy,3.029,MWh
6968,VIC1,2025-10-16 12:00:00+10:00,demand_energy,3.3088,MWh
6969,VIC1,2025-10-16 13:00:00+10:00,demand_energy,4.1984,MWh
6970,VIC1,2025-10-16 14:00:00+10:00,demand_energy,5.0568,MWh
6971,VIC1,2025-10-16 15:00:00+10:00,demand_energy,5.2442,MWh
6972,VIC1,2025-10-16 16:00:00+10:00,demand_energy,5.6605,MWh
6973,VIC1,2025-10-16 17:00:00+10:00,demand_energy,5.8931,MWh
6974,VIC1,2025-10-16 18:00:00+10:00,demand_energy,5.7505,MWh
6975,VIC1,2025-10-16 19:00:00+10:00,demand_energy,5.6086,MWh
6976,VIC1,2025-10-16 20:00:00+10:00,demand_energy,5.3106,MWh
6977,VIC1,2025-10-16 21:00:00+10:00,demand_energy,4.9069,MWh
6978,VIC1,2025-10-16 22:00:00+10:00,demand_energy,4.6031,MWh
6979,VIC1,2025-10-16 23:00:00+10:00,demand_energy,4.6547,MWh
6980,VIC1,2025-10-17 00:00:00+10:00,demand_energy,4.4278,MWh
6981,VIC1,2025-10-17 01:00:00+10:00,demand_energy,4.22,MWh
6982,VIC1,2025-10-17 02:00:00+10:00,demand_energy,4.0926,MWh
6983,VIC1,2025-10-17 03:00:00+10:00,demand_energy,4.092,MWh
6984,VIC1,2025-10-17 04:00:00+10:00,demand_energy,3.9097,MWh
6985,VIC1,2025-10-17 05:00:00+10:00,demand_energy,4.7956,MWh
6986,VIC1,2025-10-17 06:00:00+10:00,demand_energy,5.299,MWh
6987,VIC1,2025-10-17 07:00:00+10:00,demand_energy,4.7885,MWh
6988,VIC1,2025-10-17 08:00:00+10:00,demand_energy,3.8071,MWh
6989,VIC1,2025-10-17 09:00:00+10:00,demand_energy,3.757,MWh
6990,VIC1,2025-10-17 10:00:00+10:00,demand_energy,3.3626,MWh
6991,VIC1,2025-10-17 11:00:00+10:00,demand_energy,2.9004,MWh
6992,VIC1,2025-10-17 12:00:00+10:00,demand_energy,2.7324,MWh
6993,VIC1,2025-10-17 13:00:00+10:00,demand_energy,2.7228,MWh
6994,VIC1,2025-10-17 14:00:00+10:00,demand_energy,2.6042,MWh
6995,VIC1,2025-10-17 15:00:00+10:00,demand_energy,3.6701,MWh
6996,VIC1,2025-10-17 16:00:00+10:00,demand_energy,2.1256,MWh
6997,VIC1,2025-10-17 17:00:00+10:00,demand_energy,4.8954,MWh
6998,VIC1,2025-10-17 18:00:00+10:00,demand_energy,5.2355,MWh
6999,VIC1,2025-10-17 19:00:00+10:00,demand_energy,5.2987,MWh
7000,VIC1,2025-10-17 20:00:00+10:00,demand_energy,5.1609,MWh
7001,VIC1,2025-10-17 21:00:00+10:00,demand_energy,2.8419,MWh
7002,VIC1,2025-10-17 22:00:00+10:00,demand_energy,4.6088,MWh
7003,VIC1,2025-10-17 23:00:00+10:00,demand_energy,4.6102,MWh
7004,VIC1,2025-10-18 00:00:00+10:00,demand_energy,4.4049,MWh
7005,VIC1,2025-10-18 01:00:00+10:00,demand_energy,4.193,MWh
7006,VIC1,2025-10-18 02:00:00+10:00,demand_energy,4.0364,MWh
7007,VIC1,2025-10-18 03:00:00+10:00,demand_energy,4.0399,MWh
7008,VIC1,2025-10-18 04:00:00+10:00,demand_energy,4.1502,MWh
7009,VIC1,2025-10-18 05:00:00+10:00,demand_energy,4.4024,MWh
7010,VIC1,2025-10-18 06:00:00+10:00,demand_energy,4.6111,MWh
7011,VIC1,2025-10-18 07:00:00+10:00,demand_energy,4.5311,MWh
7012,VIC1,2025-10-18 08:00:00+10:00,demand_energy,4.224,MWh
7013,VIC1,2025-10-18 09:00:00+10:00,demand_energy,3.5368,MWh
7014,VIC1,2025-10-18 10:00:00+10:00,demand_energy,2.7437,MWh
7015,VIC1,2025-10-18 11:00:00+10:00,demand_energy,2.1697,MWh
7016,VIC1,2025-10-18 12:00:00+10:00,demand_energy,1.8232,MWh
7017,VIC1,2025-10-18 13:00:00+10:00,demand_energy,1.7864,MWh
7018,VIC1,2025-10-18 14:00:00+10:00,demand_energy,2.0461,MWh
7019,VIC1,2025-10-18 15:00:00+10:00,demand_energy,2.6377,MWh
7020,VIC1,2025-10-18 16:00:00+10:00,demand_energy,3.5985,MWh
7021,VIC1,2025-10-18 17:00:00+10:00,demand_energy,4.514,MWh
7022,VIC1,2025-10-18 18:00:00+10:00,demand_energy,5.0173,MWh
7023,VIC1,2025-10-18 19:00:00+10:00,demand_energy,5.1002,MWh
7024,VIC1,2025-10-18 20:00:00+10:00,demand_energy,4.9258,MWh
7025,VIC1,2025-10-18 21:00:00+10:00,demand_energy,4.6257,MWh
7026,VIC1,2025-10-18 22:00:00+10:00,demand_energy,4.295,MWh
7027,VIC1,2025-10-18 23:00:00+10:00,demand_energy,4.3763,MWh
7028,VIC1,2025-10-19 00:00:00+10:00,demand_energy,4.159,MWh
7029,VIC1,2025-10-19 01:00:00+10:00,demand_energy,3.8623,MWh
7030,VIC1,2025-10-19 02:00:00+10:00,demand_energy,3.7143,MWh
7031,VIC1,2025-10-19 03:00:00+10:00,demand_energy,3.6385,MWh
7032,VIC1,2025-10-19 04:00:00+10:00,demand_energy,3.6383,MWh
7033,VIC1,2025-10-19 05:00:00+10:00,demand_energy,3.7791,MWh
7034,VIC1,2025-10-19 06:00:00+10:00,demand_energy,3.8639,MWh
7035,VIC1,2025-10-19 07:00:00+10:00,demand_energy,3.9734,MWh
7036,VIC1,2025-10-19 08:00:00+10:00,demand_energy,3.5853,MWh
7037,VIC1,2025-10-19 09:00:00+10:00,demand_energy,3.5602,MWh
7038,VIC1,2025-10-19 10:00:00+10:00,demand_energy,3.9826,MWh
7039,VIC1,2025-10-19 11:00:00+10:00,demand_energy,3.5801,MWh
7040,VIC1,2025-10-19 12:00:00+10:00,demand_energy,3.8778,MWh
7041,VIC1,2025-10-19 13:00:00+10:00,demand_energy,3.6114,MWh
7042,VIC1,2025-10-19 14:00:00+10:00,demand_energy,3.7087,MWh
7043,VIC1,2025-10-19 15:00:00+10:00,demand_energy,4.2019,MWh
7044,VIC1,2025-10-19 16:00:00+10:00,demand_energy,4.9931,MWh
7045,VIC1,2025-10-19 17:00:00+10:00,demand_energy,5.2626,MWh
7046,VIC1,2025-10-19 18:00:00+10:00,demand_energy,5.2377,MWh
7047,VIC1,2025-10-19 19:00:00+10:00,demand_energy,5.1805,MWh
7048,VIC1,2025-10-19 20:00:00+10:00,demand_energy,4.8745,MWh
7049,VIC1,2025-10-19 21:00:00+10:00,demand_energy,4.5963,MWh
7050,VIC1,2025-10-19 22:00:00+10:00,demand_energy,4.3634,MWh
7051,VIC1,2025-10-19 23:00:00+10:00,demand_energy,4.471,MWh
7052,VIC1,2025-10-20 00:00:00+10:00,demand_energy,4.3056,MWh
7053,VIC1,2025-10-20 01:00:00+10:00,demand_energy,4.1275,MWh
7054,VIC1,2025-10-20 02:00:00+10:00,demand_energy,3.9156,MWh
7055,VIC1,2025-10-20 03:00:00+10:00,demand_energy,3.9779,MWh
7056,VIC1,2025-10-20 04:00:00+10:00,demand_energy,4.197,MWh
7057,VIC1,2025-10-20 05:00:00+10:00,demand_energy,4.7111,MWh
7058,VIC1,2025-10-20 06:00:00+10:00,demand_energy,5.3853,MWh
7059,VIC1,2025-10-20 07:00:00+10:00,demand_energy,5.5871,MWh
7060,VIC1,2025-10-20 08:00:00+10:00,demand_energy,5.5682,MWh
7061,VIC1,2025-10-20 09:00:00+10:00,demand_energy,5.6222,MWh
7062,VIC1,2025-10-20 10:00:00+10:00,demand_energy,5.583,MWh
7063,VIC1,2025-10-20 11:00:00+10:00,demand_energy,5.3863,MWh
7064,VIC1,2025-10-20 12:00:00+10:00,demand_energy,5.3338,MWh
7065,VIC1,2025-10-20 13:00:00+10:00,demand_energy,4.8437,MWh
7066,VIC1,2025-10-20 14:00:00+10:00,demand_energy,4.4518,MWh
7067,VIC1,2025-10-20 15:00:00+10:00,demand_energy,4.2981,MWh
7068,VIC1,2025-10-20 16:00:00+10:00,demand_energy,4.7316,MWh
7069,VIC1,2025-10-20 17:00:00+10:00,demand_energy,5.3762,MWh
7070,VIC1,2025-10-20 18:00:00+10:00,demand_energy,5.2657,MWh
7071,VIC1,2025-10-20 19:00:00+10:00,demand_energy,5.5762,MWh
7072,VIC1,2025-10-20 20:00:00+10:00,demand_energy,5.4266,MWh
7073,VIC1,2025-10-20 21:00:00+10:00,demand_energy,5.1039,MWh
7074,VIC1,2025-10-20 22:00:00+10:00,demand_energy,4.785,MWh
7075,VIC1,2025-10-20 23:00:00+10:00,demand_energy,4.8169,MWh
7076,VIC1,2025-10-21 00:00:00+10:00,demand_energy,4.6307,MWh
7077,VIC1,2025-10-21 01:00:00+10:00,demand_energy,4.4535,MWh
7078,VIC1,2025-10-21 02:00:00+10:00,demand_energy,4.3524,MWh
7079,VIC1,2025-10-21 03:00:00+10:00,demand_energy,4.377,MWh
7080,VIC1,2025-10-21 04:00:00+10:00,demand_energy,4.6308,MWh
7081,VIC1,2025-10-21 05:00:00+10:00,demand_energy,5.2383,MWh
7082,VIC1,2025-10-21 06:00:00+10:00,demand_energy,5.7882,MWh
7083,VIC1,2025-10-21 07:00:00+10:00,demand_energy,5.3216,MWh
7084,VIC1,2025-10-21 08:00:00+10:00,demand_energy,4.2959,MWh
7085,VIC1,2025-10-21 09:00:00+10:00,demand_energy,3.536,MWh
7086,VIC1,2025-10-21 10:00:00+10:00,demand_energy,3.1876,MWh
7087,VIC1,2025-10-21 11:00:00+10:00,demand_energy,3.048,MWh
7088,VIC1,2025-10-21 12:00:00+10:00,demand_energy,3.3609,MWh
7089,VIC1,2025-10-21 13:00:00+10:00,demand_energy,3.3534,MWh
7090,VIC1,2025-10-21 14:00:00+10:00,demand_energy,4.1691,MWh
7091,VIC1,2025-10-21 15:00:00+10:00,demand_energy,4.882,MWh
7092,VIC1,2025-10-21 16:00:00+10:00,demand_energy,5.2076,MWh
7093,VIC1,2025-10-21 17:00:00+10:00,demand_energy,5.5291,MWh
7094,VIC1,2025-10-21 18:00:00+10:00,demand_energy,5.1377,MWh
7095,VIC1,2025-10-21 19:00:00+10:00,demand_energy,5.5733,MWh
7096,VIC1,2025-10-21 20:00:00+10:00,demand_energy,5.1948,MWh
7097,VIC1,2025-10-21 21:00:00+10:00,demand_energy,4.8005,MWh
7098,VIC1,2025-10-21 22:00:00+10:00,demand_energy,4.5462,MWh
7099,VIC1,2025-10-21 23:00:00+10:00,demand_energy,4.628,MWh
7100,VIC1,2025-10-22 00:00:00+10:00,demand_energy,4.3846,MWh
7101,VIC1,2025-10-22 01:00:00+10:00,demand_energy,4.1343,MWh
7102,VIC1,2025-10-22 02:00:00+10:00,demand_energy,3.9125,MWh
7103,VIC1,2025-10-22 03:00:00+10:00,demand_energy,3.8365,MWh
7104,VIC1,2025-10-22 04:00:00+10:00,demand_energy,4.065,MWh
7105,VIC1,2025-10-22 05:00:00+10:00,demand_energy,4.586,MWh
7106,VIC1,2025-10-22 06:00:00+10:00,demand_energy,5.3318,MWh
7107,VIC1,2025-10-22 07:00:00+10:00,demand_energy,5.5774,MWh
7108,VIC1,2025-10-22 08:00:00+10:00,demand_energy,5.5883,MWh
7109,VIC1,2025-10-22 09:00:00+10:00,demand_energy,5.4935,MWh
7110,VIC1,2025-10-22 10:00:00+10:00,demand_energy,5.3026,MWh
7111,VIC1,2025-10-22 11:00:00+10:00,demand_energy,4.4862,MWh
7112,VIC1,2025-10-22 12:00:00+10:00,demand_energy,3.4642,MWh
7113,VIC1,2025-10-22 13:00:00+10:00,demand_energy,3.711,MWh
7114,VIC1,2025-10-22 14:00:00+10:00,demand_energy,4.3123,MWh
7115,VIC1,2025-10-22 15:00:00+10:00,demand_energy,4.5306,MWh
7116,VIC1,2025-10-22 16:00:00+10:00,demand_energy,4.9942,MWh
7117,VIC1,2025-10-22 17:00:00+10:00,demand_energy,5.312,MWh
7118,VIC1,2025-10-22 18:00:00+10:00,demand_energy,5.6966,MWh
7119,VIC1,2025-10-22 19:00:00+10:00,demand_energy,5.7057,MWh
7120,VIC1,2025-10-22 20:00:00+10:00,demand_energy,5.3734,MWh
7121,VIC1,2025-10-22 21:00:00+10:00,demand_energy,4.9711,MWh
7122,VIC1,2025-10-22 22:00:00+10:00,demand_energy,4.6457,MWh
7123,VIC1,2025-10-22 23:00:00+10:00,demand_energy,4.7317,MWh
7124,VIC1,2025-10-23 00:00:00+10:00,demand_energy,4.5941,MWh
7125,VIC1,2025-10-23 01:00:00+10:00,demand_energy,4.3589,MWh
7126,VIC1,2025-10-23 02:00:00+10:00,demand_energy,4.2635,MWh
7127,VIC1,2025-10-23 03:00:00+10:00,demand_energy,4.2697,MWh
7128,VIC1,2025-10-23 04:00:00+10:00,demand_energy,4.5114,MWh
7129,VIC1,2025-10-23 05:00:00+10:00,demand_energy,5.0966,MWh
7130,VIC1,2025-10-23 06:00:00+10:00,demand_energy,5.8489,MWh
7131,VIC1,2025-10-23 07:00:00+10:00,demand_energy,5.8133,MWh
7132,VIC1,2025-10-23 08:00:00+10:00,demand_energy,5.3806,MWh
7133,VIC1,2025-10-23 09:00:00+10:00,demand_energy,4.9309,MWh
7134,VIC1,2025-10-23 10:00:00+10:00,demand_energy,4.4034,MWh
7135,VIC1,2025-10-23 11:00:00+10:00,demand_energy,3.677,MWh
7136,VIC1,2025-10-23 12:00:00+10:00,demand_energy,3.3569,MWh
7137,VIC1,2025-10-23 13:00:00+10:00,demand_energy,3.1296,MWh
7138,VIC1,2025-10-23 14:00:00+10:00,demand_energy,3.2831,MWh
7139,VIC1,2025-10-23 15:00:00+10:00,demand_energy,4.0561,MWh
7140,VIC1,2025-10-23 16:00:00+10:00,demand_energy,4.8164,MWh
7141,VIC1,2025-10-23 17:00:00+10:00,demand_energy,5.2409,MWh
7142,VIC1,2025-10-23 18:00:00+10:00,demand_energy,5.5828,MWh
7143,VIC1,2025-10-23 19:00:00+10:00,demand_energy,5.7834,MWh
7144,VIC1,2025-10-23 20:00:00+10:00,demand_energy,5.5457,MWh
7145,VIC1,2025-10-23 21:00:00+10:00,demand_energy,5.1424,MWh
7146,VIC1,2025-10-23 22:00:00+10:00,demand_energy,4.804,MWh
7147,VIC1,2025-10-23 23:00:00+10:00,demand_energy,4.8588,MWh
7148,VIC1,2025-10-24 00:00:00+10:00,demand_energy,4.6921,MWh
7149,VIC1,2025-10-24 01:00:00+10:00,demand_energy,4.4855,MWh
7150,VIC1,2025-10-24 02:00:00+10:00,demand_energy,4.3288,MWh
7151,VIC1,2025-10-24 03:00:00+10:00,demand_energy,4.3219,MWh
7152,VIC1,2025-10-24 04:00:00+10:00,demand_energy,4.5907,MWh
7153,VIC1,2025-10-24 05:00:00+10:00,demand_energy,5.189,MWh
7154,VIC1,2025-10-24 06:00:00+10:00,demand_energy,5.7372,MWh
7155,VIC1,2025-10-24 07:00:00+10:00,demand_energy,5.4546,MWh
7156,VIC1,2025-10-24 08:00:00+10:00,demand_energy,4.8896,MWh
7157,VIC1,2025-10-24 09:00:00+10:00,demand_energy,4.5153,MWh
7158,VIC1,2025-10-24 10:00:00+10:00,demand_energy,4.2585,MWh
7159,VIC1,2025-10-24 11:00:00+10:00,demand_energy,3.8287,MWh
7160,VIC1,2025-10-24 12:00:00+10:00,demand_energy,3.6579,MWh
7161,VIC1,2025-10-24 13:00:00+10:00,demand_energy,3.5243,MWh
7162,VIC1,2025-10-24 14:00:00+10:00,demand_energy,3.4114,MWh
7163,VIC1,2025-10-24 15:00:00+10:00,demand_energy,3.7332,MWh
7164,VIC1,2025-10-24 16:00:00+10:00,demand_energy,4.5173,MWh
7165,VIC1,2025-10-24 17:00:00+10:00,demand_energy,5.0873,MWh
7166,VIC1,2025-10-24 18:00:00+10:00,demand_energy,5.481,MWh
7167,VIC1,2025-10-24 19:00:00+10:00,demand_energy,5.6894,MWh
7168,VIC1,2025-10-24 20:00:00+10:00,demand_energy,5.5256,MWh
7169,VIC1,2025-10-24 21:00:00+10:00,demand_energy,5.2058,MWh
7170,VIC1,2025-10-24 22:00:00+10:00,demand_energy,4.8983,MWh
7171,VIC1,2025-10-24 23:00:00+10:00,demand_energy,4.8675,MWh
7172,VIC1,2025-10-25 00:00:00+10:00,demand_energy,4.6733,MWh
7173,VIC1,2025-10-25 01:00:00+10:00,demand_energy,4.4501,MWh
7174,VIC1,2025-10-25 02:00:00+10:00,demand_energy,4.2835,MWh
7175,VIC1,2025-10-25 03:00:00+10:00,demand_energy,4.2774,MWh
7176,VIC1,2025-10-25 04:00:00+10:00,demand_energy,4.3407,MWh
7177,VIC1,2025-10-25 05:00:00+10:00,demand_energy,4.5825,MWh
7178,VIC1,2025-10-25 06:00:00+10:00,demand_energy,4.6123,MWh
7179,VIC1,2025-10-25 07:00:00+10:00,demand_energy,4.3094,MWh
7180,VIC1,2025-10-25 08:00:00+10:00,demand_energy,3.845,MWh
7181,VIC1,2025-10-25 09:00:00+10:00,demand_energy,3.5636,MWh
7182,VIC1,2025-10-25 10:00:00+10:00,demand_energy,3.8174,MWh
7183,VIC1,2025-10-25 11:00:00+10:00,demand_energy,3.9151,MWh
7184,VIC1,2025-10-25 12:00:00+10:00,demand_energy,3.6477,MWh
7185,VIC1,2025-10-25 13:00:00+10:00,demand_energy,4.0447,MWh
7186,VIC1,2025-10-25 14:00:00+10:00,demand_energy,4.3099,MWh
7187,VIC1,2025-10-25 15:00:00+10:00,demand_energy,4.8261,MWh
7188,VIC1,2025-10-25 16:00:00+10:00,demand_energy,5.073,MWh
7189,VIC1,2025-10-25 17:00:00+10:00,demand_energy,5.2376,MWh
7190,VIC1,2025-10-25 18:00:00+10:00,demand_energy,5.3056,MWh
7191,VIC1,2025-10-25 19:00:00+10:00,demand_energy,5.2848,MWh
7192,VIC1,2025-10-25 20:00:00+10:00,demand_energy,5.0865,MWh
7193,VIC1,2025-10-25 21:00:00+10:00,demand_energy,4.852,MWh
7194,VIC1,2025-10-25 22:00:00+10:00,demand_energy,4.4948,MWh
7195,VIC1,2025-10-25 23:00:00+10:00,demand_energy,4.5607,MWh
7196,VIC1,2025-10-26 00:00:00+10:00,demand_energy,4.365,MWh
7197,VIC1,2025-10-26 01:00:00+10:00,demand_energy,4.1677,MWh
7198,VIC1,2025-10-26 02:00:00+10:00,demand_energy,3.9695,MWh
7199,VIC1,2025-10-26 03:00:00+10:00,demand_energy,3.8901,MWh
7200,VIC1,2025-10-26 04:00:00+10:00,demand_energy,3.9451,MWh
7201,VIC1,2025-10-26 05:00:00+10:00,demand_energy,4.0818,MWh
7202,VIC1,2025-10-26 06:00:00+10:00,demand_energy,4.2258,MWh
7203,VIC1,2025-10-26 07:00:00+10:00,demand_energy,4.2356,MWh
7204,VIC1,2025-10-26 08:00:00+10:00,demand_energy,4.4383,MWh
7205,VIC1,2025-10-26 09:00:00+10:00,demand_energy,4.9082,MWh
7206,VIC1,2025-10-26 10:00:00+10:00,demand_energy,5.2996,MWh
7207,VIC1,2025-10-26 11:00:00+10:00,demand_energy,5.401,MWh
7208,VIC1,2025-10-26 12:00:00+10:00,demand_energy,5.082,MWh
7209,VIC1,2025-10-26 13:00:00+10:00,demand_energy,4.2495,MWh
7210,VIC1,2025-10-26 14:00:00+10:00,demand_energy,3.6159,MWh
7211,VIC1,2025-10-26 15:00:00+10:00,demand_energy,4.3859,MWh
7212,VIC1,2025-10-26 16:00:00+10:00,demand_energy,4.4953,MWh
7213,VIC1,2025-10-26 17:00:00+10:00,demand_energy,4.777,MWh
7214,VIC1,2025-10-26 18:00:00+10:00,demand_energy,5.1577,MWh
7215,VIC1,2025-10-26 19:00:00+10:00,demand_energy,5.2821,MWh
7216,VIC1,2025-10-26 20:00:00+10:00,demand_energy,5.0421,MWh
7217,VIC1,2025-10-26 21:00:00+10:00,demand_energy,4.619,MWh
7218,VIC1,2025-10-26 22:00:00+10:00,demand_energy,4.3234,MWh
7219,VIC1,2025-10-26 23:00:00+10:00,demand_energy,4.3526,MWh
7220,VIC1,2025-10-27 00:00:00+10:00,demand_energy,4.1991,MWh
7221,VIC1,2025-10-27 01:00:00+10:00,demand_energy,3.9036,MWh
7222,VIC1,2025-10-27 02:00:00+10:00,demand_energy,3.7915,MWh
7223,VIC1,2025-10-27 03:00:00+10:00,demand_energy,3.7969,MWh
7224,VIC1,2025-10-27 04:00:00+10:00,demand_energy,4.0668,MWh
7225,VIC1,2025-10-27 05:00:00+10:00,demand_energy,4.8227,MWh
7226,VIC1,2025-10-27 06:00:00+10:00,demand_energy,5.6341,MWh
7227,VIC1,2025-10-27 07:00:00+10:00,demand_energy,5.727,MWh
7228,VIC1,2025-10-27 08:00:00+10:00,demand_energy,5.492,MWh
7229,VIC1,2025-10-27 09:00:00+10:00,demand_energy,4.9544,MWh
7230,VIC1,2025-10-27 10:00:00+10:00,demand_energy,4.7353,MWh
7231,VIC1,2025-10-27 11:00:00+10:00,demand_energy,4.4602,MWh
7232,VIC1,2025-10-27 12:00:00+10:00,demand_energy,3.8808,MWh
7233,VIC1,2025-10-27 13:00:00+10:00,demand_energy,3.3936,MWh
7234,VIC1,2025-10-27 14:00:00+10:00,demand_energy,3.2385,MWh
7235,VIC1,2025-10-27 15:00:00+10:00,demand_energy,3.56,MWh
7236,VIC1,2025-10-27 16:00:00+10:00,demand_energy,4.2671,MWh
7237,VIC1,2025-10-27 17:00:00+10:00,demand_energy,5.1779,MWh
7238,VIC1,2025-10-27 18:00:00+10:00,demand_energy,5.8966,MWh
7239,VIC1,2025-10-27 19:00:00+10:00,demand_energy,6.2207,MWh
7240,VIC1,2025-10-27 20:00:00+10:00,demand_energy,5.9427,MWh
7241,VIC1,2025-10-27 21:00:00+10:00,demand_energy,5.4396,MWh
7242,VIC1,2025-10-27 22:00:00+10:00,demand_energy,4.9799,MWh
7243,VIC1,2025-10-27 23:00:00+10:00,demand_energy,4.9544,MWh
7244,VIC1,2025-10-28 00:00:00+10:00,demand_energy,4.797,MWh
7245,VIC1,2025-10-28 01:00:00+10:00,demand_energy,4.5352,MWh
7246,VIC1,2025-10-28 02:00:00+10:00,demand_energy,4.3591,MWh
7247,VIC1,2025-10-28 03:00:00+10:00,demand_energy,4.411,MWh
7248,VIC1,2025-10-28 04:00:00+10:00,demand_energy,3.9358,MWh
7249,VIC1,2025-10-28 05:00:00+10:00,demand_energy,5.5168,MWh
7250,VIC1,2025-10-28 06:00:00+10:00,demand_energy,5.476,MWh
7251,VIC1,2025-10-28 07:00:00+10:00,demand_energy,1.4138,MWh
7252,VIC1,2025-10-28 08:00:00+10:00,demand_energy,3.622,MWh
7253,VIC1,2025-10-28 09:00:00+10:00,demand_energy,3.4524,MWh
7254,VIC1,2025-10-28 10:00:00+10:00,demand_energy,2.9218,MWh
7255,VIC1,2025-10-28 11:00:00+10:00,demand_energy,2.5237,MWh
7256,VIC1,2025-10-28 12:00:00+10:00,demand_energy,2.1611,MWh
7257,VIC1,2025-10-28 13:00:00+10:00,demand_energy,2.2973,MWh
7258,VIC1,2025-10-28 14:00:00+10:00,demand_energy,2.5363,MWh
7259,VIC1,2025-10-28 15:00:00+10:00,demand_energy,3.0625,MWh
7260,VIC1,2025-10-28 16:00:00+10:00,demand_energy,3.9821,MWh
7261,VIC1,2025-10-28 17:00:00+10:00,demand_energy,4.8695,MWh
7262,VIC1,2025-10-28 18:00:00+10:00,demand_energy,5.4632,MWh
7263,VIC1,2025-10-28 19:00:00+10:00,demand_energy,5.7176,MWh
7264,VIC1,2025-10-28 20:00:00+10:00,demand_energy,5.569,MWh
7265,VIC1,2025-10-28 21:00:00+10:00,demand_energy,5.1637,MWh
7266,VIC1,2025-10-28 22:00:00+10:00,demand_energy,4.8199,MWh
7267,VIC1,2025-10-28 23:00:00+10:00,demand_energy,4.8697,MWh
7268,VIC1,2025-10-29 00:00:00+10:00,demand_energy,4.7097,MWh
7269,VIC1,2025-10-29 01:00:00+10:00,demand_energy,4.5287,MWh
7270,VIC1,2025-10-29 02:00:00+10:00,demand_energy,4.4167,MWh
7271,VIC1,2025-10-29 03:00:00+10:00,demand_energy,4.4999,MWh
7272,VIC1,2025-10-29 04:00:00+10:00,demand_energy,4.7889,MWh
7273,VIC1,2025-10-29 05:00:00+10:00,demand_energy,5.4697,MWh
7274,VIC1,2025-10-29 06:00:00+10:00,demand_energy,5.4989,MWh
7275,VIC1,2025-10-29 07:00:00+10:00,demand_energy,5.267,MWh
7276,VIC1,2025-10-29 08:00:00+10:00,demand_energy,4.1658,MWh
7277,VIC1,2025-10-29 09:00:00+10:00,demand_energy,3.3209,MWh
7278,VIC1,2025-10-29 10:00:00+10:00,demand_energy,2.7769,MWh
7279,VIC1,2025-10-29 11:00:00+10:00,demand_energy,2.5663,MWh
7280,VIC1,2025-10-29 12:00:00+10:00,demand_energy,2.5821,MWh
7281,VIC1,2025-10-29 13:00:00+10:00,demand_energy,2.5969,MWh
7282,VIC1,2025-10-29 14:00:00+10:00,demand_energy,2.74,MWh
7283,VIC1,2025-10-29 15:00:00+10:00,demand_energy,3.2038,MWh
7284,VIC1,2025-10-29 16:00:00+10:00,demand_energy,4.0779,MWh
7285,VIC1,2025-10-29 17:00:00+10:00,demand_energy,4.8957,MWh
7286,VIC1,2025-10-29 18:00:00+10:00,demand_energy,4.9933,MWh
7287,VIC1,2025-10-29 19:00:00+10:00,demand_energy,5.5858,MWh
7288,VIC1,2025-10-29 20:00:00+10:00,demand_energy,5.3187,MWh
7289,VIC1,2025-10-29 21:00:00+10:00,demand_energy,4.9518,MWh
7290,VIC1,2025-10-29 22:00:00+10:00,demand_energy,4.639,MWh
7291,VIC1,2025-10-29 23:00:00+10:00,demand_energy,4.6096,MWh
7292,VIC1,2025-10-30 00:00:00+10:00,demand_energy,4.4486,MWh
7293,VIC1,2025-10-30 01:00:00+10:00,demand_energy,4.2543,MWh
7294,VIC1,2025-10-30 02:00:00+10:00,demand_energy,4.1178,MWh
7295,VIC1,2025-10-30 03:00:00+10:00,demand_energy,4.121,MWh
7296,VIC1,2025-10-30 04:00:00+10:00,demand_energy,4.3871,MWh
7297,VIC1,2025-10-30 05:00:00+10:00,demand_energy,5.0121,MWh
7298,VIC1,2025-10-30 06:00:00+10:00,demand_energy,5.4529,MWh
7299,VIC1,2025-10-30 07:00:00+10:00,demand_energy,4.8106,MWh
7300,VIC1,2025-10-30 08:00:00+10:00,demand_energy,3.9298,MWh
7301,VIC1,2025-10-30 09:00:00+10:00,demand_energy,3.1345,MWh
7302,VIC1,2025-10-30 10:00:00+10:00,demand_energy,2.6835,MWh
7303,VIC1,2025-10-30 11:00:00+10:00,demand_energy,2.2138,MWh
7304,VIC1,2025-10-30 12:00:00+10:00,demand_energy,2.7607,MWh
7305,VIC1,2025-10-30 13:00:00+10:00,demand_energy,3.1559,MWh
7306,VIC1,2025-10-30 14:00:00+10:00,demand_energy,3.3496,MWh
7307,VIC1,2025-10-30 15:00:00+10:00,demand_energy,3.7338,MWh
7308,VIC1,2025-10-30 16:00:00+10:00,demand_energy,4.5371,MWh
7309,VIC1,2025-10-30 17:00:00+10:00,demand_energy,5.1743,MWh
7310,VIC1,2025-10-30 18:00:00+10:00,demand_energy,5.5145,MWh
7311,VIC1,2025-10-30 19:00:00+10:00,demand_energy,5.5326,MWh
7312,VIC1,2025-10-30 20:00:00+10:00,demand_energy,5.2566,MWh
7313,VIC1,2025-10-30 21:00:00+10:00,demand_energy,4.8562,MWh
7314,VIC1,2025-10-30 22:00:00+10:00,demand_energy,4.5457,MWh
7315,VIC1,2025-10-30 23:00:00+10:00,demand_energy,4.5555,MWh
7316,VIC1,2025-10-31 00:00:00+10:00,demand_energy,4.4197,MWh
7317,VIC1,2025-10-31 01:00:00+10:00,demand_energy,4.2519,MWh
7318,VIC1,2025-10-31 02:00:00+10:00,demand_energy,4.0667,MWh
7319,VIC1,2025-10-31 03:00:00+10:00,demand_energy,4.1413,MWh
7320,VIC1,2025-10-31 04:00:00+10:00,demand_energy,4.3744,MWh
7321,VIC1,2025-10-31 05:00:00+10:00,demand_energy,4.8301,MWh
7322,VIC1,2025-10-31 06:00:00+10:00,demand_energy,5.3021,MWh
7323,VIC1,2025-10-31 07:00:00+10:00,demand_energy,5.3612,MWh
7324,VIC1,2025-10-31 08:00:00+10:00,demand_energy,5.4589,MWh
7325,VIC1,2025-10-31 09:00:00+10:00,demand_energy,5.4191,MWh
7326,VIC1,2025-10-31 10:00:00+10:00,demand_energy,5.3634,MWh
7327,VIC1,2025-10-31 11:00:00+10:00,demand_energy,4.9796,MWh
7328,VIC1,2025-10-31 12:00:00+10:00,demand_energy,4.8699,MWh
7329,VIC1,2025-10-31 13:00:00+10:00,demand_energy,4.348,MWh
7330,VIC1,2025-10-31 14:00:00+10:00,demand_energy,4.202,MWh
7331,VIC1,2025-10-31 15:00:00+10:00,demand_energy,4.6721,MWh
7332,VIC1,2025-10-31 16:00:00+10:00,demand_energy,5.1025,MWh
7333,VIC1,2025-10-31 17:00:00+10:00,demand_energy,5.3838,MWh
7334,VIC1,2025-10-31 18:00:00+10:00,demand_energy,5.4642,MWh
7335,VIC1,2025-10-31 19:00:00+10:00,demand_energy,5.486,MWh
7336,VIC1,2025-10-31 20:00:00+10:00,demand_energy,5.2898,MWh
7337,VIC1,2025-10-31 21:00:00+10:00,demand_energy,4.9818,MWh
7338,VIC1,2025-10-31 22:00:00+10:00,demand_energy,4.6722,MWh
7339,VIC1,2025-10-31 23:00:00+10:00,demand_energy,4.7378,MWh
7340,VIC1,2025-11-01 00:00:00+10:00,demand_energy,4.536,MWh
7341,VIC1,2025-11-01 01:00:00+10:00,demand_energy,4.3206,MWh
7342,VIC1,2025-11-01 02:00:00+10:00,demand_energy,4.135,MWh
7343,VIC1,2025-11-01 03:00:00+10:00,demand_energy,4.0921,MWh
7344,VIC1,2025-11-01 04:00:00+10:00,demand_energy,4.1339,MWh
7345,VIC1,2025-11-01 05:00:00+10:00,demand_energy,4.3158,MWh
7346,VIC1,2025-11-01 06:00:00+10:00,demand_energy,4.3891,MWh
7347,VIC1,2025-11-01 07:00:00+10:00,demand_energy,3.899,MWh
7348,VIC1,2025-11-01 08:00:00+10:00,demand_energy,3.782,MWh
7349,VIC1,2025-11-01 09:00:00+10:00,demand_energy,3.0343,MWh
7350,VIC1,2025-11-01 10:00:00+10:00,demand_energy,2.4549,MWh
7351,VIC1,2025-11-01 11:00:00+10:00,demand_energy,2.074,MWh
7352,VIC1,2025-11-01 12:00:00+10:00,demand_energy,1.7718,MWh
7353,VIC1,2025-11-01 13:00:00+10:00,demand_energy,1.8473,MWh
7354,VIC1,2025-11-01 14:00:00+10:00,demand_energy,2.1365,MWh
7355,VIC1,2025-11-01 15:00:00+10:00,demand_energy,2.7825,MWh
7356,VIC1,2025-11-01 16:00:00+10:00,demand_energy,3.5853,MWh
7357,VIC1,2025-11-01 17:00:00+10:00,demand_energy,4.4813,MWh
7358,VIC1,2025-11-01 18:00:00+10:00,demand_energy,5.0074,MWh
7359,VIC1,2025-11-01 19:00:00+10:00,demand_energy,5.0863,MWh
7360,VIC1,2025-11-01 20:00:00+10:00,demand_energy,4.9067,MWh
7361,VIC1,2025-11-01 21:00:00+10:00,demand_energy,4.6522,MWh
7362,VIC1,2025-11-01 22:00:00+10:00,demand_energy,4.469,MWh
7363,VIC1,2025-11-01 23:00:00+10:00,demand_energy,4.5159,MWh
7364,VIC1,2025-11-02 00:00:00+10:00,demand_energy,4.2886,MWh
7365,VIC1,2025-11-02 01:00:00+10:00,demand_energy,4.0643,MWh
7366,VIC1,2025-11-02 02:00:00+10:00,demand_energy,3.8662,MWh
7367,VIC1,2025-11-02 03:00:00+10:00,demand_energy,3.808,MWh
7368,VIC1,2025-11-02 04:00:00+10:00,demand_energy,3.8397,MWh
7369,VIC1,2025-11-02 05:00:00+10:00,demand_energy,3.7688,MWh
7370,VIC1,2025-11-02 06:00:00+10:00,demand_energy,3.6721,MWh
7371,VIC1,2025-11-02 07:00:00+10:00,demand_energy,3.1703,MWh
7372,VIC1,2025-11-02 08:00:00+10:00,demand_energy,2.6167,MWh
7373,VIC1,2025-11-02 09:00:00+10:00,demand_energy,2.4991,MWh
7374,VIC1,2025-11-02 10:00:00+10:00,demand_energy,2.3607,MWh
7375,VIC1,2025-11-02 11:00:00+10:00,demand_energy,2.3426,MWh
7376,VIC1,2025-11-02 12:00:00+10:00,demand_energy,2.3217,MWh
7377,VIC1,2025-11-02 13:00:00+10:00,demand_energy,2.5396,MWh
7378,VIC1,2025-11-02 14:00:00+10:00,demand_energy,2.9053,MWh
7379,VIC1,2025-11-02 15:00:00+10:00,demand_energy,3.6953,MWh
7380,VIC1,2025-11-02 16:00:00+10:00,demand_energy,4.7086,MWh
7381,VIC1,2025-11-02 17:00:00+10:00,demand_energy,5.6815,MWh
7382,VIC1,2025-11-02 18:00:00+10:00,demand_energy,5.651,MWh
7383,VIC1,2025-11-02 19:00:00+10:00,demand_energy,5.5652,MWh
7384,VIC1,2025-11-02 20:00:00+10:00,demand_energy,5.2094,MWh
7385,VIC1,2025-11-02 21:00:00+10:00,demand_energy,4.7908,MWh
7386,VIC1,2025-11-02 22:00:00+10:00,demand_energy,4.514,MWh
7387,VIC1,2025-11-02 23:00:00+10:00,demand_energy,4.4882,MWh
7388,VIC1,2025-11-03 00:00:00+10:00,demand_energy,4.2841,MWh
7389,VIC1,2025-11-03 01:00:00+10:00,demand_energy,4.1047,MWh
7390,VIC1,2025-11-03 02:00:00+10:00,demand_energy,3.9403,MWh
7391,VIC1,2025-11-03 03:00:00+10:00,demand_energy,3.9623,MWh
7392,VIC1,2025-11-03 04:00:00+10:00,demand_energy,4.08,MWh
7393,VIC1,2025-11-03 05:00:00+10:00,demand_energy,4.3935,MWh
7394,VIC1,2025-11-03 06:00:00+10:00,demand_energy,4.8699,MWh
7395,VIC1,2025-11-03 07:00:00+10:00,demand_energy,5.1791,MWh
7396,VIC1,2025-11-03 08:00:00+10:00,demand_energy,5.393,MWh
7397,VIC1,2025-11-03 09:00:00+10:00,demand_energy,5.4424,MWh
7398,VIC1,2025-11-03 10:00:00+10:00,demand_energy,5.4634,MWh
7399,VIC1,2025-11-03 11:00:00+10:00,demand_energy,5.347,MWh
7400,VIC1,2025-11-03 12:00:00+10:00,demand_energy,5.2277,MWh
7401,VIC1,2025-11-03 13:00:00+10:00,demand_energy,5.025,MWh
7402,VIC1,2025-11-03 14:00:00+10:00,demand_energy,4.9684,MWh
7403,VIC1,2025-11-03 15:00:00+10:00,demand_energy,5.0274,MWh
7404,VIC1,2025-11-03 16:00:00+10:00,demand_energy,5.2299,MWh
7405,VIC1,2025-11-03 17:00:00+10:00,demand_energy,5.7672,MWh
7406,VIC1,2025-11-03 18:00:00+10:00,demand_energy,5.8283,MWh
7407,VIC1,2025-11-03 19:00:00+10:00,demand_energy,5.7486,MWh
7408,VIC1,2025-11-03 20:00:00+10:00,demand_energy,5.4641,MWh
7409,VIC1,2025-11-03 21:00:00+10:00,demand_energy,5.1437,MWh
7410,VIC1,2025-11-03 22:00:00+10:00,demand_energy,4.8485,MWh
7411,VIC1,2025-11-03 23:00:00+10:00,demand_energy,4.8652,MWh
7412,VIC1,2025-11-04 00:00:00+10:00,demand_energy,4.6554,MWh
7413,VIC1,2025-11-04 01:00:00+10:00,demand_energy,4.3718,MWh
7414,VIC1,2025-11-04 02:00:00+10:00,demand_energy,4.2247,MWh
7415,VIC1,2025-11-04 03:00:00+10:00,demand_energy,4.1397,MWh
7416,VIC1,2025-11-04 04:00:00+10:00,demand_energy,4.1764,MWh
7417,VIC1,2025-11-04 05:00:00+10:00,demand_energy,4.394,MWh
7418,VIC1,2025-11-04 06:00:00+10:00,demand_energy,4.5869,MWh
7419,VIC1,2025-11-04 07:00:00+10:00,demand_energy,4.374,MWh
7420,VIC1,2025-11-04 08:00:00+10:00,demand_energy,3.8956,MWh
7421,VIC1,2025-11-04 09:00:00+10:00,demand_energy,3.9416,MWh
7422,VIC1,2025-11-04 10:00:00+10:00,demand_energy,3.3692,MWh
7423,VIC1,2025-11-04 11:00:00+10:00,demand_energy,3.104,MWh
7424,VIC1,2025-11-04 12:00:00+10:00,demand_energy,2.938,MWh
7425,VIC1,2025-11-04 13:00:00+10:00,demand_energy,3.5019,MWh
7426,VIC1,2025-11-04 14:00:00+10:00,demand_energy,3.7712,MWh
7427,VIC1,2025-11-04 15:00:00+10:00,demand_energy,3.9346,MWh
7428,VIC1,2025-11-04 16:00:00+10:00,demand_energy,4.4687,MWh
7429,VIC1,2025-11-04 17:00:00+10:00,demand_energy,2.0752,MWh
